{
    "data": [
        {
            "id": 1458301506698,
            "text": "measuring stress levels",
            "url": "https://www.google.co.uk/webhp?sourceid=chrome-instant&ion=1&espv=2&ie=UTF-8#q=measuring%20stress%20levels",
            "type": "search",
            "time": "2016-03-18T11:45:06.698Z",
            "endTime": "2016-03-18T11:45:23.798Z",
            "favIconUrl": "https://www.google.co.uk/images/branding/product/ico/googleg_lodp.ico",
            "image": "1458301506698.png",
            "seen": true
        },
        {
            "id": 1458301555804,
            "text": "stress measured by wearable",
            "url": "https://www.google.co.uk/webhp?sourceid=chrome-instant&ion=1&espv=2&ie=UTF-8#q=stress%20measured%20by%20wearable",
            "type": "search",
            "time": "2016-03-18T11:45:55.804Z",
            "endTime": "2016-03-18T11:46:05.797Z",
            "favIconUrl": "https://www.google.co.uk/images/branding/product/ico/googleg_lodp.ico",
            "image": "1458301555804.png",
            "seen": true
        },
        {
            "id": 1458301566682,
            "text": "stress measuring  wearable",
            "url": "https://www.google.co.uk/webhp?sourceid=chrome-instant&ion=1&espv=2&ie=UTF-8#q=stress+measuring++wearable",
            "type": "search",
            "time": "2016-03-18T11:46:06.682Z",
            "endTime": "2016-03-18T11:47:12.244Z",
            "favIconUrl": "https://www.google.co.uk/images/branding/product/ico/googleg_lodp.ico",
            "image": "1458301566682.png",
            "seen": true
        },
        {
            "id": 1458301569142,
            "text": "Can Wearable Tech Measure Our Stress And Calm Us Down? | Co.Exist | ideas + impact",
            "url": "http://www.fastcoexist.com/3046996/can-wearable-tech-measure-our-stress-and-calm-us-down-no-ones-cracked-the-code-yet",
            "type": "link",
            "time": "2016-03-18T11:46:09.142Z",
            "endTime": "2016-03-18T12:04:40.801Z",
            "favIconUrl": "http://www.fastcoexist.com/favicon.ico",
            "image": "1458301569142.png",
            "seen": true
        },
        {
            "id": 1458301581549,
            "text": "Spire - Wearable activity and respiration tracking for a healthy body and mind.",
            "url": "https://www.spire.io/",
            "type": "link",
            "time": "2016-03-18T11:46:21.549Z",
            "endTime": "2016-03-18T11:47:45.799Z",
            "favIconUrl": "https://www.spire.io/assets/favicon-23141461b2a4c05e5380656772e49ae8.png",
            "image": "1458301581549.png",
            "from": 1458301566682,
            "seen": true
        },
        {
            "id": 1458301586274,
            "text": "measuring stress levels",
            "url": "https://www.google.co.uk/webhp?sourceid=chrome-instant&ion=1&espv=2&ie=UTF-8#q=measuring%20stress%20levels",
            "type": "revisit",
            "time": "2016-03-18T11:46:26.274Z",
            "endTime": "2016-03-18T11:46:41.798Z",
            "favIconUrl": "https://www.google.co.uk/images/branding/product/ico/googleg_lodp.ico"
        },
        {
            "id": 1458301602578,
            "text": "wearables that can measure stress",
            "url": "https://www.google.co.uk/webhp?sourceid=chrome-instant&ion=1&espv=2&ie=UTF-8#q=wearables+that+can+measure+stress",
            "type": "search",
            "time": "2016-03-18T11:46:42.578Z",
            "endTime": "2016-03-18T11:47:08.798Z",
            "favIconUrl": "https://www.google.co.uk/images/branding/product/ico/googleg_lodp.ico",
            "image": "1458301602578.png",
            "from": 1458301506698,
            "seen": true
        },
        {
            "id": 1458301566682,
            "type": "click-node",
            "time": "2016-03-18T11:47:11.491Z"
        },
        {
            "id": 1458301632250,
            "text": "stress measuring  wearable",
            "url": "https://www.google.co.uk/webhp?sourceid=chrome-instant&ion=1&espv=2&ie=UTF-8#q=stress+measuring++wearable",
            "type": "revisit",
            "time": "2016-03-18T11:47:12.250Z",
            "endTime": "2016-03-18T11:47:17.800Z",
            "favIconUrl": "https://www.google.co.uk/images/branding/product/ico/googleg_lodp.ico"
        },
        {
            "id": 1458301671724,
            "text": "spire",
            "url": "https://www.google.co.uk/webhp?sourceid=chrome-instant&ion=1&espv=2&ie=UTF-8#q=spire",
            "type": "search",
            "time": "2016-03-18T11:47:51.724Z",
            "endTime": "2016-03-18T11:54:24.799Z",
            "favIconUrl": "https://www.google.co.uk/images/branding/product/ico/googleg_lodp.ico",
            "image": "1458301671724.png",
            "seen": true
        },
        {
            "id": 1458301678391,
            "text": "spire wearable",
            "url": "https://www.google.co.uk/webhp?sourceid=chrome-instant&ion=1&espv=2&ie=UTF-8#q=spire+wearable",
            "type": "search",
            "time": "2016-03-18T11:47:58.391Z",
            "endTime": "2016-03-18T11:48:54.807Z",
            "favIconUrl": "https://www.google.co.uk/images/branding/product/ico/googleg_lodp.ico",
            "image": "1458301678391.png",
            "from": 1458301671724,
            "seen": true
        },
        {
            "id": 1458301506698,
            "type": "minimize-node",
            "time": "2016-03-18T11:48:06.823Z"
        },
        {
            "id": 1458301671724,
            "type": "minimize-node",
            "time": "2016-03-18T11:48:09.358Z"
        },
        {
            "id": 1458301714551,
            "text": "Spire (activity tracker) - Wikipedia, the free encyclopedia",
            "url": "https://en.wikipedia.org/wiki/Spire_(activity_tracker)",
            "type": "link",
            "time": "2016-03-18T11:48:34.551Z",
            "endTime": "2016-03-18T11:51:30.799Z",
            "favIconUrl": "https://en.wikipedia.org/static/favicon/wikipedia.ico",
            "image": "1458301714551.png",
            "from": 1458301678391,
            "seen": true
        },
        {
            "id": 1458301752412,
            "text": "wearables that can measure stress",
            "url": "https://www.google.co.uk/webhp?sourceid=chrome-instant&ion=1&espv=2&ie=UTF-8#q=wearables+that+can+measure+stress",
            "type": "revisit",
            "time": "2016-03-18T11:49:12.412Z",
            "endTime": "2016-03-18T11:49:43.797Z",
            "favIconUrl": "https://www.google.co.uk/images/branding/product/ico/googleg_lodp.ico",
            "from": 1458301506698
        },
        {
            "id": 1458301796864,
            "text": "Peter Thiel funds Neumitra device that measures stress - Business Insider",
            "url": "http://uk.businessinsider.com/peter-thiel-funds-neumitra-device-that-measures-stress-2015-2?r=US&IR=T",
            "type": "link",
            "time": "2016-03-18T11:49:56.864Z",
            "endTime": "2016-03-18T11:50:09.802Z",
            "favIconUrl": "http://static1.uk.businessinsider.com/assets/images/uk/favicons/favicon.ico?v=zXXjpe0lwg",
            "image": "1458301796864.png",
            "seen": true
        },
        {
            "id": 1458301825626,
            "text": "What Can Stress Monitors Measure? - Wearable Tech: 3 Things You Can Learn from a Stress Monitor - Men's Fitness",
            "url": "http://www.mensfitness.com/life/entertainment/wearable-tech-3-things-you-can-learn-stress-monitor",
            "type": "link",
            "time": "2016-03-18T11:50:25.626Z",
            "endTime": "2016-03-18T11:53:29.894Z",
            "favIconUrl": "http://cdn-mf1.heartyhosting.com/sites/mensfitness.com/themes/mensfitness/favicon.ico",
            "image": "1458301825626.png",
            "from": 1458301796864,
            "seen": true
        },
        {
            "id": 1458301970179,
            "text": "Meet “Spire”, The Wearable Breath Tracker That Calms You Down | TechCrunch",
            "url": "http://techcrunch.com/2014/06/17/spire-breath-taker/",
            "type": "link",
            "time": "2016-03-18T11:52:50.179Z",
            "endTime": "2016-03-18T11:54:27.179Z",
            "favIconUrl": "https://s0.wp.com/wp-content/themes/vip/techcrunch-2013/assets/images/favicon.ico",
            "image": "1458301970179.png",
            "from": 1458301714551,
            "seen": true
        },
        {
            "id": 1458301999031,
            "text": "wearables that can measure stress",
            "url": "https://www.google.co.uk/webhp?sourceid=chrome-instant&ion=1&espv=2&ie=UTF-8#q=wearables+that+can+measure+stress",
            "type": "revisit",
            "time": "2016-03-18T11:53:19.031Z",
            "endTime": 1458301999032,
            "favIconUrl": "https://www.google.co.uk/images/branding/product/ico/googleg_lodp.ico",
            "from": 1458301506698
        },
        {
            "id": 1458302005941,
            "text": "Peter Thiel funds Neumitra device that measures stress - Business Insider",
            "url": "http://uk.businessinsider.com/peter-thiel-funds-neumitra-device-that-measures-stress-2015-2?r=US&IR=T",
            "type": "revisit",
            "time": "2016-03-18T11:53:25.941Z",
            "endTime": "2016-03-18T11:53:28.800Z",
            "favIconUrl": "http://static1.uk.businessinsider.com/assets/images/uk/favicons/favicon.ico?v=zXXjpe0lwg"
        },
        {
            "id": 1458302009898,
            "text": "What Can Stress Monitors Measure? - Wearable Tech: 3 Things You Can Learn from a Stress Monitor - Men's Fitness",
            "url": "http://www.mensfitness.com/life/entertainment/wearable-tech-3-things-you-can-learn-stress-monitor",
            "type": "revisit",
            "time": "2016-03-18T11:53:29.898Z",
            "endTime": "2016-03-18T11:53:36.803Z",
            "favIconUrl": "http://cdn-mf1.heartyhosting.com/sites/mensfitness.com/themes/mensfitness/favicon.ico",
            "from": 1458301796864
        },
        {
            "id": 1458302017566,
            "text": "wearables that can measure stress",
            "url": "https://www.google.co.uk/webhp?sourceid=chrome-instant&ion=1&espv=2&ie=UTF-8#q=wearables+that+can+measure+stress",
            "type": "revisit",
            "time": "2016-03-18T11:53:37.566Z",
            "endTime": "2016-03-18T11:54:02.841Z",
            "favIconUrl": "https://www.google.co.uk/images/branding/product/ico/googleg_lodp.ico",
            "from": 1458301506698
        },
        {
            "id": 1458301796864,
            "type": "click-node",
            "time": "2016-03-18T11:54:03.440Z"
        },
        {
            "id": 1458302043622,
            "text": "Peter Thiel funds Neumitra device that measures stress - Business Insider",
            "url": "http://uk.businessinsider.com/peter-thiel-funds-neumitra-device-that-measures-stress-2015-2?r=US&IR=T",
            "type": "revisit",
            "time": "2016-03-18T11:54:03.622Z",
            "endTime": "2016-03-18T11:54:14.801Z",
            "favIconUrl": "http://static1.uk.businessinsider.com/assets/images/uk/favicons/favicon.ico?v=zXXjpe0lwg"
        },
        {
            "id": 1458301671724,
            "type": "restore-node",
            "time": "2016-03-18T11:54:15.366Z"
        },
        {
            "id": 1458301671724,
            "type": "click-node",
            "time": "2016-03-18T11:54:15.423Z"
        },
        {
            "id": 1458301671724,
            "type": "click-node",
            "time": "2016-03-18T11:54:15.442Z"
        },
        {
            "id": 1458302065624,
            "text": "spire",
            "url": "https://www.google.co.uk/webhp?sourceid=chrome-instant&ion=1&espv=2&ie=UTF-8#q=spire",
            "type": "revisit",
            "time": "2016-03-18T11:54:25.624Z",
            "endTime": "2016-03-18T11:54:26.098Z",
            "favIconUrl": "https://www.google.co.uk/images/branding/product/ico/googleg_lodp.ico",
            "from": 1458301602578
        },
        {
            "id": 1458302066413,
            "text": "Wearing a Spire stress tracker changed my life - Tech Insider",
            "url": "http://www.techinsider.io/wearing-a-spire-stress-tracker-changed-my-life-2015-10",
            "type": "link",
            "time": "2016-03-18T11:54:26.413Z",
            "endTime": "2016-03-18T12:07:13.778Z",
            "favIconUrl": "http://static2.techinsider.io/assets/images/ti/favicons/favicon.ico?v=zXXjpe0lwg",
            "image": "1458302066413.png",
            "seen": true
        },
        {
            "id": 1458302067180,
            "text": "Meet “Spire”, The Wearable Breath Tracker That Calms You Down | TechCrunch",
            "url": "http://techcrunch.com/2014/06/17/spire-breath-taker/",
            "type": "revisit",
            "time": "2016-03-18T11:54:27.180Z",
            "endTime": "2016-03-18T11:54:36.865Z",
            "favIconUrl": "https://s0.wp.com/wp-content/themes/vip/techcrunch-2013/assets/images/favicon.ico",
            "from": 1458301714551
        },
        {
            "id": 1458302193278,
            "text": "As a compulsive app closer, I had a hard time leaving the app open to communicate with the device and with Bluetooth. Luckily, the Spire stores 6 hours of movement in the device's memory while away from your phone, so when I went out for a run, it could still keep track of my activity.",
            "url": "http://www.techinsider.io/wearing-a-spire-stress-tracker-changed-my-life-2015-10",
            "type": "highlight",
            "time": "2016-03-18T11:56:33.278Z",
            "classId": "sm-1458302193269",
            "path": "/HTML[1]/BODY[1]/DIV[5]/DIV[2]/DIV[1]/DIV[1]/DIV[2]/DIV[4]/DIV[1]/DIV[1]/DIV[2]/DIV[20]/H3[1]/text()[1]|0|/HTML[1]/BODY[1]/DIV[5]/DIV[2]/DIV[1]/DIV[1]/DIV[2]/DIV[4]/DIV[1]/DIV[1]/DIV[2]/DIV[20]/H3[1]/text()[1]|286",
            "from": 1458302066413
        },
        {
            "id": 1458302193278,
            "type": "click-node",
            "time": "2016-03-18T11:57:16.642Z"
        },
        {
            "id": 1458302193278,
            "type": "click-node",
            "time": "2016-03-18T11:57:17.720Z"
        },
        {
            "id": 1458302193278,
            "type": "click-node",
            "time": "2016-03-18T11:57:21.598Z"
        },
        {
            "id": 1458302271289,
            "text": "emory while away from your phone, so when I went out for a run, it could still keep track of my activity.",
            "url": "http://www.techinsider.io/wearing-a-spire-stress-tracker-changed-my-life-2015-10",
            "type": "highlight",
            "time": "2016-03-18T11:57:51.289Z",
            "classId": "sm-1458302271281",
            "path": "/HTML[1]/BODY[1]/DIV[5]/DIV[2]/DIV[1]/DIV[1]/DIV[2]/DIV[4]/DIV[1]/DIV[1]/DIV[2]/DIV[20]/H3[1]/text()[1]|181|/HTML[1]/BODY[1]/DIV[5]/DIV[2]/DIV[1]/DIV[1]/DIV[2]/DIV[4]/DIV[1]/DIV[1]/DIV[2]/DIV[20]/H3[1]/text()[1]|286",
            "from": 1458302066413
        },
        {
            "id": 1458302364281,
            "text": "Meet “Spire”, The Wearable Breath Tracker That Calms You Down | TechCrunch",
            "url": "http://techcrunch.com/2014/06/17/spire-breath-taker/",
            "type": "revisit",
            "time": "2016-03-18T11:59:24.281Z",
            "endTime": "2016-03-18T12:00:57.363Z",
            "favIconUrl": "https://s0.wp.com/wp-content/themes/vip/techcrunch-2013/assets/images/favicon.ico",
            "from": 1458301714551
        },
        {
            "id": 1458302378926,
            "text": "Spire (activity tracker) - Wikipedia, the free encyclopedia",
            "url": "https://en.wikipedia.org/wiki/Spire_(activity_tracker)",
            "type": "revisit",
            "time": "2016-03-18T11:59:38.926Z",
            "endTime": "2016-03-18T12:00:53.803Z",
            "favIconUrl": "https://en.wikipedia.org/static/favicon/wikipedia.ico",
            "from": 1458301678391
        },
        {
            "id": 1458302391559,
            "text": "Monitor resipration and talks about vagal tone. ",
            "url": "https://en.wikipedia.org/wiki/Spire_(activity_tracker)",
            "type": "note",
            "time": "2016-03-18T11:59:51.559Z",
            "classId": "sm-1458302391482",
            "path": "/HTML[1]/BODY[1]/DIV[3]/DIV[3]/DIV[4]/P[7]/text()[1]|0|/HTML[1]/BODY[1]/DIV[3]/DIV[3]/DIV[4]/P[7]/SUP[3]/A[1]/SPAN[2]/text()[1]|1",
            "from": 1458301714551
        },
        {
            "id": 1458302454034,
            "text": "spire wearable",
            "url": "https://www.google.co.uk/webhp?sourceid=chrome-instant&ion=1&espv=2&ie=UTF-8#q=spire+wearable",
            "type": "revisit",
            "time": "2016-03-18T12:00:54.034Z",
            "endTime": 1458302454035,
            "favIconUrl": "https://www.google.co.uk/images/branding/product/ico/googleg_lodp.ico",
            "from": 1458301671724
        },
        {
            "id": 1458302457528,
            "text": "Meet “Spire”, The Wearable Breath Tracker That Calms You Down | TechCrunch",
            "url": "http://techcrunch.com/2014/06/17/spire-breath-taker/",
            "type": "revisit",
            "time": "2016-03-18T12:00:57.528Z",
            "endTime": "2016-03-18T12:01:01.802Z",
            "favIconUrl": "https://s0.wp.com/wp-content/themes/vip/techcrunch-2013/assets/images/favicon.ico",
            "from": 1458301714551
        },
        {
            "id": 1458302462477,
            "text": "Spire (activity tracker) - Wikipedia, the free encyclopedia",
            "url": "https://en.wikipedia.org/wiki/Spire_(activity_tracker)",
            "type": "revisit",
            "time": "2016-03-18T12:01:02.477Z",
            "endTime": "2016-03-18T12:01:05.248Z",
            "favIconUrl": "https://en.wikipedia.org/static/favicon/wikipedia.ico",
            "from": 1458301714551
        },
        {
            "id": 1458302465496,
            "text": "Spire - Wearable activity and respiration tracking for a healthy body and mind.",
            "url": "https://www.spire.io/",
            "type": "revisit",
            "time": "2016-03-18T12:01:05.496Z",
            "endTime": "2016-03-18T12:07:24.422Z",
            "favIconUrl": "https://www.spire.io/assets/favicon-23141461b2a4c05e5380656772e49ae8.png",
            "from": 1458301566682
        },
        {
            "id": 1458302470474,
            "text": "Can Wearable Tech Measure Our Stress And Calm Us Down? | Co.Exist | ideas + impact",
            "url": "http://twitter.com/",
            "type": "bookmark",
            "time": "2016-03-18T12:01:10.474Z",
            "endTime": 1458302470475,
            "from": 1458301970179,
            "seen": true
        },
        {
            "id": 1458301569142,
            "type": "favorite-node",
            "time": "2016-03-18T12:02:46.049Z"
        },
        {
            "id": 1458302613836,
            "text": "WellBe stress measured from HRV",
            "url": "http://www.fastcoexist.com/3046996/can-wearable-tech-measure-our-stress-and-calm-us-down-no-ones-cracked-the-code-yet",
            "type": "note",
            "time": "2016-03-18T12:03:33.836Z",
            "classId": "sm-1458302613819",
            "path": "/HTML[1]/BODY[1]/DIV[3]/DIV[5]/ARTICLE[1]/DIV[1]/DIV[1]/P[9]/text()[1]|0|/HTML[1]/BODY[1]/DIV[3]/DIV[5]/ARTICLE[1]/DIV[1]/DIV[1]/P[10]/text()[1]|339",
            "from": 1458301569142
        },
        {
            "id": 1458302689172,
            "text": "WellBe",
            "url": "https://www.google.co.uk/webhp?sourceid=chrome-instant&ion=1&espv=2&ie=UTF-8#q=WellBe",
            "type": "search",
            "time": "2016-03-18T12:04:49.172Z",
            "endTime": "2016-03-18T12:04:52.809Z",
            "favIconUrl": "https://www.google.co.uk/images/branding/product/ico/googleg_lodp.ico",
            "image": "1458302689172.png",
            "seen": true
        },
        {
            "id": 1458302741583,
            "text": "The WellBe | Indiegogo",
            "url": "https://www.indiegogo.com/projects/the-wellbe#/",
            "type": "link",
            "time": "2016-03-18T12:05:41.583Z",
            "endTime": "2016-03-18T12:07:07.803Z",
            "favIconUrl": "https://g1.iggcdn.com/assets/favicon/favicon-32-4dfcba8dfbe628f9065885bcfd163ad0e7ff6629c72ec0efdd839c081bb5608e.png",
            "image": "1458302741583.png",
            "from": 1458302689172,
            "seen": true
        },
        {
            "id": 1458302754098,
            "text": "3 minutes takes HR then works out your stress levels from HRV snapshot (from wrist",
            "url": "https://www.indiegogo.com/projects/the-wellbe#/",
            "type": "note",
            "time": "2016-03-18T12:05:54.098Z",
            "classId": "sm-1458302754079",
            "path": "/HTML[1]/BODY[1]/DIV[2]/DIV[1]/DIV[4]/DIV[2]/DIV[1]/DIV[2]/DIV[2]/DIV[2]/DIV[3]/CAMPAIGN-DESCRIPTION[1]/DIV[1]/DIV[4]/P[4]/text()[1]|0|/HTML[1]/BODY[1]/DIV[2]/DIV[1]/DIV[4]/DIV[2]/DIV[1]/DIV[2]/DIV[2]/DIV[2]/DIV[3]/CAMPAIGN-DESCRIPTION[1]/DIV[1]/DIV[4]/P[4]/text()[1]|622",
            "from": 1458302741583
        },
        {
            "id": 1458302741583,
            "type": "favorite-node",
            "time": "2016-03-18T12:06:56.404Z"
        },
        {
            "id": 1458301714551,
            "type": "favorite-node",
            "time": "2016-03-18T12:07:01.007Z"
        },
        {
            "id": 1458302830304,
            "text": "Meet “Spire”, The Wearable Breath Tracker That Calms You Down | TechCrunch",
            "url": "http://techcrunch.com/2014/06/17/spire-breath-taker/",
            "type": "revisit",
            "time": "2016-03-18T12:07:10.304Z",
            "endTime": "2016-03-18T12:07:11.850Z",
            "favIconUrl": "https://s0.wp.com/wp-content/themes/vip/techcrunch-2013/assets/images/favicon.ico",
            "from": 1458301714551
        },
        {
            "id": 1458302834401,
            "text": "Wearing a Spire stress tracker changed my life - Tech Insider",
            "url": "http://www.techinsider.io/wearing-a-spire-stress-tracker-changed-my-life-2015-10",
            "type": "revisit",
            "time": "2016-03-18T12:07:14.401Z",
            "endTime": "2016-03-18T12:07:17.801Z",
            "favIconUrl": "http://static2.techinsider.io/assets/images/ti/favicons/favicon.ico?v=zXXjpe0lwg",
            "from": 1458302066413
        },
        {
            "id": 1458302839539,
            "text": "Spire (activity tracker) - Wikipedia, the free encyclopedia",
            "url": "https://en.wikipedia.org/wiki/Spire_(activity_tracker)",
            "type": "revisit",
            "time": "2016-03-18T12:07:19.539Z",
            "endTime": "2016-03-18T12:07:21.215Z",
            "favIconUrl": "https://en.wikipedia.org/static/favicon/wikipedia.ico",
            "from": 1458301714551
        },
        {
            "id": 1458302843475,
            "text": "spire wearable",
            "url": "https://www.google.co.uk/webhp?sourceid=chrome-instant&ion=1&espv=2&ie=UTF-8#q=spire+wearable",
            "type": "revisit",
            "time": "2016-03-18T12:07:23.475Z",
            "endTime": 1458302843476,
            "favIconUrl": "https://www.google.co.uk/images/branding/product/ico/googleg_lodp.ico",
            "from": 1458301671724
        },
        {
            "id": 1458302845598,
            "text": "Spire - Wearable activity and respiration tracking for a healthy body and mind.",
            "url": "https://www.spire.io/",
            "type": "revisit",
            "time": "2016-03-18T12:07:25.598Z",
            "endTime": "2016-03-18T12:07:26.446Z",
            "favIconUrl": "https://www.spire.io/assets/favicon-23141461b2a4c05e5380656772e49ae8.png",
            "from": 1458301566682
        },
        {
            "id": 1458302847595,
            "text": "Can Wearable Tech Measure Our Stress And Calm Us Down? | Co.Exist | ideas + impact",
            "url": "http://www.fastcoexist.com/3046996/can-wearable-tech-measure-our-stress-and-calm-us-down-no-ones-cracked-the-code-yet",
            "type": "revisit",
            "time": "2016-03-18T12:07:27.595Z",
            "endTime": "2016-03-18T12:07:30.803Z",
            "favIconUrl": "http://www.fastcoexist.com/favicon.ico",
            "from": 1458301970179
        },
        {
            "id": 1458302851052,
            "text": "Peter Thiel funds Neumitra device that measures stress - Business Insider",
            "url": "http://uk.businessinsider.com/peter-thiel-funds-neumitra-device-that-measures-stress-2015-2?r=US&IR=T",
            "type": "revisit",
            "time": "2016-03-18T12:07:31.052Z",
            "endTime": "2016-03-18T12:07:51.871Z",
            "favIconUrl": "http://static1.uk.businessinsider.com/assets/images/uk/favicons/favicon.ico?v=zXXjpe0lwg"
        },
        {
            "id": 1458302869851,
            "text": "Neumitra",
            "url": "https://neumitra.com/",
            "type": "link",
            "time": "2016-03-18T12:07:49.851Z",
            "endTime": "2016-03-18T12:14:01.174Z",
            "image": "1458302869851.png",
            "from": 1458301796864,
            "seen": true
        },
        {
            "id": 1458302888399,
            "text": "Peter Thiel funds Neumitra device that measures stress - Business Insider",
            "url": "http://uk.businessinsider.com/peter-thiel-funds-neumitra-device-that-measures-stress-2015-2?r=US&IR=T",
            "type": "revisit",
            "time": "2016-03-18T12:08:08.399Z",
            "endTime": "2016-03-18T12:08:11.414Z",
            "favIconUrl": "http://static1.uk.businessinsider.com/assets/images/uk/favicons/favicon.ico?v=zXXjpe0lwg"
        },
        {
            "id": 1458302869851,
            "type": "click-node",
            "time": "2016-03-18T12:08:09.942Z"
        },
        {
            "id": 1458302938730,
            "text": "Technology Page - Neumitra",
            "url": "https://neumitra.com/research",
            "type": "link",
            "time": "2016-03-18T12:08:58.730Z",
            "endTime": "2016-03-18T12:09:04.802Z",
            "image": "1458302938730.png",
            "from": 1458302869851,
            "seen": true
        },
        {
            "id": 1458302987166,
            "text": "We provide you with a real-time autonomic score, assessing your physiology and its interaction with movement and temperature.",
            "url": "https://neumitra.com/",
            "type": "highlight",
            "time": "2016-03-18T12:09:47.166Z",
            "classId": "sm-1458302987160",
            "path": "/HTML[1]/BODY[1]/DIV[1]/DIV[2]/DIV[1]/DIV[2]/P[2]/text()[1]|9|/HTML[1]/BODY[1]/DIV[1]/DIV[2]/DIV[1]/DIV[2]/P[2]/text()[1]|142",
            "from": 1458302869851
        },
        {
            "id": 1458301714551,
            "type": "curate-node",
            "time": "2016-03-18T12:10:11.450Z",
            "trp": {
                "width": 151,
                "height": 200,
                "x": 513,
                "y": 158
            }
        },
        {
            "id": 1458302741583,
            "type": "curate-node",
            "time": "2016-03-18T12:10:21.288Z",
            "trp": {
                "width": 151,
                "height": 200,
                "x": 0,
                "y": 220
            }
        },
        {
            "id": 1458301569142,
            "type": "curate-node",
            "time": "2016-03-18T12:10:26.813Z",
            "trp": {
                "width": 151,
                "height": 200,
                "x": 280,
                "y": 66
            }
        },
        {
            "id": 1458302869851,
            "type": "curate-node",
            "time": "2016-03-18T12:10:35.557Z",
            "trp": {
                "width": 151,
                "height": 200,
                "x": 682,
                "y": 662
            }
        },
        {
            "id": 1458301796864,
            "type": "curate-node",
            "time": "2016-03-18T12:10:39.296Z",
            "trp": {
                "width": 151,
                "height": 200,
                "x": 468,
                "y": 505
            }
        },
        {
            "id": 1458303044028,
            "text": "Peter Thiel funds Neumitra device that measures stress - Business Insider",
            "url": "http://uk.businessinsider.com/peter-thiel-funds-neumitra-device-that-measures-stress-2015-2?r=US&IR=T",
            "type": "revisit",
            "time": "2016-03-18T12:10:44.028Z",
            "endTime": "2016-03-18T12:13:22.802Z",
            "favIconUrl": "http://static1.uk.businessinsider.com/assets/images/uk/favicons/favicon.ico?v=zXXjpe0lwg"
        },
        {
            "id": 1458303087605,
            "text": "Neumitra is still honing its product, and only one device, the smart watch, is available for purchase — at the hefty price tag of $1,500. (The team is also working on embedding the Neumitra technology in tiny devices called \"biomodules\" that could then be incorporated into other items that people already wear, like necklaces or other types of jewelry, Goldberg says).",
            "url": "http://uk.businessinsider.com/peter-thiel-funds-neumitra-device-that-measures-stress-2015-2?r=US&IR=T",
            "type": "highlight",
            "time": "2016-03-18T12:11:27.605Z",
            "classId": "sm-1458303087586",
            "path": "/HTML[1]/BODY[1]/DIV[5]/DIV[2]/DIV[1]/DIV[1]/DIV[2]/DIV[3]/DIV[1]/DIV[1]/DIV[3]/DIV[1]/P[21]/text()[1]|0|/HTML[1]/BODY[1]/DIV[5]/DIV[2]/DIV[1]/DIV[1]/DIV[2]/DIV[3]/DIV[1]/DIV[1]/DIV[3]/DIV[1]/P[21]/SPAN[1]/text()[1]|230",
            "from": 1458301796864
        },
        {
            "id": 1458302869851,
            "type": "move-node",
            "time": "2016-03-18T12:13:36.962Z",
            "trp": {
                "width": 151,
                "height": 200,
                "x": 682,
                "y": 662
            }
        },
        {
            "id": 1458301796864,
            "type": "move-node",
            "time": "2016-03-18T12:13:39.348Z",
            "trp": {
                "width": 151,
                "height": 200,
                "x": 468,
                "y": 505
            }
        },
        {
            "id": 1458302741583,
            "type": "move-node",
            "time": "2016-03-18T12:13:58.021Z",
            "trp": {
                "width": 151,
                "height": 200,
                "x": 42,
                "y": 303
            }
        },
        {
            "id": 1458302754098,
            "type": "click-node",
            "time": "2016-03-18T12:13:58.025Z"
        },
        {
            "id": 1458303241775,
            "text": "Neumitra",
            "url": "https://neumitra.com/",
            "type": "revisit",
            "time": "2016-03-18T12:14:01.775Z",
            "endTime": "2016-03-18T12:15:16.824Z",
            "from": 1458302938730
        },
        {
            "id": 1458301714551,
            "type": "move-node",
            "time": "2016-03-18T12:14:16.391Z",
            "trp": {
                "width": 151,
                "height": 200,
                "x": 513,
                "y": 158
            }
        },
        {
            "id": 1458301569142,
            "type": "move-node",
            "time": "2016-03-18T12:14:19.275Z",
            "trp": {
                "width": 151,
                "height": 200,
                "x": 280,
                "y": 66
            }
        },
        {
            "id": 1458302741583,
            "type": "move-node",
            "time": "2016-03-18T12:14:24.010Z",
            "trp": {
                "width": 151,
                "height": 200,
                "x": 42,
                "y": 303
            }
        },
        {
            "type": "add-link",
            "time": "2016-03-18T12:14:28.817Z",
            "sourceId": 1458301569142,
            "targetId": 1458302741583
        },
        {
            "id": 1458301581549,
            "type": "curate-node",
            "time": "2016-03-18T12:14:40.793Z",
            "trp": {
                "width": 151,
                "height": 179.8125,
                "x": 0,
                "y": 882
            }
        },
        {
            "id": 1458301581549,
            "type": "move-node",
            "time": "2016-03-18T12:14:44.063Z",
            "trp": {
                "width": 151,
                "height": 179.8125,
                "x": 732,
                "y": 55
            }
        },
        {
            "type": "add-link",
            "time": "2016-03-18T12:14:49.109Z",
            "sourceId": 1458301581549,
            "targetId": 1458301714551
        }
    ]
}