{
    "data": [
        {
            "id": 1458301268118,
            "text": "Wearable that measure stress",
            "url": "https://www.google.co.uk/webhp?sourceid=chrome-instant&ion=1&espv=2&ie=UTF-8#q=Wearable+that+measure+stress",
            "type": "search",
            "time": "2016-03-18T11:41:08.118Z",
            "endTime": "2016-03-18T11:42:14.641Z",
            "favIconUrl": "https://www.google.co.uk/images/branding/product/ico/googleg_lodp.ico",
            "image": "1458301268118.png",
            "seen": true
        },
        {
            "id": 1458301285468,
            "text": "Spire - Wearable activity and respiration tracking for a healthy body and mind.",
            "url": "https://www.spire.io/",
            "type": "link",
            "time": "2016-03-18T11:41:25.468Z",
            "endTime": "2016-03-18T11:43:04.643Z",
            "favIconUrl": "https://www.spire.io/assets/favicon-23141461b2a4c05e5380656772e49ae8.png",
            "image": "1458301285468.png",
            "from": 1458301268118,
            "seen": true
        },
        {
            "id": 1458301290801,
            "text": "Can Wearable Tech Measure Our Stress And Calm Us Down? | Co.Exist | ideas + impact",
            "url": "http://www.fastcoexist.com/3046996/can-wearable-tech-measure-our-stress-and-calm-us-down-no-ones-cracked-the-code-yet",
            "type": "link",
            "time": "2016-03-18T11:41:30.801Z",
            "endTime": "2016-03-18T11:44:20.643Z",
            "favIconUrl": "http://www.fastcoexist.com/favicon.ico",
            "image": "1458301290801.png",
            "from": 1458301268118,
            "seen": true
        },
        {
            "id": 1458301298150,
            "text": "What Can Stress Monitors Measure? - Wearable Tech: 3 Things You Can Learn from a Stress Monitor - Men's Fitness",
            "url": "http://www.mensfitness.com/life/entertainment/wearable-tech-3-things-you-can-learn-stress-monitor",
            "type": "link",
            "time": "2016-03-18T11:41:38.150Z",
            "endTime": "2016-03-18T11:44:52.684Z",
            "favIconUrl": "http://cdn-mf1.heartyhosting.com/sites/mensfitness.com/themes/mensfitness/favicon.ico",
            "image": "1458301298150.png",
            "from": 1458301268118,
            "seen": true
        },
        {
            "id": 1458301321285,
            "text": "Wearable that measure stress",
            "url": "https://www.google.co.uk/webhp?sourceid=chrome-instant&ion=1&espv=2&ie=UTF-8#q=Wearable+that+measure+stress&start=10",
            "type": "search",
            "time": "2016-03-18T11:42:01.285Z",
            "endTime": "2016-03-18T11:56:49.643Z",
            "favIconUrl": "https://www.google.co.uk/images/branding/product/ico/googleg_lodp.ico",
            "image": "1458301321285.png",
            "from": 1458301268118,
            "seen": true
        },
        {
            "id": 1458301358321,
            "text": "Olive : A Wearable to Manage Stress | Indiegogo",
            "url": "https://www.indiegogo.com/projects/olive-a-wearable-to-manage-stress#/",
            "type": "link",
            "time": "2016-03-18T11:42:38.321Z",
            "endTime": "2016-03-18T11:44:51.641Z",
            "favIconUrl": "https://g1.iggcdn.com/assets/favicon/favicon-32-4dfcba8dfbe628f9065885bcfd163ad0e7ff6629c72ec0efdd839c081bb5608e.png",
            "image": "1458301358321.png",
            "seen": true
        },
        {
            "id": 1458301386683,
            "text": "Activity tracking for healthy body and mind.",
            "url": "https://www.spire.io/about",
            "type": "link",
            "time": "2016-03-18T11:43:06.683Z",
            "endTime": "2016-03-18T11:44:00.641Z",
            "favIconUrl": "https://www.spire.io/assets/favicon-23141461b2a4c05e5380656772e49ae8.png",
            "image": "1458301386683.png",
            "from": 1458301285468,
            "seen": true
        },
        {
            "id": 1458301285468,
            "type": "remove-collection-node",
            "time": "2016-03-18T11:44:07.022Z"
        },
        {
            "id": 1458301386683,
            "type": "remove-collection-node",
            "time": "2016-03-18T11:44:14.297Z"
        },
        {
            "id": 1458301461389,
            "text": "Wearable that measure stress",
            "url": "https://www.google.co.uk/webhp?sourceid=chrome-instant&ion=1&espv=2&ie=UTF-8#q=Wearable+that+measure+stress",
            "type": "revisit",
            "time": "2016-03-18T11:44:21.389Z",
            "endTime": "2016-03-18T11:44:21.647Z",
            "favIconUrl": "https://www.google.co.uk/images/branding/product/ico/googleg_lodp.ico",
            "from": 1458301268118
        },
        {
            "id": 1458301462456,
            "text": "Can Wearable Tech Measure Our Stress And Calm Us Down? | Co.Exist | ideas + impact",
            "url": "http://www.fastcoexist.com/3046996/can-wearable-tech-measure-our-stress-and-calm-us-down-no-ones-cracked-the-code-yet",
            "type": "revisit",
            "time": "2016-03-18T11:44:22.456Z",
            "endTime": "2016-03-18T11:44:50.642Z",
            "favIconUrl": "http://www.fastcoexist.com/favicon.ico",
            "from": 1458301268118
        },
        {
            "id": 1458301358321,
            "type": "remove-collection-node",
            "time": "2016-03-18T11:44:49.079Z"
        },
        {
            "id": 1458301493330,
            "text": "Wearable that measure stress",
            "url": "https://www.google.co.uk/webhp?sourceid=chrome-instant&ion=1&espv=2&ie=UTF-8#q=Wearable+that+measure+stress",
            "type": "revisit",
            "time": "2016-03-18T11:44:53.330Z",
            "endTime": "2016-03-18T11:45:00.642Z",
            "favIconUrl": "https://www.google.co.uk/images/branding/product/ico/googleg_lodp.ico",
            "from": 1458301268118
        },
        {
            "id": 1458301497905,
            "text": "Olive : A Wearable to Manage Stress | Indiegogo",
            "url": "https://www.indiegogo.com/projects/olive-a-wearable-to-manage-stress",
            "type": "link",
            "time": "2016-03-18T11:44:57.905Z",
            "endTime": 1458301497906,
            "favIconUrl": "https://g1.iggcdn.com/assets/favicon/favicon-32-4dfcba8dfbe628f9065885bcfd163ad0e7ff6629c72ec0efdd839c081bb5608e.png",
            "seen": false
        },
        {
            "id": 1458301503116,
            "text": "Wearable that measure stress",
            "url": "https://www.google.co.uk/webhp?sourceid=chrome-instant&ion=1&espv=2&ie=UTF-8#q=Wearable+that+measure+stress",
            "type": "revisit",
            "time": "2016-03-18T11:45:03.116Z",
            "endTime": "2016-03-18T11:46:05.640Z",
            "favIconUrl": "https://www.google.co.uk/images/branding/product/ico/googleg_lodp.ico",
            "from": 1458301268118
        },
        {
            "id": 1458301568085,
            "text": "Olive : A Wearable to Manage Stress | Indiegogo",
            "url": "https://www.indiegogo.com/projects/olive-a-wearable-to-manage-stress#/",
            "type": "revisit",
            "time": "2016-03-18T11:46:08.085Z",
            "endTime": "2016-03-18T11:46:42.642Z",
            "favIconUrl": "https://g1.iggcdn.com/assets/favicon/favicon-32-4dfcba8dfbe628f9065885bcfd163ad0e7ff6629c72ec0efdd839c081bb5608e.png",
            "from": 1458301290801
        },
        {
            "id": 1458301268118,
            "type": "click-node",
            "time": "2016-03-18T11:46:12.112Z"
        },
        {
            "id": 1458301572138,
            "text": "Wearable that measure stress",
            "url": "https://www.google.co.uk/webhp?sourceid=chrome-instant&ion=1&espv=2&ie=UTF-8#q=Wearable+that+measure+stress",
            "type": "revisit",
            "time": "2016-03-18T11:46:12.138Z",
            "endTime": "2016-03-18T11:46:21.640Z",
            "favIconUrl": "https://www.google.co.uk/images/branding/product/ico/googleg_lodp.ico",
            "from": 1458301268118
        },
        {
            "id": 1458301497905,
            "type": "click-node",
            "time": "2016-03-18T11:46:32.792Z"
        },
        {
            "id": 1458301603085,
            "text": "Olive : A Wearable to Manage Stress | Indiegogo",
            "url": "https://www.indiegogo.com/projects/olive-a-wearable-to-manage-stress#/",
            "type": "revisit",
            "time": "2016-03-18T11:46:43.085Z",
            "endTime": "2016-03-18T11:46:43.643Z",
            "favIconUrl": "https://g1.iggcdn.com/assets/favicon/favicon-32-4dfcba8dfbe628f9065885bcfd163ad0e7ff6629c72ec0efdd839c081bb5608e.png"
        },
        {
            "id": 1458301604168,
            "text": "Olive : A Wearable to Manage Stress | Indiegogo",
            "url": "https://www.indiegogo.com/projects/olive-a-wearable-to-manage-stress#/",
            "type": "revisit",
            "time": "2016-03-18T11:46:44.168Z",
            "endTime": "2016-03-18T11:47:26.642Z",
            "favIconUrl": "https://g1.iggcdn.com/assets/favicon/favicon-32-4dfcba8dfbe628f9065885bcfd163ad0e7ff6629c72ec0efdd839c081bb5608e.png",
            "from": 1458301358321
        },
        {
            "id": 1458301646864,
            "text": "Wearable that measure stress",
            "url": "https://www.google.co.uk/webhp?sourceid=chrome-instant&ion=1&espv=2&ie=UTF-8#q=Wearable+that+measure+stress",
            "type": "revisit",
            "time": "2016-03-18T11:47:26.864Z",
            "endTime": "2016-03-18T11:47:30.651Z",
            "favIconUrl": "https://www.google.co.uk/images/branding/product/ico/googleg_lodp.ico",
            "from": 1458301268118
        },
        {
            "id": 1458301651201,
            "text": "Olive : A Wearable to Manage Stress | Indiegogo",
            "url": "https://www.indiegogo.com/projects/olive-a-wearable-to-manage-stress#/",
            "type": "revisit",
            "time": "2016-03-18T11:47:31.201Z",
            "endTime": "2016-03-18T11:47:48.655Z",
            "favIconUrl": "https://g1.iggcdn.com/assets/favicon/favicon-32-4dfcba8dfbe628f9065885bcfd163ad0e7ff6629c72ec0efdd839c081bb5608e.png",
            "from": 1458301358321
        },
        {
            "id": 1458301497905,
            "type": "click-node",
            "time": "2016-03-18T11:47:38.430Z"
        },
        {
            "id": 1458301668710,
            "text": "Olive : A Wearable to Manage Stress | Indiegogo",
            "url": "https://www.indiegogo.com/projects/olive-a-wearable-to-manage-stress#/",
            "type": "revisit",
            "time": "2016-03-18T11:47:48.710Z",
            "endTime": "2016-03-18T11:47:49.643Z",
            "favIconUrl": "https://g1.iggcdn.com/assets/favicon/favicon-32-4dfcba8dfbe628f9065885bcfd163ad0e7ff6629c72ec0efdd839c081bb5608e.png",
            "from": 1458301358321
        },
        {
            "id": 1458301670451,
            "text": "Olive : A Wearable to Manage Stress | Indiegogo",
            "url": "https://www.indiegogo.com/projects/olive-a-wearable-to-manage-stress#/",
            "type": "revisit",
            "time": "2016-03-18T11:47:50.451Z",
            "endTime": "2016-03-18T11:49:54.645Z",
            "favIconUrl": "https://g1.iggcdn.com/assets/favicon/favicon-32-4dfcba8dfbe628f9065885bcfd163ad0e7ff6629c72ec0efdd839c081bb5608e.png",
            "from": 1458301358321
        },
        {
            "id": 1458301697628,
            "text": "s you conquer stress.",
            "url": "https://www.indiegogo.com/projects/olive-a-wearable-to-manage-stress#/",
            "type": "highlight",
            "time": "2016-03-18T11:48:17.628Z",
            "classId": "sm-1458301697625",
            "path": "/HTML[1]/BODY[1]/DIV[2]/DIV[1]/DIV[4]/DIV[2]/DIV[1]/DIV[2]/DIV[2]/DIV[2]/DIV[2]/DIV[1]/text()[1]|51|/HTML[1]/BODY[1]/DIV[2]/DIV[1]/DIV[4]/DIV[2]/DIV[1]/DIV[2]/DIV[2]/DIV[2]/DIV[2]/DIV[1]/text()[1]|72",
            "from": 1458301358321
        },
        {
            "id": 1458301752584,
            "text": "or the past two years, we have been working tirelessly to bring users a product and experience that would enable a more balanced li",
            "url": "https://www.indiegogo.com/projects/olive-a-wearable-to-manage-stress#/",
            "type": "highlight",
            "time": "2016-03-18T11:49:12.584Z",
            "classId": "sm-1458301752582",
            "path": "/HTML[1]/BODY[1]/DIV[2]/DIV[1]/DIV[4]/DIV[2]/DIV[1]/DIV[2]/DIV[2]/DIV[2]/DIV[3]/CAMPAIGN-DESCRIPTION[1]/DIV[1]/P[2]/SPAN[1]/text()[1]|98|/HTML[1]/BODY[1]/DIV[2]/DIV[1]/DIV[4]/DIV[2]/DIV[1]/DIV[2]/DIV[2]/DIV[2]/DIV[3]/CAMPAIGN-DESCRIPTION[1]/DIV[1]/P[2]/SPAN[1]/text()[1]|229",
            "from": 1458301358321
        },
        {
            "id": 1458301497905,
            "type": "remove-collection-node",
            "time": "2016-03-18T11:49:19.559Z"
        },
        {
            "id": 1458301794717,
            "text": "Olive : A Wearable to Manage Stress | Indiegogo",
            "url": "https://www.indiegogo.com/projects/olive-a-wearable-to-manage-stress#/",
            "type": "revisit",
            "time": "2016-03-18T11:49:54.717Z",
            "endTime": "2016-03-18T11:54:34.642Z",
            "favIconUrl": "https://g1.iggcdn.com/assets/favicon/favicon-32-4dfcba8dfbe628f9065885bcfd163ad0e7ff6629c72ec0efdd839c081bb5608e.png",
            "from": 1458301358321
        },
        {
            "id": 1458302080037,
            "text": "What Can Stress Monitors Measure? - Wearable Tech: 3 Things You Can Learn from a Stress Monitor - Men's Fitness",
            "url": "http://www.mensfitness.com/life/entertainment/wearable-tech-3-things-you-can-learn-stress-monitor",
            "type": "revisit",
            "time": "2016-03-18T11:54:40.037Z",
            "endTime": "2016-03-18T11:55:50.647Z",
            "favIconUrl": "http://cdn-mf1.heartyhosting.com/sites/mensfitness.com/themes/mensfitness/favicon.ico",
            "from": 1458301268118
        },
        {
            "id": 1458302110505,
            "text": "What Can Stress Monitors Measure? - Wearable Tech: 3 Things You Can Learn from a Stress Monitor - Men's Fitness",
            "url": "http://www.mensfitness.com/life/entertainment/wearable-tech-3-things-you-can-learn-stress-monitor/slide/1",
            "type": "link",
            "time": "2016-03-18T11:55:10.505Z",
            "endTime": "2016-03-18T11:56:07.651Z",
            "favIconUrl": "http://cdn-mf1.heartyhosting.com/sites/mensfitness.com/themes/mensfitness/favicon.ico",
            "image": "1458302110505.png",
            "from": 1458301298150,
            "seen": true
        },
        {
            "id": 1458302168265,
            "text": "Can Alcohol Make Stress Worse? - Wearable Tech: 3 Things You Can Learn from a Stress Monitor - Men's Fitness",
            "url": "http://www.mensfitness.com/life/entertainment/wearable-tech-3-things-you-can-learn-stress-monitor/slide/2",
            "type": "link",
            "time": "2016-03-18T11:56:08.265Z",
            "endTime": "2016-03-18T11:56:27.643Z",
            "favIconUrl": "http://cdn-mf1.heartyhosting.com/sites/mensfitness.com/themes/mensfitness/favicon.ico",
            "image": "1458302168265.png",
            "from": 1458302110505,
            "seen": true
        },
        {
            "id": 1458302168265,
            "type": "remove-collection-node",
            "time": "2016-03-18T11:56:21.050Z"
        },
        {
            "id": 1458302110505,
            "type": "remove-collection-node",
            "time": "2016-03-18T11:56:22.965Z"
        },
        {
            "id": 1458301298150,
            "type": "remove-collection-node",
            "time": "2016-03-18T11:56:25.344Z"
        },
        {
            "id": 1458302188374,
            "text": "Can Wearable Tech Measure Our Stress And Calm Us Down? | Co.Exist | ideas + impact",
            "url": "http://www.fastcoexist.com/3046996/can-wearable-tech-measure-our-stress-and-calm-us-down-no-ones-cracked-the-code-yet",
            "type": "revisit",
            "time": "2016-03-18T11:56:28.374Z",
            "endTime": "2016-03-18T11:56:30.643Z",
            "favIconUrl": "http://www.fastcoexist.com/favicon.ico",
            "from": 1458301268118
        },
        {
            "id": 1458301321285,
            "type": "click-node",
            "time": "2016-03-18T11:56:31.057Z"
        },
        {
            "id": 1458302192828,
            "text": "Can Wearable Tech Measure Our Stress And Calm Us Down? | Co.Exist | ideas + impact",
            "url": "http://www.fastcoexist.com/3046996/can-wearable-tech-measure-our-stress-and-calm-us-down-no-ones-cracked-the-code-yet",
            "type": "revisit",
            "time": "2016-03-18T11:56:32.828Z",
            "endTime": "2016-03-18T11:56:34.643Z",
            "favIconUrl": "http://www.fastcoexist.com/favicon.ico",
            "from": 1458301268118
        },
        {
            "id": 1458302195484,
            "text": "Wearable that measure stress",
            "url": "https://www.google.co.uk/webhp?sourceid=chrome-instant&ion=1&espv=2&ie=UTF-8#q=Wearable+that+measure+stress",
            "type": "revisit",
            "time": "2016-03-18T11:56:35.484Z",
            "endTime": "2016-03-18T11:56:37.647Z",
            "favIconUrl": "https://www.google.co.uk/images/branding/product/ico/googleg_lodp.ico",
            "from": 1458301268118
        },
        {
            "id": 1458302210570,
            "text": "Can Wearable Tech Measure Our Stress And Calm Us Down? | Co.Exist | ideas + impact",
            "url": "http://www.fastcoexist.com/3046996/can-wearable-tech-measure-our-stress-and-calm-us-down-no-ones-cracked-the-code-yet",
            "type": "revisit",
            "time": "2016-03-18T11:56:50.570Z",
            "endTime": "2016-03-18T11:57:04.642Z",
            "favIconUrl": "http://www.fastcoexist.com/favicon.ico",
            "from": 1458301268118
        },
        {
            "id": 1458302213480,
            "text": "New Trackers Claim to Measure Your Stress, But Do They Work?",
            "url": "http://www.livescience.com/49452-trackers-measure-stress-heart-rate-variability.html",
            "type": "link",
            "time": "2016-03-18T11:56:53.480Z",
            "endTime": "2016-03-18T12:13:47.642Z",
            "favIconUrl": "http://i.livescience.com/images/site/favicon.ico",
            "image": "1458302213480.png",
            "seen": true
        },
        {
            "id": 1458302224861,
            "text": "Can Wearable Tech Measure Our Stress And Calm Us Down? | Co.Exist | ideas + impact",
            "url": "http://www.fastcoexist.com/3046996/can-wearable-tech-measure-our-stress-and-calm-us-down-no-ones-cracked-the-code-yet/2",
            "type": "link",
            "time": "2016-03-18T11:57:04.861Z",
            "endTime": "2016-03-18T12:02:45.644Z",
            "favIconUrl": "http://www.fastcoexist.com/favicon.ico",
            "image": "1458302224861.png",
            "from": 1458301268118,
            "seen": true
        },
        {
            "id": 1458302225803,
            "text": "Can Wearable Tech Measure Our Stress And Calm Us Down? | Co.Exist | ideas + impact",
            "url": "http://www.fastcoexist.com/3046996/can-wearable-tech-measure-our-stress-and-calm-us-down-no-ones-cracked-the-code-yet/3",
            "type": "link",
            "time": "2016-03-18T11:57:05.803Z",
            "endTime": "2016-03-18T11:57:06.642Z",
            "favIconUrl": "http://www.fastcoexist.com/favicon.ico",
            "image": "1458302225803.png",
            "from": 1458301268118,
            "seen": true
        },
        {
            "id": 1458302227041,
            "text": "Can Wearable Tech Measure Our Stress And Calm Us Down? | Co.Exist | ideas + impact",
            "url": "http://www.fastcoexist.com/3046996/can-wearable-tech-measure-our-stress-and-calm-us-down-no-ones-cracked-the-code-yet/4",
            "type": "link",
            "time": "2016-03-18T11:57:07.041Z",
            "endTime": "2016-03-18T11:57:15.642Z",
            "favIconUrl": "http://www.fastcoexist.com/favicon.ico",
            "image": "1458302227041.png",
            "from": 1458301268118,
            "seen": true
        },
        {
            "id": 1458302235754,
            "text": "Can Wearable Tech Measure Our Stress And Calm Us Down? | Co.Exist | ideas + impact",
            "url": "http://www.fastcoexist.com/3046996/can-wearable-tech-measure-our-stress-and-calm-us-down-no-ones-cracked-the-code-yet/5",
            "type": "link",
            "time": "2016-03-18T11:57:15.754Z",
            "endTime": "2016-03-18T11:57:17.643Z",
            "favIconUrl": "http://www.fastcoexist.com/favicon.ico",
            "image": "1458302235754.png",
            "from": 1458301268118,
            "seen": true
        },
        {
            "id": 1458302238203,
            "text": "Can Wearable Tech Measure Our Stress And Calm Us Down? | Co.Exist | ideas + impact",
            "url": "http://www.fastcoexist.com/3046996/can-wearable-tech-measure-our-stress-and-calm-us-down-no-ones-cracked-the-code-yet/6",
            "type": "link",
            "time": "2016-03-18T11:57:18.203Z",
            "endTime": "2016-03-18T11:57:43.642Z",
            "favIconUrl": "http://www.fastcoexist.com/favicon.ico",
            "image": "1458302238203.png",
            "from": 1458301268118,
            "seen": true
        },
        {
            "id": 1458302263951,
            "text": "Can Wearable Tech Measure Our Stress And Calm Us Down? | Co.Exist | ideas + impact",
            "url": "http://www.fastcoexist.com/3046996/can-wearable-tech-measure-our-stress-and-calm-us-down-no-ones-cracked-the-code-yet/1",
            "type": "link",
            "time": "2016-03-18T11:57:43.951Z",
            "endTime": "2016-03-18T11:57:44.641Z",
            "favIconUrl": "http://www.fastcoexist.com/favicon.ico",
            "from": 1458301268118,
            "seen": true
        },
        {
            "id": 1458302263951,
            "type": "remove-collection-node",
            "time": "2016-03-18T11:57:50.530Z"
        },
        {
            "id": 1458302238203,
            "type": "remove-collection-node",
            "time": "2016-03-18T11:57:52.673Z"
        },
        {
            "id": 1458302235754,
            "type": "remove-collection-node",
            "time": "2016-03-18T11:57:54.264Z"
        },
        {
            "id": 1458302227041,
            "type": "remove-collection-node",
            "time": "2016-03-18T11:57:56.097Z"
        },
        {
            "id": 1458302225803,
            "type": "remove-collection-node",
            "time": "2016-03-18T11:58:02.863Z"
        },
        {
            "id": 1458301290801,
            "type": "remove-collection-node",
            "time": "2016-03-18T11:59:19.093Z"
        },
        {
            "id": 1458302224861,
            "type": "favorite-node",
            "time": "2016-03-18T12:00:26.546Z"
        },
        {
            "id": 1458302224861,
            "type": "click-node",
            "time": "2016-03-18T12:00:58.231Z"
        },
        {
            "id": 1458302477567,
            "text": "WellBe = Heart Rate Variability",
            "url": "http://www.fastcoexist.com/3046996/can-wearable-tech-measure-our-stress-and-calm-us-down-no-ones-cracked-the-code-yet/2",
            "type": "note",
            "time": "2016-03-18T12:01:17.567Z",
            "classId": "sm-1458302477557",
            "path": "/HTML[1]/BODY[1]/DIV[3]/DIV[5]/ARTICLE[1]/DIV[1]/DIV[1]/P[4]/text()[1]|97|/HTML[1]/BODY[1]/DIV[3]/DIV[5]/ARTICLE[1]/DIV[1]/DIV[1]/P[4]/text()[2]|166",
            "from": 1458302224861
        },
        {
            "id": 1458302514165,
            "text": "This New Wearable Device Says It Helps Lower Stress At Work--We Put It To The Test | Co.Exist | ideas + impact",
            "url": "http://www.fastcoexist.com/3033292/this-new-wearable-device-says-it-helps-lower-stress-at-work-we-put-it-to-the-test",
            "type": "link",
            "time": "2016-03-18T12:01:54.165Z",
            "endTime": "2016-03-18T12:01:58.650Z",
            "favIconUrl": "http://www.fastcoexist.com/favicon.ico",
            "image": "1458302514165.png",
            "from": 1458302224861,
            "seen": true
        },
        {
            "id": 1458302563182,
            "text": "Mapping The Most Stressful Places In Life To Figure Out How Stress Is Killing Us | Co.Exist | ideas + impact",
            "url": "http://www.fastcoexist.com/3042375/mapping-the-most-stressful-places-in-life-to-figure-out-how-stress-is-killing-us",
            "type": "link",
            "time": "2016-03-18T12:02:43.182Z",
            "endTime": "2016-03-18T12:05:38.643Z",
            "favIconUrl": "http://www.fastcoexist.com/favicon.ico",
            "image": "1458302563182.png",
            "from": 1458302224861,
            "seen": true
        },
        {
            "id": 1458302566533,
            "text": "This New Wearable Device Says It Helps Lower Stress At Work--We Put It To The Test | Co.Exist | ideas + impact",
            "url": "http://www.fastcoexist.com/3033292/this-new-wearable-device-says-it-helps-lower-stress-at-work-we-put-it-to-the-test",
            "type": "revisit",
            "time": "2016-03-18T12:02:46.533Z",
            "endTime": "2016-03-18T12:05:09.648Z",
            "favIconUrl": "http://www.fastcoexist.com/favicon.ico",
            "from": 1458302224861
        },
        {
            "id": 1458302514165,
            "type": "favorite-node",
            "time": "2016-03-18T12:03:58.597Z"
        },
        {
            "id": 1458302686359,
            "text": "Measures breathing",
            "url": "http://www.fastcoexist.com/3033292/this-new-wearable-device-says-it-helps-lower-stress-at-work-we-put-it-to-the-test",
            "type": "note",
            "time": "2016-03-18T12:04:46.359Z",
            "classId": "sm-1458302686351",
            "path": "/HTML[1]/BODY[1]/DIV[3]/DIV[5]/ARTICLE[1]/DIV[1]/DIV[1]/P[2]/text()[1]|0|/HTML[1]/BODY[1]/DIV[3]/DIV[5]/ARTICLE[1]/DIV[1]/DIV[1]/FIGURE[1]|0",
            "from": 1458302514165
        },
        {
            "id": 1458302563182,
            "type": "click-node",
            "time": "2016-03-18T12:05:10.572Z"
        },
        {
            "id": 1458302514165,
            "type": "curate-node",
            "time": "2016-03-18T12:05:27.811Z",
            "trp": {
                "width": 151,
                "height": 200,
                "x": 0,
                "y": 0
            }
        },
        {
            "id": 1458302514165,
            "type": "move-node",
            "time": "2016-03-18T12:05:37.676Z",
            "trp": {
                "width": 151,
                "height": 200,
                "x": 460,
                "y": 73
            }
        },
        {
            "id": 1458302224861,
            "type": "click-node",
            "time": "2016-03-18T12:05:38.827Z"
        },
        {
            "id": 1458302738860,
            "text": "Can Wearable Tech Measure Our Stress And Calm Us Down? | Co.Exist | ideas + impact",
            "url": "http://www.fastcoexist.com/3046996/can-wearable-tech-measure-our-stress-and-calm-us-down-no-ones-cracked-the-code-yet/2",
            "type": "revisit",
            "time": "2016-03-18T12:05:38.860Z",
            "endTime": "2016-03-18T12:05:43.645Z",
            "favIconUrl": "http://www.fastcoexist.com/favicon.ico",
            "from": 1458302224861
        },
        {
            "id": 1458302224861,
            "type": "curate-node",
            "time": "2016-03-18T12:05:40.760Z",
            "trp": {
                "width": 151,
                "height": 200,
                "x": 93,
                "y": 72
            }
        },
        {
            "id": 1458302743926,
            "text": "Mapping The Most Stressful Places In Life To Figure Out How Stress Is Killing Us | Co.Exist | ideas + impact",
            "url": "http://www.fastcoexist.com/3042375/mapping-the-most-stressful-places-in-life-to-figure-out-how-stress-is-killing-us",
            "type": "revisit",
            "time": "2016-03-18T12:05:43.926Z",
            "endTime": "2016-03-18T12:05:44.644Z",
            "favIconUrl": "http://www.fastcoexist.com/favicon.ico",
            "from": 1458302224861
        },
        {
            "id": 1458302745426,
            "text": "This New Wearable Device Says It Helps Lower Stress At Work--We Put It To The Test | Co.Exist | ideas + impact",
            "url": "http://www.fastcoexist.com/3033292/this-new-wearable-device-says-it-helps-lower-stress-at-work-we-put-it-to-the-test",
            "type": "revisit",
            "time": "2016-03-18T12:05:45.426Z",
            "endTime": "2016-03-18T12:05:48.649Z",
            "favIconUrl": "http://www.fastcoexist.com/favicon.ico",
            "from": 1458302224861
        },
        {
            "id": 1458302748792,
            "text": "Can Wearable Tech Measure Our Stress And Calm Us Down? | Co.Exist | ideas + impact",
            "url": "http://www.fastcoexist.com/3046996/can-wearable-tech-measure-our-stress-and-calm-us-down-no-ones-cracked-the-code-yet/2",
            "type": "revisit",
            "time": "2016-03-18T12:05:48.792Z",
            "endTime": "2016-03-18T12:05:52.645Z",
            "favIconUrl": "http://www.fastcoexist.com/favicon.ico",
            "from": 1458302224861
        },
        {
            "id": 1458302753508,
            "text": "This New Wearable Device Says It Helps Lower Stress At Work--We Put It To The Test | Co.Exist | ideas + impact",
            "url": "http://www.fastcoexist.com/3033292/this-new-wearable-device-says-it-helps-lower-stress-at-work-we-put-it-to-the-test",
            "type": "revisit",
            "time": "2016-03-18T12:05:53.508Z",
            "endTime": "2016-03-18T12:08:36.644Z",
            "favIconUrl": "http://www.fastcoexist.com/favicon.ico",
            "from": 1458302224861
        },
        {
            "id": 1458302224861,
            "type": "move-node",
            "time": "2016-03-18T12:05:59.606Z",
            "trp": {
                "width": 151,
                "height": 200,
                "x": 43,
                "y": 81
            }
        },
        {
            "id": 1458302514165,
            "type": "move-node",
            "time": "2016-03-18T12:06:02.515Z",
            "trp": {
                "width": 151,
                "height": 200,
                "x": 422,
                "y": 38
            }
        },
        {
            "id": 1458302224861,
            "type": "move-node",
            "time": "2016-03-18T12:06:04.129Z",
            "trp": {
                "width": 151,
                "height": 200,
                "x": 60,
                "y": 16
            }
        },
        {
            "type": "remove-link",
            "time": "2016-03-18T12:06:05.717Z",
            "sourceId": 1458302224861,
            "targetId": 1458302514165
        },
        {
            "type": "remove-link",
            "time": "2016-03-18T12:06:07.138Z",
            "sourceId": 1458302224861,
            "targetId": 1458302514165
        },
        {
            "type": "remove-link",
            "time": "2016-03-18T12:06:08.604Z",
            "sourceId": 1458302224861,
            "targetId": 1458302514165
        },
        {
            "type": "remove-link",
            "time": "2016-03-18T12:06:09.320Z",
            "sourceId": 1458302224861,
            "targetId": 1458302514165
        },
        {
            "type": "remove-link",
            "time": "2016-03-18T12:06:10.169Z",
            "sourceId": 1458302224861,
            "targetId": 1458302514165
        },
        {
            "type": "remove-link",
            "time": "2016-03-18T12:06:10.350Z",
            "sourceId": 1458302224861,
            "targetId": 1458302514165
        },
        {
            "type": "remove-link",
            "time": "2016-03-18T12:06:10.541Z",
            "sourceId": 1458302224861,
            "targetId": 1458302514165
        },
        {
            "type": "remove-link",
            "time": "2016-03-18T12:06:11.067Z",
            "sourceId": 1458302224861,
            "targetId": 1458302514165
        },
        {
            "type": "remove-link",
            "time": "2016-03-18T12:06:11.270Z",
            "sourceId": 1458302224861,
            "targetId": 1458302514165
        },
        {
            "type": "remove-link",
            "time": "2016-03-18T12:06:11.462Z",
            "sourceId": 1458302224861,
            "targetId": 1458302514165
        },
        {
            "type": "remove-link",
            "time": "2016-03-18T12:06:12.532Z",
            "sourceId": 1458302224861,
            "targetId": 1458302514165
        },
        {
            "type": "remove-link",
            "time": "2016-03-18T12:06:12.724Z",
            "sourceId": 1458302224861,
            "targetId": 1458302514165
        },
        {
            "type": "remove-link",
            "time": "2016-03-18T12:06:14.663Z",
            "sourceId": 1458302224861,
            "targetId": 1458302514165
        },
        {
            "type": "remove-link",
            "time": "2016-03-18T12:06:14.854Z",
            "sourceId": 1458302224861,
            "targetId": 1458302514165
        },
        {
            "type": "remove-link",
            "time": "2016-03-18T12:06:15.392Z",
            "sourceId": 1458302224861,
            "targetId": 1458302514165
        },
        {
            "type": "remove-link",
            "time": "2016-03-18T12:06:15.583Z",
            "sourceId": 1458302224861,
            "targetId": 1458302514165
        },
        {
            "type": "remove-link",
            "time": "2016-03-18T12:06:16.350Z",
            "sourceId": 1458302224861,
            "targetId": 1458302514165
        },
        {
            "type": "remove-link",
            "time": "2016-03-18T12:06:16.532Z",
            "sourceId": 1458302224861,
            "targetId": 1458302514165
        },
        {
            "type": "remove-link",
            "time": "2016-03-18T12:06:17.169Z",
            "sourceId": 1458302224861,
            "targetId": 1458302514165
        },
        {
            "type": "remove-link",
            "time": "2016-03-18T12:06:17.270Z",
            "sourceId": 1458302224861,
            "targetId": 1458302514165
        },
        {
            "type": "remove-link",
            "time": "2016-03-18T12:06:17.442Z",
            "sourceId": 1458302224861,
            "targetId": 1458302514165
        },
        {
            "type": "remove-link",
            "time": "2016-03-18T12:06:17.615Z",
            "sourceId": 1458302224861,
            "targetId": 1458302514165
        },
        {
            "type": "remove-link",
            "time": "2016-03-18T12:06:17.805Z",
            "sourceId": 1458302224861,
            "targetId": 1458302514165
        },
        {
            "type": "remove-link",
            "time": "2016-03-18T12:06:17.956Z",
            "sourceId": 1458302224861,
            "targetId": 1458302514165
        },
        {
            "type": "remove-link",
            "time": "2016-03-18T12:06:18.129Z",
            "sourceId": 1458302224861,
            "targetId": 1458302514165
        },
        {
            "type": "remove-link",
            "time": "2016-03-18T12:06:18.301Z",
            "sourceId": 1458302224861,
            "targetId": 1458302514165
        },
        {
            "type": "remove-link",
            "time": "2016-03-18T12:06:18.492Z",
            "sourceId": 1458302224861,
            "targetId": 1458302514165
        },
        {
            "type": "remove-link",
            "time": "2016-03-18T12:06:18.664Z",
            "sourceId": 1458302224861,
            "targetId": 1458302514165
        },
        {
            "type": "remove-link",
            "time": "2016-03-18T12:06:18.855Z",
            "sourceId": 1458302224861,
            "targetId": 1458302514165
        },
        {
            "type": "remove-link",
            "time": "2016-03-18T12:06:19.027Z",
            "sourceId": 1458302224861,
            "targetId": 1458302514165
        },
        {
            "type": "remove-link",
            "time": "2016-03-18T12:06:19.189Z",
            "sourceId": 1458302224861,
            "targetId": 1458302514165
        },
        {
            "type": "remove-link",
            "time": "2016-03-18T12:06:19.411Z",
            "sourceId": 1458302224861,
            "targetId": 1458302514165
        },
        {
            "type": "remove-link",
            "time": "2016-03-18T12:06:19.593Z",
            "sourceId": 1458302224861,
            "targetId": 1458302514165
        },
        {
            "type": "remove-link",
            "time": "2016-03-18T12:06:19.775Z",
            "sourceId": 1458302224861,
            "targetId": 1458302514165
        },
        {
            "type": "remove-link",
            "time": "2016-03-18T12:06:19.956Z",
            "sourceId": 1458302224861,
            "targetId": 1458302514165
        },
        {
            "type": "remove-link",
            "time": "2016-03-18T12:06:20.158Z",
            "sourceId": 1458302224861,
            "targetId": 1458302514165
        },
        {
            "type": "remove-link",
            "time": "2016-03-18T12:06:20.340Z",
            "sourceId": 1458302224861,
            "targetId": 1458302514165
        },
        {
            "type": "remove-link",
            "time": "2016-03-18T12:06:20.553Z",
            "sourceId": 1458302224861,
            "targetId": 1458302514165
        },
        {
            "type": "remove-link",
            "time": "2016-03-18T12:06:20.765Z",
            "sourceId": 1458302224861,
            "targetId": 1458302514165
        },
        {
            "type": "remove-link",
            "time": "2016-03-18T12:06:20.977Z",
            "sourceId": 1458302224861,
            "targetId": 1458302514165
        },
        {
            "type": "remove-link",
            "time": "2016-03-18T12:06:21.190Z",
            "sourceId": 1458302224861,
            "targetId": 1458302514165
        },
        {
            "type": "remove-link",
            "time": "2016-03-18T12:06:21.391Z",
            "sourceId": 1458302224861,
            "targetId": 1458302514165
        },
        {
            "type": "remove-link",
            "time": "2016-03-18T12:06:21.603Z",
            "sourceId": 1458302224861,
            "targetId": 1458302514165
        },
        {
            "type": "remove-link",
            "time": "2016-03-18T12:06:21.795Z",
            "sourceId": 1458302224861,
            "targetId": 1458302514165
        },
        {
            "type": "remove-link",
            "time": "2016-03-18T12:06:22.007Z",
            "sourceId": 1458302224861,
            "targetId": 1458302514165
        },
        {
            "type": "remove-link",
            "time": "2016-03-18T12:06:22.210Z",
            "sourceId": 1458302224861,
            "targetId": 1458302514165
        },
        {
            "type": "remove-link",
            "time": "2016-03-18T12:06:22.421Z",
            "sourceId": 1458302224861,
            "targetId": 1458302514165
        },
        {
            "type": "remove-link",
            "time": "2016-03-18T12:06:22.633Z",
            "sourceId": 1458302224861,
            "targetId": 1458302514165
        },
        {
            "type": "remove-link",
            "time": "2016-03-18T12:06:22.836Z",
            "sourceId": 1458302224861,
            "targetId": 1458302514165
        },
        {
            "type": "remove-link",
            "time": "2016-03-18T12:06:23.027Z",
            "sourceId": 1458302224861,
            "targetId": 1458302514165
        },
        {
            "type": "remove-link",
            "time": "2016-03-18T12:06:23.300Z",
            "sourceId": 1458302224861,
            "targetId": 1458302514165
        },
        {
            "id": 1458302514165,
            "type": "move-node",
            "time": "2016-03-18T12:06:29.661Z",
            "trp": {
                "width": 151,
                "height": 200,
                "x": 422,
                "y": 38
            }
        },
        {
            "id": 1458302514165,
            "type": "move-node",
            "time": "2016-03-18T12:06:31.610Z",
            "trp": {
                "width": 151,
                "height": 200,
                "x": 443,
                "y": 116
            }
        },
        {
            "type": "remove-link",
            "time": "2016-03-18T12:06:33.767Z",
            "sourceId": 1458302224861,
            "targetId": 1458302514165
        },
        {
            "id": 1458302514165,
            "type": "move-node",
            "time": "2016-03-18T12:06:38.309Z",
            "trp": {
                "width": 151,
                "height": 200,
                "x": 443,
                "y": 116
            }
        },
        {
            "id": 1458302514165,
            "type": "move-node",
            "time": "2016-03-18T12:06:41.237Z",
            "trp": {
                "width": 151,
                "height": 200,
                "x": 443,
                "y": 116
            }
        },
        {
            "id": 1458302514165,
            "type": "remove-curation-node",
            "time": "2016-03-18T12:06:41.251Z"
        },
        {
            "id": 1458302514165,
            "type": "curate-node",
            "time": "2016-03-18T12:07:10.129Z",
            "trp": {
                "width": 151,
                "height": 200,
                "x": 0,
                "y": 336
            }
        },
        {
            "type": "remove-link",
            "time": "2016-03-18T12:07:14.626Z",
            "sourceId": 1458302224861,
            "targetId": 1458302514165
        },
        {
            "id": 1458302514165,
            "type": "move-node",
            "time": "2016-03-18T12:07:17.288Z",
            "trp": {
                "width": 151,
                "height": 200,
                "x": 60,
                "y": 336
            }
        },
        {
            "id": 1458302514165,
            "type": "move-node",
            "time": "2016-03-18T12:07:21.672Z",
            "trp": {
                "width": 151,
                "height": 200,
                "x": 350,
                "y": 183
            }
        },
        {
            "id": 1458302514165,
            "type": "move-node",
            "time": "2016-03-18T12:07:27.471Z",
            "trp": {
                "width": 151,
                "height": 200,
                "x": 463,
                "y": 44
            }
        },
        {
            "id": 1458302224861,
            "type": "move-node",
            "time": "2016-03-18T12:07:29.048Z",
            "trp": {
                "width": 151,
                "height": 200,
                "x": 93,
                "y": 72
            }
        },
        {
            "id": 1458302514165,
            "type": "move-node",
            "time": "2016-03-18T12:07:31.108Z",
            "trp": {
                "width": 151,
                "height": 200,
                "x": 460,
                "y": 73
            }
        },
        {
            "id": 1458302514165,
            "type": "move-node",
            "time": "2016-03-18T12:08:34.391Z",
            "trp": {
                "width": 151,
                "height": 200,
                "x": 444,
                "y": 73
            }
        },
        {
            "id": 1458302686359,
            "type": "click-node",
            "time": "2016-03-18T12:08:34.391Z"
        },
        {
            "id": 1458302917296,
            "text": "Mapping The Most Stressful Places In Life To Figure Out How Stress Is Killing Us | Co.Exist | ideas + impact",
            "url": "http://www.fastcoexist.com/3042375/mapping-the-most-stressful-places-in-life-to-figure-out-how-stress-is-killing-us",
            "type": "revisit",
            "time": "2016-03-18T12:08:37.296Z",
            "endTime": "2016-03-18T12:10:11.647Z",
            "favIconUrl": "http://www.fastcoexist.com/favicon.ico",
            "from": 1458302224861
        },
        {
            "id": 1458302952881,
            "text": "Galvanic Response",
            "url": "http://www.fastcoexist.com/3042375/mapping-the-most-stressful-places-in-life-to-figure-out-how-stress-is-killing-us",
            "type": "note",
            "time": "2016-03-18T12:09:12.881Z",
            "classId": "sm-1458302952866",
            "path": "/HTML[1]/BODY[1]/DIV[3]/DIV[5]/ARTICLE[1]/DIV[1]/DIV[1]/P[3]/text()[1]|0|/HTML[1]/BODY[1]/DIV[3]/DIV[5]/ARTICLE[1]/DIV[1]/DIV[1]/P[3]/text()[2]|447",
            "from": 1458302563182
        },
        {
            "id": 1458302563182,
            "type": "favorite-node",
            "time": "2016-03-18T12:09:18.348Z"
        },
        {
            "id": 1458302563182,
            "type": "curate-node",
            "time": "2016-03-18T12:10:03.672Z",
            "trp": {
                "width": 151,
                "height": 200,
                "x": 0,
                "y": 293
            }
        },
        {
            "id": 1458302563182,
            "type": "move-node",
            "time": "2016-03-18T12:10:06.165Z",
            "trp": {
                "width": 151,
                "height": 200,
                "x": 395,
                "y": 344
            }
        },
        {
            "type": "remove-link",
            "time": "2016-03-18T12:10:07.730Z",
            "sourceId": 1458302224861,
            "targetId": 1458302563182
        },
        {
            "id": 1458302563182,
            "type": "move-node",
            "time": "2016-03-18T12:10:09.740Z",
            "trp": {
                "width": 151,
                "height": 200,
                "x": 237,
                "y": 74
            }
        },
        {
            "id": 1458302224861,
            "type": "move-node",
            "time": "2016-03-18T12:10:12.276Z",
            "trp": {
                "width": 151,
                "height": 200,
                "x": 41,
                "y": 74
            }
        },
        {
            "id": 1458302224861,
            "type": "click-node",
            "time": "2016-03-18T12:10:12.277Z"
        },
        {
            "id": 1458303014202,
            "text": "Mapping The Most Stressful Places In Life To Figure Out How Stress Is Killing Us | Co.Exist | ideas + impact",
            "url": "http://www.fastcoexist.com/3042375/mapping-the-most-stressful-places-in-life-to-figure-out-how-stress-is-killing-us",
            "type": "revisit",
            "time": "2016-03-18T12:10:14.202Z",
            "endTime": "2016-03-18T12:10:54.643Z",
            "favIconUrl": "http://www.fastcoexist.com/favicon.ico",
            "from": 1458302224861
        },
        {
            "id": 1458302224861,
            "type": "move-node",
            "time": "2016-03-18T12:10:19.752Z",
            "trp": {
                "width": 151,
                "height": 200,
                "x": 43,
                "y": 38
            }
        },
        {
            "id": 1458302563182,
            "type": "move-node",
            "time": "2016-03-18T12:10:23.267Z",
            "trp": {
                "width": 151,
                "height": 200,
                "x": 251,
                "y": 39
            }
        },
        {
            "id": 1458302514165,
            "type": "move-node",
            "time": "2016-03-18T12:10:25.015Z",
            "trp": {
                "width": 151,
                "height": 200,
                "x": 446,
                "y": 40
            }
        },
        {
            "id": 1458301321285,
            "type": "minimize-node",
            "time": "2016-03-18T12:10:51.411Z"
        },
        {
            "id": 1458302213480,
            "type": "curate-node",
            "time": "2016-03-18T12:11:37.400Z",
            "trp": {
                "width": 151,
                "height": 179.15625,
                "x": 0,
                "y": 294
            }
        },
        {
            "id": 1458302213480,
            "type": "move-node",
            "time": "2016-03-18T12:11:40.305Z",
            "trp": {
                "width": 151,
                "height": 179.15625,
                "x": 71,
                "y": 376
            }
        },
        {
            "id": 1458302224861,
            "type": "move-node",
            "time": "2016-03-18T12:11:43.465Z",
            "trp": {
                "width": 151,
                "height": 200,
                "x": 38,
                "y": 57
            }
        },
        {
            "id": 1458302224861,
            "type": "move-node",
            "time": "2016-03-18T12:11:45.214Z",
            "trp": {
                "width": 151,
                "height": 200,
                "x": 47,
                "y": 76
            }
        },
        {
            "id": 1458302224861,
            "type": "move-node",
            "time": "2016-03-18T12:11:49.082Z",
            "trp": {
                "width": 151,
                "height": 200,
                "x": 43,
                "y": 38
            }
        },
        {
            "type": "add-link",
            "time": "2016-03-18T12:11:52.435Z",
            "sourceId": 1458302224861,
            "targetId": 1458302213480
        },
        {
            "id": 1458302213480,
            "type": "move-node",
            "time": "2016-03-18T12:11:57.991Z",
            "trp": {
                "width": 151,
                "height": 179.15625,
                "x": 35,
                "y": 351
            }
        },
        {
            "id": 1458302213480,
            "type": "move-node",
            "time": "2016-03-18T12:11:59.402Z",
            "trp": {
                "width": 151,
                "height": 200,
                "x": 44,
                "y": 347
            }
        },
        {
            "id": 1458302563182,
            "type": "move-node",
            "time": "2016-03-18T12:12:01.324Z",
            "trp": {
                "width": 151,
                "height": 200,
                "x": 251,
                "y": 39
            }
        },
        {
            "id": 1458302514165,
            "type": "move-node",
            "time": "2016-03-18T12:12:03.749Z",
            "trp": {
                "width": 151,
                "height": 200,
                "x": 446,
                "y": 40
            }
        },
        {
            "id": 1458303179615,
            "text": "Problem",
            "url": "http://www.livescience.com/49452-trackers-measure-stress-heart-rate-variability.html",
            "type": "note",
            "time": "2016-03-18T12:12:59.615Z",
            "classId": "sm-1458303179603",
            "path": "/HTML[1]/BODY[1]/DIV[2]/DIV[2]/DIV[1]/DIV[1]/DIV[3]/DIV[1]/P[18]/text()[1]|2|/HTML[1]/BODY[1]/DIV[2]/DIV[2]/DIV[1]/DIV[1]/DIV[3]/DIV[1]/P[19]|0",
            "from": 1458302213480
        },
        {
            "id": 1458302213480,
            "type": "move-node",
            "time": "2016-03-18T12:13:18.122Z",
            "trp": {
                "width": 151,
                "height": 200,
                "x": 44,
                "y": 347
            }
        }
    ]
}