{
    "data": [
        {
            "time": 1468505730323,
            "type": "col-mousemove"
        },
        {
            "time": 1468505731343,
            "type": "col-mousemove"
        },
        {
            "time": 1468505741638,
            "type": "col-mousemove"
        },
        {
            "time": 1468505743519,
            "type": "col-blur"
        },
        {
            "time": 1468505749621,
            "type": "col-mousemove"
        },
        {
            "time": 1468505765855,
            "type": "col-focus"
        },
        {
            "time": 1468505766079,
            "type": "col-mousemove"
        },
        {
            "time": 1468505766357,
            "type": "col-mousedown"
        },
        {
            "time": 1468505766637,
            "type": "col-mousemove"
        },
        {
            "time": 1468505767821,
            "type": "col-mousemove"
        },
        {
            "time": 1468505772612,
            "type": "col-mousemove"
        },
        {
            "time": 1468505775660,
            "type": "col-mousemove"
        },
        {
            "time": 1468505776917,
            "type": "col-mousemove"
        },
        {
            "time": 1468505781125,
            "type": "col-mousemove"
        },
        {
            "time": 1468505784292,
            "type": "col-mousemove"
        },
        {
            "time": 1468505785295,
            "type": "col-mousemove"
        },
        {
            "time": 1468505786717,
            "type": "col-mousedown"
        },
        {
            "time": 1468505787168,
            "type": "col-blur"
        },
        {
            "time": 1468505791305,
            "type": "mousemove",
            "url": "https://books.google.co.uk/books?id=oseYAwAAQBAJ&pg=PA240&lpg=PA240&dq=movement+intensity+sensor+for+ambulatory+subjects&source=bl&ots=K-0VbmUnYL&sig=kBPnjOH8G0-auhcX8i3APHrxm3o&hl=en&sa=X&ved=0ahUKEwjKqeORqcrLAhUBgw8KHWhUB4sQ6AEIMDAE#v=onepage&q&f=false"
        },
        {
            "time": 1468505792318,
            "type": "mousemove"
        },
        {
            "time": 1468505794954,
            "type": "mousedown"
        },
        {
            "time": 1468505796943,
            "type": "mousemove",
            "url": "https://books.google.co.uk/books?id=oseYAwAAQBAJ&dq=movement+intensity+sensor+for+ambulatory+subjects&source=gbs_navlinks_s"
        },
        {
            "time": 1468505797945,
            "type": "mousemove"
        },
        {
            "time": 1468505799564,
            "type": "mousemove"
        },
        {
            "time": 1468505804227,
            "type": "mousemove"
        },
        {
            "time": 1468505805175,
            "type": "mousedown"
        },
        {
            "time": 1468505808988,
            "type": "mousemove",
            "url": "https://books.google.co.uk/books?id=oseYAwAAQBAJ&printsec=frontcover&source=gbs_ge_summary_r&cad=0#v=onepage&q&f=false"
        },
        {
            "time": 1468505809548,
            "type": "mousewheel"
        },
        {
            "time": 1468505809563,
            "type": "mousemove"
        },
        {
            "time": 1468505809586,
            "type": "mousewheel"
        },
        {
            "time": 1468505809618,
            "type": "mousemove"
        },
        {
            "time": 1468505809627,
            "type": "mousewheel"
        },
        {
            "time": 1468505809636,
            "type": "mousemove"
        },
        {
            "time": 1468505809659,
            "type": "mousewheel"
        },
        {
            "time": 1468505810058,
            "type": "mousemove"
        },
        {
            "time": 1468505810163,
            "type": "mousewheel"
        },
        {
            "time": 1468505810178,
            "type": "mousemove"
        },
        {
            "time": 1468505810214,
            "type": "mousewheel"
        },
        {
            "time": 1468505810227,
            "type": "mousemove"
        },
        {
            "time": 1468505810514,
            "type": "mousewheel"
        },
        {
            "time": 1468505810987,
            "type": "mousemove"
        },
        {
            "time": 1468505811994,
            "type": "mousemove"
        },
        {
            "time": 1468505813307,
            "type": "mousemove"
        },
        {
            "time": 1468505814339,
            "type": "mousemove"
        },
        {
            "time": 1468505814733,
            "type": "mousedown"
        },
        {
            "time": 1468505815979,
            "type": "mousemove",
            "url": "https://books.google.co.uk/bkshp?hl=en&tab=pp&authuser=0"
        },
        {
            "time": 1468505817032,
            "type": "col-mousemove"
        },
        {
            "time": 1468505818473,
            "type": "blur"
        },
        {
            "time": 1468505818476,
            "type": "col-focus"
        },
        {
            "time": 1468505818716,
            "type": "col-mousemove"
        },
        {
            "time": 1468505819732,
            "type": "col-mousemove"
        },
        {
            "time": 1468505820348,
            "type": "col-mousedown"
        },
        {
            "time": 1468505820972,
            "type": "col-mousemove"
        },
        {
            "time": 1468505821982,
            "type": "col-mousemove"
        },
        {
            "time": 1468505822624,
            "type": "mousemove"
        },
        {
            "time": 1468505823498,
            "type": "col-blur"
        },
        {
            "time": 1468505823500,
            "type": "focus"
        },
        {
            "time": 1468505823620,
            "type": "blur"
        },
        {
            "time": 1468505823625,
            "type": "focus",
            "url": "http://www.vitamove.nl/"
        },
        {
            "time": 1468505826092,
            "type": "col-mousemove"
        },
        {
            "time": 1468505838252,
            "type": "col-mousemove"
        },
        {
            "time": 1468505843347,
            "type": "blur"
        },
        {
            "time": 1468505849836,
            "type": "col-mousemove"
        },
        {
            "time": 1468505856130,
            "type": "col-focus"
        },
        {
            "time": 1468505856370,
            "type": "col-mousemove"
        },
        {
            "time": 1468505866875,
            "type": "col-blur"
        },
        {
            "time": 1468505871131,
            "type": "focus"
        },
        {
            "time": 1468505871267,
            "type": "mousemove"
        },
        {
            "time": 1468505874568,
            "type": "mousemove"
        },
        {
            "time": 1468505875648,
            "type": "mousemove"
        },
        {
            "time": 1468505877112,
            "type": "mousemove"
        },
        {
            "time": 1468505878089,
            "type": "blur"
        },
        {
            "time": 1468505878550,
            "type": "col-mousemove"
        },
        {
            "time": 1468505878691,
            "type": "col-focus"
        },
        {
            "time": 1468505878977,
            "type": "col-mousemove"
        },
        {
            "time": 1468505879250,
            "type": "col-blur"
        },
        {
            "time": 1468505880741,
            "type": "col-mousemove"
        },
        {
            "time": 1468505884916,
            "type": "col-mousemove"
        },
        {
            "time": 1468505885514,
            "type": "col-focus"
        },
        {
            "time": 1468505885712,
            "type": "col-mousemove"
        },
        {
            "time": 1468505916608,
            "type": "mousewheel"
        },
        {
            "time": 1468505917711,
            "type": "mousewheel"
        },
        {
            "time": 1468505919015,
            "type": "mousewheel"
        },
        {
            "time": 1468505920615,
            "type": "mousewheel"
        },
        {
            "time": 1468505921776,
            "type": "mousewheel"
        },
        {
            "time": 1468505923079,
            "type": "mousewheel"
        },
        {
            "time": 1468505924816,
            "type": "focus"
        },
        {
            "time": 1468505924815,
            "type": "col-blur"
        },
        {
            "time": 1468505925354,
            "type": "mousemove"
        },
        {
            "time": 1468505925511,
            "type": "mousedown"
        },
        {
            "time": 1468505925566,
            "type": "mousemove"
        },
        {
            "time": 1468505927033,
            "type": "mousemove"
        },
        {
            "time": 1468505927384,
            "type": "mousedown"
        },
        {
            "time": 1468505928883,
            "type": "mousemove"
        },
        {
            "time": 1468505931222,
            "type": "mousemove"
        },
        {
            "time": 1468505933951,
            "type": "mousewheel"
        },
        {
            "time": 1468505934655,
            "type": "mousemove"
        },
        {
            "time": 1468505934803,
            "type": "col-mousemove"
        },
        {
            "time": 1468505936392,
            "type": "blur"
        },
        {
            "time": 1468505936392,
            "type": "col-focus"
        },
        {
            "time": 1468505936679,
            "type": "col-mousemove"
        },
        {
            "time": 1468505937967,
            "type": "col-mousemove"
        },
        {
            "time": 1468505938654,
            "type": "col-blur"
        },
        {
            "time": 1468506117949,
            "type": "col-mousemove"
        },
        {
            "time": 1468506121412,
            "type": "col-mousemove"
        },
        {
            "time": 1468506137884,
            "type": "col-mousemove"
        },
        {
            "time": 1468506138754,
            "type": "col-focus"
        },
        {
            "time": 1468506138937,
            "type": "col-mousemove"
        },
        {
            "time": 1468506141113,
            "type": "col-mousemove"
        },
        {
            "time": 1468506142407,
            "type": "col-mousemove"
        },
        {
            "time": 1468506145480,
            "type": "col-mousemove"
        },
        {
            "time": 1468506166696,
            "type": "col-blur"
        },
        {
            "time": 1468506186879,
            "type": "col-mousemove"
        },
        {
            "time": 1468506232949,
            "type": "col-mousemove"
        },
        {
            "time": 1468506233559,
            "type": "col-focus"
        },
        {
            "time": 1468506233773,
            "type": "col-mousemove"
        },
        {
            "time": 1468506238582,
            "type": "col-keydown"
        },
        {
            "time": 1468506240779,
            "type": "col-keydown"
        },
        {
            "time": 1468506242066,
            "type": "col-keydown"
        },
        {
            "time": 1468506242439,
            "type": "col-mousemove"
        },
        {
            "time": 1468506243448,
            "type": "col-mousemove"
        },
        {
            "time": 1468506244036,
            "type": "col-mousedown"
        },
        {
            "time": 1468506244300,
            "type": "col-mousemove"
        },
        {
            "time": 1468506245060,
            "type": "col-mousedown"
        }
    ]
}