{
    "startRecordingTime": "2015-03-23T17:43:24Z",
    "data":[
    {
        "id": 1453813556357,
        "text": "reasonable camera for taking baby photos indoor",
        "url": "https://www.google.co.uk/webhp?sourceid=chrome-instant&ion=1&espv=2&ie=UTF-8#q=reasonable%20camera%20for%20taking%20baby%20photos%20indoor",
        "type": "search",
        "time": "2016-01-26T13:05:56.357Z",
        "endTime": 1453813559787,
        "favIconUrl": "https://www.google.co.uk/images/branding/product/ico/googleg_lodp.ico",
        "seen": true
    },
    {
        "id": 1453813562416,
        "text": "The Best Camera for Every Parent",
        "url": "http://gizmodo.com/the-best-camera-for-every-parent-1672235946",
        "type": "link",
        "time": "2016-01-26T13:06:02.416Z",
        "endTime": 1453813738778,
        "favIconUrl": "https://i.kinja-img.com/gawker-media/image/upload/s--O07tru6M--/c_fill,fl_progressive,g_center,h_80,q_80,w_80/fdj3buryz5nuzyf2k620.png",
        "from": 1453813556357,
        "seen": true
    },
    {
        "id": 1453813589919,
        "text": "you want the fastest autofocus you can get",
        "url": "http://gizmodo.com/the-best-camera-for-every-parent-1672235946",
        "type": "highlight",
        "time": "2016-01-26T13:06:29.919Z",
        "favIconUrl": "https://i.kinja-img.com/gawker-media/image/upload/s--O07tru6M--/c_fill,fl_progressive,g_center,h_80,q_80,w_80/fdj3buryz5nuzyf2k620.png",
        "classId": "sm-1453813589916",
        "path": "/HTML[1]/BODY[1]/DIV[5]/SECTION[1]/DIV[1]/SECTION[1]/DIV[3]/ARTICLE[1]/DIV[1]/DIV[1]/DIV[1]/P[6]/text()[1]|57|/HTML[1]/BODY[1]/DIV[5]/SECTION[1]/DIV[1]/SECTION[1]/DIV[3]/ARTICLE[1]/DIV[1]/DIV[1]/DIV[1]/P[6]/text()[1]|99",
        "from": 1453813562416
    },
    {
        "id": 1453813598036,
        "text": "Low-light ability is important because kids spend a lot of time inside the house",
        "url": "http://gizmodo.com/the-best-camera-for-every-parent-1672235946",
        "type": "highlight",
        "time": "2016-01-26T13:06:38.036Z",
        "favIconUrl": "https://i.kinja-img.com/gawker-media/image/upload/s--O07tru6M--/c_fill,fl_progressive,g_center,h_80,q_80,w_80/fdj3buryz5nuzyf2k620.png",
        "classId": "sm-1453813598035",
        "path": "/HTML[1]/BODY[1]/DIV[5]/SECTION[1]/DIV[1]/SECTION[1]/DIV[3]/ARTICLE[1]/DIV[1]/DIV[1]/DIV[1]/P[6]/text()[2]|2|/HTML[1]/BODY[1]/DIV[5]/SECTION[1]/DIV[1]/SECTION[1]/DIV[3]/ARTICLE[1]/DIV[1]/DIV[1]/DIV[1]/P[6]/text()[2]|82",
        "from": 1453813562416
    },
    {
        "id": 1453813609328,
        "text": "far larger sensors",
        "url": "http://gizmodo.com/the-best-camera-for-every-parent-1672235946",
        "type": "highlight",
        "time": "2016-01-26T13:06:49.328Z",
        "favIconUrl": "https://i.kinja-img.com/gawker-media/image/upload/s--O07tru6M--/c_fill,fl_progressive,g_center,h_80,q_80,w_80/fdj3buryz5nuzyf2k620.png",
        "classId": "sm-1453813609327",
        "path": "/HTML[1]/BODY[1]/DIV[5]/SECTION[1]/DIV[1]/SECTION[1]/DIV[3]/ARTICLE[1]/DIV[1]/DIV[1]/DIV[1]/P[7]/text()[1]|201|/HTML[1]/BODY[1]/DIV[5]/SECTION[1]/DIV[1]/SECTION[1]/DIV[3]/ARTICLE[1]/DIV[1]/DIV[1]/DIV[1]/P[7]/text()[1]|219",
        "from": 1453813562416
    },
    {
        "id": 1453813731224,
        "text": "good price, the amazon link is only 700$",
        "url": "http://gizmodo.com/the-best-camera-for-every-parent-1672235946",
        "type": "note",
        "time": "2016-01-26T13:08:51.224Z",
        "favIconUrl": "https://i.kinja-img.com/gawker-media/image/upload/s--O07tru6M--/c_fill,fl_progressive,g_center,h_80,q_80,w_80/fdj3buryz5nuzyf2k620.png",
        "classId": "sm-1453813731224",
        "path": "/HTML[1]/BODY[1]/DIV[5]/SECTION[1]/DIV[1]/SECTION[1]/DIV[3]/ARTICLE[1]/DIV[1]/DIV[1]/DIV[1]/H3[1]/STRONG[1]/text()[1]|0|/HTML[1]/BODY[1]/DIV[5]/SECTION[1]/DIV[1]/SECTION[1]/DIV[3]/ARTICLE[1]/DIV[1]/DIV[1]/DIV[1]/H3[1]/STRONG[1]/text()[1]|33",
        "from": 1453813562416
    },
    {
        "id": 1453813818396,
        "text": "f/1.7-2.8 aperture that lets in lots of light",
        "url": "http://gizmodo.com/the-best-camera-for-every-parent-1672235946",
        "type": "highlight",
        "time": "2016-01-26T13:10:18.396Z",
        "favIconUrl": "https://i.kinja-img.com/gawker-media/image/upload/s--O07tru6M--/c_fill,fl_progressive,g_center,h_80,q_80,w_80/fdj3buryz5nuzyf2k620.png",
        "classId": "sm-1453813818395",
        "path": "/HTML[1]/BODY[1]/DIV[5]/SECTION[1]/DIV[1]/SECTION[1]/DIV[3]/ARTICLE[1]/DIV[1]/DIV[1]/DIV[1]/P[12]/text()[2]|155|/HTML[1]/BODY[1]/DIV[5]/SECTION[1]/DIV[1]/SECTION[1]/DIV[3]/ARTICLE[1]/DIV[1]/DIV[1]/DIV[1]/P[12]/text()[2]|200",
        "from": 1453813562416
    },
    {
        "id": 1453813822756,
        "text": "so, can't upgrade lenses",
        "url": "http://gizmodo.com/the-best-camera-for-every-parent-1672235946",
        "type": "note",
        "time": "2016-01-26T13:10:22.756Z",
        "favIconUrl": "https://i.kinja-img.com/gawker-media/image/upload/s--O07tru6M--/c_fill,fl_progressive,g_center,h_80,q_80,w_80/fdj3buryz5nuzyf2k620.png",
        "classId": "sm-1453813822756",
        "path": "/HTML[1]/BODY[1]/DIV[5]/SECTION[1]/DIV[1]/SECTION[1]/DIV[3]/ARTICLE[1]/DIV[1]/DIV[1]/DIV[1]/P[12]/text()[2]|87|/HTML[1]/BODY[1]/DIV[5]/SECTION[1]/DIV[1]/SECTION[1]/DIV[3]/ARTICLE[1]/DIV[1]/DIV[1]/DIV[1]/P[12]/text()[2]|112",
        "from": 1453813562416
    },
    {
        "id": 1453815271979,
        "text": "Amazon.com : Panasonic LUMIX DMC-LX100K 4K, Point and Shoot Camera with Leica DC Lens (Black) : Manual Massage Tools : Camera & Photo",
        "url": "http://www.amazon.com/Panasonic-LUMIX-LX100-Camera-Integrated/dp/B00GORMJTI/ref=sr_1_1?ie=UTF8&qid=1418848976&sr=8-1&keywords=lx100&tag=gizmodoamzn-20&ascsubtag=40dd39906b136d8827fb012aa75f2b0643babd40&rawdata=%5Br%7Chttps%3A%2F%2Fwww.google.co.uk%2F%5Bt%7Clink%5Bp%7C1672235946%5Ba%7CB00GORMJTI%5Bau%7C5722345908133747874",
        "type": "link",
        "time": "2016-01-26T13:34:31.979Z",
        "endTime": 1453815569715,
        "favIconUrl": "http://www.amazon.com/favicon.ico",
        "from": 1453813562416
    },
    {
        "id": 1453815302739,
        "text": "gorgeous out-of-focus backgrounds ",
        "url": "http://gizmodo.com/the-best-camera-for-every-parent-1672235946",
        "type": "highlight",
        "time": "2016-01-26T13:35:02.739Z",
        "favIconUrl": "https://i.kinja-img.com/gawker-media/image/upload/s--O07tru6M--/c_fill,fl_progressive,g_center,h_80,q_80,w_80/fdj3buryz5nuzyf2k620.png",
        "classId": "sm-1453815302737",
        "path": "/HTML[1]/BODY[1]/DIV[5]/SECTION[1]/DIV[1]/SECTION[1]/DIV[3]/ARTICLE[1]/DIV[1]/DIV[1]/DIV[1]/P[12]/text()[4]|172|/HTML[1]/BODY[1]/DIV[5]/SECTION[1]/DIV[1]/SECTION[1]/DIV[3]/ARTICLE[1]/DIV[1]/DIV[1]/DIV[1]/P[12]/text()[4]|206",
        "from": 1453813562416
    },
    {
        "id": 1453815316575,
        "text": "Here’s a comparison of the LX100 with my iPhone 6 camera. ",
        "url": "http://gizmodo.com/the-best-camera-for-every-parent-1672235946",
        "type": "highlight",
        "time": "2016-01-26T13:35:16.575Z",
        "favIconUrl": "https://i.kinja-img.com/gawker-media/image/upload/s--O07tru6M--/c_fill,fl_progressive,g_center,h_80,q_80,w_80/fdj3buryz5nuzyf2k620.png",
        "classId": "sm-1453815316574",
        "path": "/HTML[1]/BODY[1]/DIV[5]/SECTION[1]/DIV[1]/SECTION[1]/DIV[3]/ARTICLE[1]/DIV[1]/DIV[1]/DIV[1]/P[15]/text()[1]|0|/HTML[1]/BODY[1]/DIV[5]/SECTION[1]/DIV[1]/SECTION[1]/DIV[3]/ARTICLE[1]/DIV[1]/DIV[1]/DIV[1]/P[15]/text()[1]|58",
        "from": 1453813562416
    },
    {
        "id": 1453815333437,
        "text": "4K video",
        "url": "http://gizmodo.com/the-best-camera-for-every-parent-1672235946",
        "type": "highlight",
        "time": "2016-01-26T13:35:33.437Z",
        "favIconUrl": "https://i.kinja-img.com/gawker-media/image/upload/s--O07tru6M--/c_fill,fl_progressive,g_center,h_80,q_80,w_80/fdj3buryz5nuzyf2k620.png",
        "classId": "sm-1453815333436",
        "path": "/HTML[1]/BODY[1]/DIV[5]/SECTION[1]/DIV[1]/SECTION[1]/DIV[3]/ARTICLE[1]/DIV[1]/DIV[1]/DIV[1]/P[17]/text()[1]|28|/HTML[1]/BODY[1]/DIV[5]/SECTION[1]/DIV[1]/SECTION[1]/DIV[3]/ARTICLE[1]/DIV[1]/DIV[1]/DIV[1]/P[17]/text()[1]|36",
        "from": 1453813562416
    },
    {
        "id": 1453815355709,
        "text": "My biggest knock against the LX100 is that the flash is something you have to attach, rather than being built into the body.",
        "url": "http://gizmodo.com/the-best-camera-for-every-parent-1672235946",
        "type": "highlight",
        "time": "2016-01-26T13:35:55.709Z",
        "favIconUrl": "https://i.kinja-img.com/gawker-media/image/upload/s--O07tru6M--/c_fill,fl_progressive,g_center,h_80,q_80,w_80/fdj3buryz5nuzyf2k620.png",
        "classId": "sm-1453815355708",
        "path": "/HTML[1]/BODY[1]/DIV[5]/SECTION[1]/DIV[1]/SECTION[1]/DIV[3]/ARTICLE[1]/DIV[1]/DIV[1]/DIV[1]/P[18]/text()[1]|0|/HTML[1]/BODY[1]/DIV[5]/SECTION[1]/DIV[1]/SECTION[1]/DIV[3]/ARTICLE[1]/DIV[1]/DIV[1]/DIV[1]/P[18]/text()[1]|124",
        "from": 1453813562416
    },
    {
        "id": 1453815536248,
        "text": "same price as the previous one\nsmaller sensor, less quality but better zoom",
        "url": "http://gizmodo.com/the-best-camera-for-every-parent-1672235946",
        "type": "note",
        "time": "2016-01-26T13:38:56.248Z",
        "favIconUrl": "https://i.kinja-img.com/gawker-media/image/upload/s--O07tru6M--/c_fill,fl_progressive,g_center,h_80,q_80,w_80/fdj3buryz5nuzyf2k620.png",
        "classId": "sm-1453815536246",
        "path": "/HTML[1]/BODY[1]/DIV[5]/SECTION[1]/DIV[1]/SECTION[1]/DIV[3]/ARTICLE[1]/DIV[1]/DIV[1]/DIV[1]/H3[2]/STRONG[1]/text()[1]|0|/HTML[1]/BODY[1]/DIV[5]/SECTION[1]/DIV[1]/SECTION[1]/DIV[3]/ARTICLE[1]/DIV[1]/DIV[1]/DIV[1]/H3[2]/STRONG[1]/text()[1]|31",
        "from": 1453813562416
    },
    {
        "id": 1453815573184,
        "text": "Amazon.com : Panasonic Lumix DMC-FZ1000 4K, Point and Shoot Camera with Leica Lens 16X Zoom (Black) : Camera & Photo",
        "url": "http://www.amazon.com/Panasonic-Lumix-DMC-FZ1000-Digital-Camera/dp/B00KOUIBZW/ref=sr_1_1?ie=UTF8&qid=1418848848&sr=8-1&keywords=fz1000&tag=gizmodoamzn-20&ascsubtag=b05fc6ab8ce1c5dbfaa2a72cdceaeb38f90a8d73&rawdata=%5Br%7Chttps%3A%2F%2Fwww.google.co.uk%2F%5Bt%7Clink%5Bp%7C1672235946%5Ba%7CB00KOUIBZW%5Bau%7C5722345908133747874",
        "type": "link",
        "time": "2016-01-26T13:39:33.184Z",
        "endTime": 1453816400439,
        "favIconUrl": "http://www.amazon.com/favicon.ico",
        "from": 1453813562416
    },
    {
        "id": 1453815835189,
        "text": "If your kids play sports or perform on stage, this will be invaluable",
        "url": "http://gizmodo.com/the-best-camera-for-every-parent-1672235946",
        "type": "highlight",
        "time": "2016-01-26T13:43:55.189Z",
        "favIconUrl": "https://i.kinja-img.com/gawker-media/image/upload/s--O07tru6M--/c_fill,fl_progressive,g_center,h_80,q_80,w_80/fdj3buryz5nuzyf2k620.png",
        "classId": "sm-1453815835187",
        "path": "/HTML[1]/BODY[1]/DIV[5]/SECTION[1]/DIV[1]/SECTION[1]/DIV[3]/ARTICLE[1]/DIV[1]/DIV[1]/DIV[1]/P[20]/text()[2]|376|/HTML[1]/BODY[1]/DIV[5]/SECTION[1]/DIV[1]/SECTION[1]/DIV[3]/ARTICLE[1]/DIV[1]/DIV[1]/DIV[1]/P[20]/text()[2]|445",
        "from": 1453813562416,
        "seen": true
    },
    {
        "id": 1453815962936,
        "text": "The Most Portable: Canon G9X",
        "url": "http://gizmodo.com/the-best-camera-for-every-parent-1672235946",
        "type": "highlight",
        "time": "2016-01-26T13:46:02.936Z",
        "favIconUrl": "https://i.kinja-img.com/gawker-media/image/upload/s--O07tru6M--/c_fill,fl_progressive,g_center,h_80,q_80,w_80/fdj3buryz5nuzyf2k620.png",
        "classId": "sm-1453815962935",
        "path": "/HTML[1]/BODY[1]/DIV[5]/SECTION[1]/DIV[1]/SECTION[1]/DIV[3]/ARTICLE[1]/DIV[1]/DIV[1]/DIV[1]/H3[4]/STRONG[1]/text()[1]|0|/HTML[1]/BODY[1]/DIV[5]/SECTION[1]/DIV[1]/SECTION[1]/DIV[3]/ARTICLE[1]/DIV[1]/DIV[1]/DIV[1]/H3[4]/STRONG[1]/text()[1]|28",
        "from": 1453813562416
    },
    {
        "id": 1453816024050,
        "text": "It’s got a larger sensor than the traditional compacts that people are replacing with smartphones",
        "url": "http://gizmodo.com/the-best-camera-for-every-parent-1672235946",
        "type": "highlight",
        "time": "2016-01-26T13:47:04.050Z",
        "favIconUrl": "https://i.kinja-img.com/gawker-media/image/upload/s--O07tru6M--/c_fill,fl_progressive,g_center,h_80,q_80,w_80/fdj3buryz5nuzyf2k620.png",
        "classId": "sm-1453816024049",
        "path": "/HTML[1]/BODY[1]/DIV[5]/SECTION[1]/DIV[1]/SECTION[1]/DIV[3]/ARTICLE[1]/DIV[1]/DIV[1]/DIV[1]/P[28]/text()[1]|249|/HTML[1]/BODY[1]/DIV[5]/SECTION[1]/DIV[1]/SECTION[1]/DIV[3]/ARTICLE[1]/DIV[1]/DIV[1]/DIV[1]/P[28]/text()[1]|346",
        "from": 1453813562416
    },
    {
        "id": 1453816033025,
        "text": "almost no physical controls",
        "url": "http://gizmodo.com/the-best-camera-for-every-parent-1672235946",
        "type": "highlight",
        "time": "2016-01-26T13:47:13.025Z",
        "favIconUrl": "https://i.kinja-img.com/gawker-media/image/upload/s--O07tru6M--/c_fill,fl_progressive,g_center,h_80,q_80,w_80/fdj3buryz5nuzyf2k620.png",
        "classId": "sm-1453816033024",
        "path": "/HTML[1]/BODY[1]/DIV[5]/SECTION[1]/DIV[1]/SECTION[1]/DIV[3]/ARTICLE[1]/DIV[1]/DIV[1]/DIV[1]/P[28]/text()[2]|70|/HTML[1]/BODY[1]/DIV[5]/SECTION[1]/DIV[1]/SECTION[1]/DIV[3]/ARTICLE[1]/DIV[1]/DIV[1]/DIV[1]/P[28]/text()[2]|97",
        "from": 1453813562416
    },
    {
        "id": 1453816046322,
        "text": "The Best On a Budget: Sony RX100 (original version)",
        "url": "http://gizmodo.com/the-best-camera-for-every-parent-1672235946",
        "type": "highlight",
        "time": "2016-01-26T13:47:26.322Z",
        "favIconUrl": "https://i.kinja-img.com/gawker-media/image/upload/s--O07tru6M--/c_fill,fl_progressive,g_center,h_80,q_80,w_80/fdj3buryz5nuzyf2k620.png",
        "classId": "sm-1453816046321",
        "path": "/HTML[1]/BODY[1]/DIV[5]/SECTION[1]/DIV[1]/SECTION[1]/DIV[3]/ARTICLE[1]/DIV[1]/DIV[1]/DIV[1]/H3[5]/STRONG[1]/text()[1]|0|/HTML[1]/BODY[1]/DIV[5]/SECTION[1]/DIV[1]/SECTION[1]/DIV[3]/ARTICLE[1]/DIV[1]/DIV[1]/DIV[1]/H3[5]/STRONG[1]/text()[1]|51",
        "from": 1453813562416
    },
    {
        "id": 1453817061450,
        "text": "Amazon.com : Sony DSC-RX100/B 20.2 MP Exmor CMOS Sensor Digital Camera with 3.6x Zoom : Point And Shoot Digital Cameras : Camera & Photo",
        "url": "http://www.amazon.com/Sony-DSC-RX100-Sensor-Digital-Camera/dp/B00889ST2G/ref=sr_1_4?s=photo&ie=UTF8&qid=1447706540&sr=1-4&keywords=sony%2Brx100&tag=gizmodoamzn-20&ascsubtag=b18f45213657acb76f7bdeba40ebb1212befe118&rawdata=%5Br%7Chttps%3A%2F%2Fwww.google.co.uk%2F%5Bt%7Cmod-button%5Bp%7C1672235946%5Ba%7CB00889ST2G%5Bau%7C5722345908133747874",
        "type": "link",
        "time": "2016-01-26T14:04:21.450Z",
        "endTime": 1453817114290,
        "favIconUrl": "http://www.amazon.com/favicon.ico",
        "from": 1453813562416,
        "removed": true
    },
    {
        "id": 1453817995146,
        "text": "DSLR Camera Guide For Moms - Snap Happy Mom",
        "url": "http://www.snaphappymom.com/dslr-camera-guide-for-moms/",
        "type": "link",
        "time": "2016-01-26T14:19:55.146Z",
        "endTime": 1453818207938,
        "from": 1453813556357,
        "seen": true
    },
    {
        "id": 1453818127768,
        "text": "Beginning DSLR Users\nPrice Range: $500-700",
        "url": "http://www.snaphappymom.com/dslr-camera-guide-for-moms/",
        "type": "highlight",
        "time": "2016-01-26T14:22:07.768Z",
        "favIconUrl": "http://www.snaphappymom.com/wp-content/themes/genesis/images/favicon.ico",
        "classId": "sm-1453818127763",
        "path": "/HTML[1]/BODY[1]/DIV[1]/DIV[2]/DIV[1]/MAIN[1]/ARTICLE[1]/DIV[1]/P[12]/text()[1]|1|/HTML[1]/BODY[1]/DIV[1]/DIV[2]/DIV[1]/MAIN[1]/ARTICLE[1]/DIV[1]/P[12]/text()[2]|22",
        "from": 1453817995146
    },
    {
        "id": 1453818193391,
        "text": "Here are the two cameras I recommend for complete DSLR beginners: the Nikon D3200 or the Canon t3i",
        "url": "http://www.snaphappymom.com/dslr-camera-guide-for-moms/",
        "type": "highlight",
        "time": "2016-01-26T14:23:13.391Z",
        "favIconUrl": "http://www.snaphappymom.com/wp-content/themes/genesis/images/favicon.ico",
        "classId": "sm-1453818193390",
        "path": "/HTML[1]/BODY[1]/DIV[1]/DIV[2]/DIV[1]/MAIN[1]/ARTICLE[1]/DIV[1]/P[14]/text()[1]|0|/HTML[1]/BODY[1]/DIV[1]/DIV[2]/DIV[1]/MAIN[1]/ARTICLE[1]/DIV[1]/P[14]/text()[1]|98",
        "from": 1453817995146,
        "seen": true
    },
    {
        "id": 1453818211573,
        "text": "Amazon.com : Nikon D3200 24.2 MP CMOS Digital SLR with 18-55mm f/3.5-5.6 Auto Focus-S DX VR NIKKOR Zoom Lens (Black) : Slr Digital Cameras : Camera & Photo",
        "url": "http://www.amazon.com/gp/product/B007VGGFZU/ref=as_li_tl?ie=UTF8&camp=1789&creative=390957&creativeASIN=B007VGGFZU&linkCode=as2&tag=snaphappymom-20&linkId=KCIDWF3WQIHN6A5S",
        "type": "link",
        "time": "2016-01-26T14:23:31.573Z",
        "endTime": 1453818291935,
        "favIconUrl": "http://www.amazon.com/favicon.ico",
        "from": 1453822102568,
        "seen": true
    },
    {
        "id": 1453818292760,
        "text": "Amazon.com: Canon EOS Rebel T3i Digital SLR Camera with EF-S 18-135mm f/3.5-5.6 IS Lens (discontinued by manufacturer): Camera & Photo",
        "url": "http://www.amazon.com/gp/product/B004MN00C4/ref=as_li_ss_tl?ie=UTF8&camp=1789&creative=390957&creativeASIN=B004MN00C4&linkCode=as2&tag=snaphappymom-20",
        "type": "link",
        "time": "2016-01-26T14:24:52.760Z",
        "endTime": 1453818818911,
        "favIconUrl": "http://www.amazon.com/favicon.ico",
        "from": 1453817995146
    },
    {
        "id": 1453818404701,
        "text": "They are called “prime” lenses, and won’t zoom at all",
        "url": "http://www.snaphappymom.com/dslr-camera-guide-for-moms/",
        "type": "highlight",
        "time": "2016-01-26T14:26:44.701Z",
        "favIconUrl": "http://www.snaphappymom.com/wp-content/themes/genesis/images/favicon.ico",
        "classId": "sm-1453818404700",
        "path": "/HTML[1]/BODY[1]/DIV[1]/DIV[2]/DIV[1]/MAIN[1]/ARTICLE[1]/DIV[1]/P[18]/text()[1]|145|/HTML[1]/BODY[1]/DIV[1]/DIV[2]/DIV[1]/MAIN[1]/ARTICLE[1]/DIV[1]/P[18]/text()[1]|198",
        "from": 1453818211573
    },
    {
        "id": 1453818564777,
        "text": "get yourself a lens that can handle indoor lighting",
        "url": "http://www.snaphappymom.com/dslr-camera-guide-for-moms/",
        "type": "highlight",
        "time": "2016-01-26T14:29:24.777Z",
        "favIconUrl": "http://www.snaphappymom.com/wp-content/themes/genesis/images/favicon.ico",
        "classId": "sm-1453818564775",
        "path": "/HTML[1]/BODY[1]/DIV[1]/DIV[2]/DIV[1]/MAIN[1]/ARTICLE[1]/DIV[1]/P[17]/text()[1]|133|/HTML[1]/BODY[1]/DIV[1]/DIV[2]/DIV[1]/MAIN[1]/ARTICLE[1]/DIV[1]/P[17]/text()[1]|184",
        "from": 1453818211573
    },
    {
        "id": 1453818621700,
        "text": "prime lenses are quite expensive though: 200 for nikon and 125 for canon",
        "url": "http://www.snaphappymom.com/dslr-camera-guide-for-moms/",
        "type": "note",
        "time": "2016-01-26T14:30:21.700Z",
        "favIconUrl": "http://www.snaphappymom.com/wp-content/themes/genesis/images/favicon.ico",
        "classId": "sm-1453818621696",
        "path": "/HTML[1]/BODY[1]/DIV[1]/DIV[2]/DIV[1]/MAIN[1]/ARTICLE[1]/DIV[1]/P[21]/text()[1]|27|/HTML[1]/BODY[1]/DIV[1]/DIV[2]/DIV[1]/MAIN[1]/ARTICLE[1]/DIV[1]/P[21]/text()[2]|17",
        "from": 1453818211573
    },
    {
        "id": 1453820341856,
        "text": "Photographing Babies | Portrait Photography Tips",
        "url": "http://www.exposureguide.com/photographing-babies.htm",
        "type": "link",
        "time": "2016-01-26T14:59:01.856Z",
        "endTime": 1453820342856,
        "favIconUrl": "http://www.exposureguide.com/favicon.ico",
        "from": 1453813556357,
        "seen": true
    },
    {
        "id": 1453820343161,
        "text": "Ron Martinsen's Photography Blog: What Camera Should I Buy? 2015 Edition (Updated June 9 2015)",
        "url": "http://www.ronmartblog.com/2012/09/what-camera-should-i-buy-2012-edition.html",
        "type": "link",
        "time": "2016-01-26T14:59:03.161Z",
        "endTime": 1453821193762,
        "favIconUrl": "http://www.ronmartblog.com/favicon.ico",
        "from": 1453813556357,
        "seen": true
    },
    {
        "id": 1453820368488,
        "text": "Aperture adjustment (for depth-of-field creative intent),\nShutter speed adjustment (to freeze or blur motion), and\nISO adjustment to add light so that larger depth of field or shutter speeds can be used",
        "url": "http://www.ronmartblog.com/2012/09/what-camera-should-i-buy-2012-edition.html",
        "type": "highlight",
        "time": "2016-01-26T14:59:28.488Z",
        "favIconUrl": "http://www.ronmartblog.com/favicon.ico",
        "classId": "sm-1453820368482",
        "path": "/HTML[1]/BODY[1]/DIV[3]/DIV[2]/DIV[2]/DIV[2]/DIV[2]/DIV[2]/DIV[2]/DIV[1]/DIV[4]/DIV[1]/DIV[1]/DIV[1]/DIV[1]/DIV[1]/DIV[1]/DIV[1]/DIV[1]/DIV[1]/DIV[2]/UL[1]/LI[1]/text()[1]|0|/HTML[1]/BODY[1]/DIV[3]/DIV[2]/DIV[2]/DIV[2]/DIV[2]/DIV[2]/DIV[2]/DIV[1]/DIV[4]/DIV[1]/DIV[1]/DIV[1]/DIV[1]/DIV[1]/DIV[1]/DIV[1]/DIV[1]/DIV[1]/DIV[2]/UL[1]/LI[3]/text()[1]|87",
        "from": 1453820343161
    },
    {
        "id": 1453820617876,
        "text": "Got Kids? You’re an Indoor Sports Shooter!",
        "url": "http://www.ronmartblog.com/2012/09/what-camera-should-i-buy-2012-edition.html",
        "type": "highlight",
        "time": "2016-01-26T15:03:37.876Z",
        "favIconUrl": "http://www.ronmartblog.com/favicon.ico",
        "classId": "sm-1453820617871",
        "path": "/HTML[1]/BODY[1]/DIV[3]/DIV[2]/DIV[2]/DIV[2]/DIV[2]/DIV[2]/DIV[2]/DIV[1]/DIV[4]/DIV[1]/DIV[1]/DIV[1]/DIV[1]/DIV[1]/DIV[1]/DIV[1]/DIV[1]/DIV[1]/DIV[2]/H5[1]/text()[1]|0|/HTML[1]/BODY[1]/DIV[3]/DIV[2]/DIV[2]/DIV[2]/DIV[2]/DIV[2]/DIV[2]/DIV[1]/DIV[4]/DIV[1]/DIV[1]/DIV[1]/DIV[1]/DIV[1]/DIV[1]/DIV[1]/DIV[1]/DIV[1]/DIV[2]/H5[1]/text()[1]|42",
        "from": 1453820343161
    },
    {
        "id": 1453820777597,
        "text": "mirrorless camera - what is it?",
        "url": "http://www.ronmartblog.com/2012/09/what-camera-should-i-buy-2012-edition.html",
        "type": "note",
        "time": "2016-01-26T15:06:17.597Z",
        "favIconUrl": "http://www.ronmartblog.com/favicon.ico",
        "classId": "sm-1453820777596",
        "path": "/HTML[1]/BODY[1]/DIV[3]/DIV[2]/DIV[2]/DIV[2]/DIV[2]/DIV[2]/DIV[2]/DIV[1]/DIV[4]/DIV[1]/DIV[1]/DIV[1]/DIV[1]/DIV[1]/DIV[1]/DIV[1]/DIV[1]/DIV[1]/DIV[2]/H5[2]/text()[1]|0|/HTML[1]/BODY[1]/DIV[3]/DIV[2]/DIV[2]/DIV[2]/DIV[2]/DIV[2]/DIV[2]/DIV[1]/DIV[4]/DIV[1]/DIV[1]/DIV[1]/DIV[1]/DIV[1]/DIV[1]/DIV[1]/DIV[1]/DIV[1]/DIV[2]/H5[2]/text()[1]|48",
        "from": 1453820343161
    },
    {
        "id": 1453821043557,
        "text": "Pro Point & Shoot Cameras",
        "url": "http://www.ronmartblog.com/2012/09/what-camera-should-i-buy-2012-edition.html",
        "type": "highlight",
        "time": "2016-01-26T15:10:43.557Z",
        "favIconUrl": "http://www.ronmartblog.com/favicon.ico",
        "classId": "sm-1453821043553",
        "path": "/HTML[1]/BODY[1]/DIV[3]/DIV[2]/DIV[2]/DIV[2]/DIV[2]/DIV[2]/DIV[2]/DIV[1]/DIV[4]/DIV[1]/DIV[1]/DIV[1]/DIV[1]/DIV[1]/DIV[1]/DIV[1]/DIV[1]/DIV[1]/DIV[2]/H4[3]/text()[1]|0|/HTML[1]/BODY[1]/DIV[3]/DIV[2]/DIV[2]/DIV[2]/DIV[2]/DIV[2]/DIV[2]/DIV[1]/DIV[4]/DIV[1]/DIV[1]/DIV[1]/DIV[1]/DIV[1]/DIV[1]/DIV[1]/DIV[1]/DIV[1]/DIV[2]/H4[3]/text()[1]|25",
        "from": 1453820343161
    },
    {
        "id": 1453821108627,
        "text": "Currently, my recommendation for the best camera in this class is the Fujifilm X30.",
        "url": "http://www.ronmartblog.com/2012/09/what-camera-should-i-buy-2012-edition.html",
        "type": "highlight",
        "time": "2016-01-26T15:11:48.627Z",
        "favIconUrl": "http://www.ronmartblog.com/favicon.ico",
        "classId": "sm-1453821108622",
        "path": "/HTML[1]/BODY[1]/DIV[3]/DIV[2]/DIV[2]/DIV[2]/DIV[2]/DIV[2]/DIV[2]/DIV[1]/DIV[4]/DIV[1]/DIV[1]/DIV[1]/DIV[1]/DIV[1]/DIV[1]/DIV[1]/DIV[1]/DIV[1]/DIV[2]/P[37]/text()[1]|0|/HTML[1]/BODY[1]/DIV[3]/DIV[2]/DIV[2]/DIV[2]/DIV[2]/DIV[2]/DIV[2]/DIV[1]/DIV[4]/DIV[1]/DIV[1]/DIV[1]/DIV[1]/DIV[1]/DIV[1]/DIV[1]/DIV[1]/DIV[1]/DIV[2]/P[37]/text()[3]|1",
        "from": 1453820343161
    },
    {
        "id": 1453821194148,
        "text": "Ron Martinsen's Photography Blog: REVIEW: Fujifilm X-T1 with XF 23mm–The Greatest Fujifilm Camera & Lens Combo Ever? (Part III of III)",
        "url": "http://www.ronmartblog.com/2014/03/review-fujifilm-x-t1-with-xf-23mmthe.html",
        "type": "link",
        "time": "2016-01-26T15:13:14.148Z",
        "endTime": 1453821240764,
        "favIconUrl": "http://www.ronmartblog.com/favicon.ico",
        "from": 1453820343161,
        "seen": true
    },
    {
        "id": 1453821241536,
        "text": "Ron Martinsen's Photography Blog: REVIEW: Sony Alpha a7–Cheaper and More Practical than the a7R",
        "url": "http://www.ronmartblog.com/2014/02/review-sony-alpha-a7cheaper-and-more.html",
        "type": "link",
        "time": "2016-01-26T15:14:01.536Z",
        "endTime": 1453821476749,
        "favIconUrl": "http://www.ronmartblog.com/favicon.ico",
        "from": 1453820343161,
        "seen": true
    },
    {
        "id": 1453821477093,
        "text": "Mirrorless interchangeable-lens camera - Wikipedia, the free encyclopedia",
        "url": "https://en.wikipedia.org/wiki/Mirrorless_interchangeable-lens_camera",
        "type": "link",
        "time": "2016-01-26T15:17:57.093Z",
        "endTime": 1453821955730,
        "favIconUrl": "https://en.wikipedia.org/static/favicon/wikipedia.ico",
        "from": 1453820343161
    },
    {
        "id": 1453821606733,
        "text": "A mirrorless interchangeable lens camera (MILC, commonly referred to simply as a \"mirrorless camera\"), is a camera with an interchangeable lens that does not have a mirror reflex optical viewfinder.",
        "url": "https://en.wikipedia.org/wiki/Mirrorless_interchangeable-lens_camera",
        "type": "highlight",
        "time": "2016-01-26T15:20:06.733Z",
        "favIconUrl": "https://en.wikipedia.org/static/favicon/wikipedia.ico",
        "classId": "sm-1453821606720",
        "path": "/HTML[1]/BODY[1]/DIV[3]/DIV[3]/DIV[4]/P[1]/text()[1]|0|/HTML[1]/BODY[1]/DIV[3]/DIV[3]/DIV[4]/P[1]/text()[5]|1",
        "from": 1453821477093
    },
    {
        "id": 1453821647892,
        "text": "Mirrorless cameras are designed to have the advantage of smaller size, lighter weight, lower end models with lower cost than SLRs, and frame using what the sensor sees rather than using optical views, with exchangeable lenses",
        "url": "https://en.wikipedia.org/wiki/Mirrorless_interchangeable-lens_camera",
        "type": "highlight",
        "time": "2016-01-26T15:20:47.892Z",
        "favIconUrl": "https://en.wikipedia.org/static/favicon/wikipedia.ico",
        "classId": "sm-1453821647889",
        "path": "/HTML[1]/BODY[1]/DIV[3]/DIV[3]/DIV[4]/P[3]/text()[1]|0|/HTML[1]/BODY[1]/DIV[3]/DIV[3]/DIV[4]/P[3]/text()[1]|225",
        "from": 1453821477093
    },
    {
        "id": 1453821956586,
        "text": "Ron Martinsen's Photography Blog: REVIEW: Nikon D7200 + 18-140mm Lens–The Perfect Camera for Parents?",
        "url": "http://www.ronmartblog.com/2015/04/review-nikon-d7200-18-140mm-lensthe.html",
        "type": "link",
        "time": "2016-01-26T15:25:56.586Z",
        "endTime": 1453821959732,
        "favIconUrl": "http://www.ronmartblog.com/favicon.ico",
        "from": 1453820343161
    },
    {
        "id": 1453821960062,
        "text": "Ron Martinsen's Photography Blog: REVIEW: Sony a6000 & 16-70mm (Part I of II)–Real World Photos",
        "url": "http://www.ronmartblog.com/2015/01/review-sony-a6000-16-70mm-part-i-of.html",
        "type": "link",
        "time": "2016-01-26T15:26:00.062Z",
        "endTime": 1453821964725,
        "favIconUrl": "http://www.ronmartblog.com/favicon.ico",
        "from": 1453820343161
    },
    {
        "id": 1453821965235,
        "text": "Ron Martinsen's Photography Blog: REVIEW: Fujifilm X30–The best one yet! (Part I of II)",
        "url": "http://www.ronmartblog.com/2014/10/review-fujifilm-x30the-best-one-yet.html",
        "type": "link",
        "time": "2016-01-26T15:26:05.235Z",
        "endTime": 1453822087721,
        "favIconUrl": "http://www.ronmartblog.com/favicon.ico",
        "from": 1453820343161
    },

    {
        "id": 1453822266662,
        "text": "nikon d7200 | B&H Photo Video",
        "url": "http://www.bhphotovideo.com/c/buy/Nikon/Ntt/nikon+d7200/N/0",
        "type": "link",
        "time": "2016-01-26T15:31:06.662Z",
        "endTime": 1453822465705,
        "favIconUrl": "http://www.bhphotovideo.com/favicon.ico",
        "from": 1453821956586
    },
    {
        "id": 1453822468354,
        "text": "Sony a6000 | B&H Photo Video",
        "url": "http://www.bhphotovideo.com/c/buy/Sony/Ntt/Sony+a6000/N/0",
        "type": "link",
        "time": "2016-01-26T15:34:28.354Z",
        "endTime": 1453822548705,
        "favIconUrl": "http://www.bhphotovideo.com/favicon.ico",
        "from": 1453821960062
    },
    {
        "id": 1453822487337,
        "text": "this is cheaper than the nikon one - and with lens!",
        "url": "http://www.bhphotovideo.com/c/buy/Sony/Ntt/Sony+a6000/N/0",
        "type": "note",
        "time": "2016-01-26T15:34:47.337Z",
        "favIconUrl": "http://www.bhphotovideo.com/favicon.ico",
        "classId": "sm-1453822487335",
        "path": "/HTML[1]/BODY[1]/DIV[1]/DIV[2]/DIV[3]/DIV[3]/DIV[1]/DIV[3]/DIV[1]/DIV[2]/P[1]/SPAN[2]/text()[1]|32|/HTML[1]/BODY[1]/DIV[1]/DIV[2]/DIV[3]/DIV[3]/DIV[1]/DIV[3]/DIV[1]/DIV[2]/P[1]/SPAN[2]/text()[1]|39",
        "from": 1453822468354
    },
    {
        "id": 1453822549246,
        "text": "Good camera for indoor shots of kids: Beginners Questions Forum: Digital Photography Review",
        "url": "http://www.dpreview.com/forums/thread/3525101",
        "type": "link",
        "time": "2016-01-26T15:35:49.246Z",
        "endTime": 1453822556698,
        "favIconUrl": "http://www.dpreview.com/favicon.ico",
        "from": 1453813556357
    },
    {
        "id": 1453822557111,
        "text": "Best Camera For New Parents - Products - Digital Camera Reviews - DigitalCamera-HQ.com - Unbiased Digital Camera Reviews, Prices, and Advice. For the digital camera buyer: comparisons based on reviews from real users; prices, and deals from multiple stores.",
        "url": "http://www.digitalcamera-hq.com/categories/best-camera-for-new-parents/products",
        "type": "link",
        "time": "2016-01-26T15:35:57.111Z",
        "endTime": 1453822662693,
        "favIconUrl": "http://www.digitalcamera-hq.com/favicons/favicon.ico",
        "from": 1453813556357
    },
    {
        "id": 1453822663325,
        "text": "Ron Martinsen's Photography Blog: REVIEW: Fujifilm x30 – Great, but not a Sony RX 100 III Killer (Part II of II)",
        "url": "http://www.ronmartblog.com/2014/11/review-fujifilm-x30-great-but-not-sony.html",
        "type": "link",
        "time": "2016-01-26T15:37:43.325Z",
        "endTime": 1453824117629,
        "favIconUrl": "http://www.ronmartblog.com/favicon.ico",
        "from": 1453821965235
    },
    {
        "id": 1453824119520,
        "text": "x30 | B&H Photo Video",
        "url": "http://www.bhphotovideo.com/c/buy/Fujifilm/Ntt/x30/N/0",
        "type": "link",
        "time": "2016-01-26T16:01:59.520Z",
        "endTime": 1453824183625,
        "favIconUrl": "http://www.bhphotovideo.com/favicon.ico",
        "from": 1453822663325
    },
    {
        "id": 1453824166300,
        "text": "not so cheap for a P&S",
        "url": "http://www.bhphotovideo.com/c/buy/Fujifilm/Ntt/x30/N/0",
        "type": "note",
        "time": "2016-01-26T16:02:46.300Z",
        "favIconUrl": "http://www.bhphotovideo.com/favicon.ico",
        "classId": "sm-1453824166298",
        "path": "/HTML[1]/BODY[1]/DIV[1]/DIV[2]/DIV[3]/DIV[3]/DIV[1]/DIV[3]/DIV[1]/DIV[2]/P[1]/SPAN[2]/text()[1]|32|/HTML[1]/BODY[1]/DIV[1]/DIV[2]/DIV[3]/DIV[3]/DIV[1]/DIV[3]/DIV[1]/DIV[2]/P[1]/SPAN[2]/text()[1]|39",
        "from": 1453824119520
    },
    {
        "id": 1453824184471,
        "text": "Ron Martinsen's Photography Blog: REVIEW: Sony RX100 III–Part I (includes Real World Shots)",
        "url": "http://www.ronmartblog.com/2014/07/review-sony-rx100-iiipart-i-includes.html",
        "type": "link",
        "time": "2016-01-26T16:03:04.471Z",
        "endTime": 1453824242625,
        "favIconUrl": "http://www.ronmartblog.com/favicon.ico",
        "from": 1453822663325
    },
    {
        "id": 1453824245059,
        "text": "Ron Martinsen's Photography Blog: Sony RX100 III - The Best Quality Point and Shoot I’ve Ever Tested (Review Part II of II)",
        "url": "http://www.ronmartblog.com/2014/07/sony-rx100-iii-best-quality-point-and.html",
        "type": "link",
        "time": "2016-01-26T16:04:05.059Z",
        "endTime": 1453824286618,
        "favIconUrl": "http://www.ronmartblog.com/favicon.ico",
        "from": 1453824184471
    },
    {
        "id": 1453824290071,
        "text": "Sony DSC-RX100 III Digital Camera DSCRX100M3/B B&H",
        "url": "http://www.bhphotovideo.com/c/product/1049537-REG/sony_dscrx100m3_b_cyber_shot_dsc_rx100_iii_digital.html",
        "type": "link",
        "time": "2016-01-26T16:04:50.071Z",
        "endTime": 1453824521612,
        "favIconUrl": "http://www.bhphotovideo.com/favicon.ico",
        "from": 1453824245059
    },
    {
        "id": 1453824304468,
        "text": "really expensive",
        "url": "http://www.bhphotovideo.com/c/product/1049537-REG/sony_dscrx100m3_b_cyber_shot_dsc_rx100_iii_digital.html",
        "type": "note",
        "time": "2016-01-26T16:05:04.468Z",
        "favIconUrl": "http://www.bhphotovideo.com/favicon.ico",
        "classId": "sm-1453824304466",
        "path": "/HTML[1]/BODY[1]/DIV[1]/DIV[2]/DIV[2]/DIV[1]/DIV[2]/DIV[2]/DIV[1]/DIV[1]/P[1]/SPAN[2]/text()[1]|40|/HTML[1]/BODY[1]/DIV[1]/DIV[2]/DIV[2]/DIV[1]/DIV[2]/DIV[2]/DIV[1]/DIV[1]/P[1]/SPAN[2]/text()[1]|47",
        "from": 1453824290071
    },
    {
        "id": 1453824530879,
        "text": "Olympus TG-4 - Digital Camera Reviews - DigitalCamera-HQ.com - Unbiased Digital Camera Reviews, Prices, and Advice. For the digital camera buyer: comparisons based on reviews from real users; prices, and deals from multiple stores.",
        "url": "http://www.digitalcamera-hq.com/products/olympus-tg-4-review",
        "type": "link",
        "time": "2016-01-26T16:08:50.879Z",
        "endTime": 1453824645603,
        "favIconUrl": "http://www.digitalcamera-hq.com/favicons/favicon.ico",
        "from": 1453822557111
    }
]}