{
    "data": [
        {
            "id": 1457444812005,
            "text": "systems and equipment",
            "url": "https://www.google.co.uk/webhp?sourceid=chrome-instant&ion=1&espv=2&ie=UTF-8#q=systems%20and%20equipment",
            "type": "search",
            "time": "2016-03-08T13:46:52.005Z",
            "endTime": "2016-03-08T13:52:18.986Z",
            "favIconUrl": "https://www.google.co.uk/images/branding/product/ico/googleg_lodp.ico",
            "image": "1457444812005.png",
            "seen": true,
            "favorite": true,
            "curationRemoved": false,
            "curated": true,
            "newlyCurated": false,
            "rp": {
                "width": 151,
                "height": 200,
                "x": 303,
                "y": 221
            }
        },
        {
            "id": 1457444824792,
            "text": "DSEI is the world leading defence and security exhibition held at ExCeL London on 12-15 September 2017. DSEI has a proven track record of bringing the ",
            "url": "https://www.google.co.uk/webhp?sourceid=chrome-instant&ion=1&espv=2&ie=UTF-8#q=systems%20and%20equipment",
            "type": "highlight",
            "time": "2016-03-08T13:47:04.792Z",
            "classId": "sm-1457444824790",
            "path": "/HTML[1]/BODY[1]/DIV[1]/DIV[6]/DIV[4]/DIV[7]/DIV[1]/DIV[3]/DIV[1]/DIV[2]/DIV[2]/DIV[1]/DIV[1]/DIV[1]/DIV[2]/DIV[1]/DIV[1]/DIV[1]/DIV[1]/SPAN[1]/text()[1]|0|/HTML[1]/BODY[1]/DIV[1]/DIV[6]/DIV[4]/DIV[7]/DIV[1]/DIV[3]/DIV[1]/DIV[2]/DIV[2]/DIV[1]/DIV[1]/DIV[1]/DIV[2]/DIV[1]/DIV[1]/DIV[1]/DIV[1]/SPAN[1]/text()[1]|151",
            "from": 1457444812005
        },
        {
            "id": 1457444867511,
            "text": "ect the most appropriate systems and equipment for your busine",
            "url": "https://www.google.co.uk/webhp?sourceid=chrome-instant&ion=1&espv=2&ie=UTF-8#q=systems%20and%20equipment",
            "type": "highlight",
            "time": "2016-03-08T13:47:47.511Z",
            "classId": "sm-1457444867507",
            "path": "/HTML[1]/BODY[1]/DIV[1]/DIV[6]/DIV[4]/DIV[7]/DIV[1]/DIV[3]/DIV[1]/DIV[2]/DIV[2]/DIV[1]/DIV[1]/DIV[1]/DIV[2]/DIV[4]/DIV[1]/DIV[1]/DIV[1]/SPAN[1]/text()[1]|59|/HTML[1]/BODY[1]/DIV[1]/DIV[6]/DIV[4]/DIV[7]/DIV[1]/DIV[3]/DIV[1]/DIV[2]/DIV[2]/DIV[1]/DIV[1]/DIV[1]/DIV[2]/DIV[4]/DIV[1]/DIV[1]/DIV[1]/SPAN[1]/text()[2]|16",
            "from": 1457444812005
        },
        {
            "id": 1457444880023,
            "text": "Control Systems & Equipment Electrical Control Panel Builders",
            "url": "http://www.consysequip.com/",
            "type": "link",
            "time": "2016-03-08T13:48:00.023Z",
            "endTime": "2016-03-08T13:53:45.981Z",
            "image": "1457444880023.png",
            "from": 1457444812005,
            "seen": true,
            "curationRemoved": false,
            "curated": true,
            "newlyCurated": false,
            "rp": {
                "width": 151,
                "height": 200,
                "x": 35,
                "y": 430
            }
        },
        {
            "id": 1457444908684,
            "text": "d have many years of experience in t",
            "url": "http://www.consysequip.com/",
            "type": "highlight",
            "time": "2016-03-08T13:48:28.684Z",
            "classId": "sm-1457444908682",
            "path": "/HTML[1]/BODY[1]/DIV[1]/DIV[4]/DIV[1]/DIV[1]/DIV[2]/DIV[1]/P[2]/text()[1]|32|/HTML[1]/BODY[1]/DIV[1]/DIV[4]/DIV[1]/DIV[1]/DIV[2]/DIV[1]/P[2]/text()[1]|68",
            "from": 1457444880023
        },
        {
            "id": 1457444911379,
            "text": "note cai gi",
            "url": "http://www.consysequip.com/",
            "type": "note",
            "time": "2016-03-08T13:48:31.379Z",
            "classId": "sm-1457444911378",
            "path": "/HTML[1]/BODY[1]/DIV[1]/DIV[4]/DIV[1]/DIV[1]/DIV[2]/DIV[1]/P[2]/text()[2]|180|/HTML[1]/BODY[1]/DIV[1]/DIV[4]/DIV[1]/DIV[1]/DIV[2]/DIV[1]/P[2]/text()[2]|218",
            "from": 1457444880023
        },
        {
            "id": 1457444911381,
            "text": "note cai gi 2",
            "url": "http://www.consysequip.com/",
            "type": "note",
            "time": "2016-03-08T13:48:32.379Z",
            "classId": "sm-1457444911380",
            "path": "/HTML[1]/BODY[1]/DIV[1]/DIV[4]/DIV[1]/DIV[1]/DIV[2]/DIV[1]/P[2]/text()[2]|180|/HTML[1]/BODY[1]/DIV[1]/DIV[4]/DIV[1]/DIV[1]/DIV[2]/DIV[1]/P[2]/text()[2]|218",
            "from": 1457444880023
        },
        {
            "id": 1457444911795,
            "text": "Systems and Equipment Requirements",
            "url": "http://www.ariseworkfromhome.com/systems-and-equipment-requirements",
            "type": "link",
            "time": "2016-03-08T13:48:31.795Z",
            "endTime": "2016-03-08T13:52:21.982Z",
            "favIconUrl": "http://www.ariseworkfromhome.com/Portals/0/favicon.ico",
            "image": "http://www.ariseworkfromhome.com/portals/0/Images/Callouts/Contact-Arise.png",
            "from": 1457444812005,
            "seen": true,
            "userImage": true,
            "curationRemoved": false,
            "curated": true,
            "newlyCurated": false,
            "rp": {
                "width": 151,
                "height": 119,
                "x": 0,
                "y": 0
            }
        },
        {
            "id": 1457445107965,
            "text": "Google",
            "url": "https://www.google.co.uk/?gfe_rd=cr&ei=8tjeVv3RPM7W8gefgLyIBQ&gws_rd=ssl",
            "type": "type",
            "time": "2016-03-08T13:51:47.965Z",
            "endTime": "2016-03-08T13:51:58.983Z",
            "favIconUrl": "https://www.google.co.uk/images/branding/product/ico/googleg_lodp.ico",
            "seen": true,
            "favorite": true
        },
        {
            "id": 1457444824792,
            "type": "click-node",
            "time": "2016-03-08T13:52:07.148Z"
        },
        {
            "id": 1457444812005,
            "type": "click-node",
            "time": "2016-03-08T13:52:07.149Z"
        },
        {
            "id": 1457444867511,
            "type": "click-node",
            "time": "2016-03-08T13:52:11.985Z"
        },
        {
            "id": 1457444812005,
            "type": "click-node",
            "time": "2016-03-08T13:52:11.986Z"
        },
        {
            "id": 1457444812005,
            "type": "click-node",
            "time": "2016-03-08T13:52:15.184Z"
        },
        {
            "id": 1457444911795,
            "type": "click-node",
            "time": "2016-03-08T13:52:19.826Z"
        },
        {
            "id": 1457444880023,
            "type": "click-node",
            "time": "2016-03-08T13:52:22.512Z"
        },
        {
            "id": 1457444908684,
            "type": "click-node",
            "time": "2016-03-08T13:52:25.760Z"
        },
        {
            "id": 1457444880023,
            "type": "click-node",
            "time": "2016-03-08T13:52:25.761Z"
        },
        {
            "id": 1457444911379,
            "type": "click-node",
            "time": "2016-03-08T13:52:28.303Z"
        },
        {
            "id": 1457444880023,
            "type": "click-node",
            "time": "2016-03-08T13:52:28.304Z"
        },
        {
            "id": 1457445227356,
            "text": "Renewable Energy Control Panels",
            "url": "http://www.consysequip.com/renewable-energy-panels/",
            "type": "link",
            "time": "2016-03-08T13:53:47.356Z",
            "endTime": "2016-03-08T13:53:50.981Z",
            "favIconUrl": "http://www.consysequip.com/wp-content/plugins/genesis-favicon-uploader/favicons/favicon.ico",
            "image": "http://www.consysequip.com/wp-content/uploads/2013/06/solar-panel-finished-3-150x150.jpg",
            "from": 1457444880023,
            "seen": true,
            "favorite": true
        },
        {
            "id": 1457445232065,
            "text": "Solar Energy Control Panels",
            "url": "http://www.consysequip.com/renewable-energy-panels/solar-energy-control-panels/",
            "type": "link",
            "time": "2016-03-08T13:53:52.065Z",
            "endTime": "2016-03-08T13:53:56.980Z",
            "image": "1457445232065.png",
            "from": 1457445227356,
            "seen": true
        },
        {
            "id": 1457445107965,
            "type": "click-node",
            "time": "2016-03-15T21:31:08.178Z"
        },
        {
            "id": 1458077472806,
            "text": "seerc s",
            "url": "https://www.google.co.uk/webhp?sourceid=chrome-instant&ion=1&espv=2&ie=UTF-8#q=seerc%20s",
            "type": "search",
            "time": "2016-03-15T21:31:12.806Z",
            "endTime": "2016-03-15T21:32:20.034Z",
            "favIconUrl": "https://www.google.co.uk/images/branding/product/ico/googleg_lodp.ico",
            "seen": true,
            "curationRemoved": false,
            "curated": true,
            "newlyCurated": false,
            "rp": {
                "width": 151,
                "height": 26,
                "x": 0,
                "y": 650
            }
        },
        {
            "id": 1458176165078,
            "text": "Tennis Live Scores - powered by LiveScore.com",
            "url": "http://www.livescores.com/tennis/",
            "type": "link",
            "time": "2016-03-17T00:56:05.078Z",
            "endTime": 1458176165079,
            "favIconUrl": "http://cdn3.livescore.com/web/img/favicon.png",
            "from": 1458176165078,
            "seen": false
        },
        {
            "id": 1457444911795,
            "type": "click-node",
            "time": "2016-03-17T00:56:08.420Z"
        },
        {
            "id": 1458176168491,
            "text": "Systems and Equipment Requirements",
            "url": "http://www.ariseworkfromhome.com/systems-and-equipment-requirements",
            "type": "revisit",
            "time": "2016-03-17T00:56:08.491Z",
            "endTime": "2016-03-17T01:03:02.092Z",
            "favIconUrl": "http://www.ariseworkfromhome.com/Portals/0/favicon.ico"
        },
        {
            "type": "add-link",
            "time": "2016-03-17T01:02:56.651Z",
            "sourceId": 1458077472806,
            "targetId": 1457444880023
        }
    ]
}