{
    "startRecordingTime": "2016-03-04T12:45:08.116Z",
    "data": [
        {
            "id": 1457095508723,
            "text": "How to use JSZip",
            "url": "https://stuk.github.io/jszip/documentation/examples.html",
            "type": "link",
            "time": "2016-03-04T12:45:08.723Z",
            "endTime": "2016-03-04T12:45:09.104Z",
            "image": "1457095508723.png",
            "seen": true
        },
        {
            "id": 1457095509883,
            "text": "Limitations of JSZip",
            "url": "https://stuk.github.io/jszip/documentation/limitations.html",
            "type": "link",
            "time": "2016-03-04T12:45:09.883Z",
            "endTime": "2016-03-04T12:45:12.106Z",
            "image": "1457095509883.png",
            "from": 1457095508723,
            "seen": true
        },
        {
            "id": 1457095516190,
            "text": "zip.js",
            "url": "http://gildas-lormeau.github.io/zip.js/core-api.html",
            "type": "link",
            "time": "2016-03-04T12:45:16.190Z",
            "endTime": "2016-03-04T12:45:18.101Z",
            "image": "1457095516190.png",
            "seen": true
        }
    ]
}