{
    "data": [
        {
            "id": 1458307487699,
            "text": "movement intensity",
            "url": "https://www.google.co.uk/webhp?sourceid=chrome-instant&ion=1&espv=2&ie=UTF-8#q=movement%20intensity",
            "type": "search",
            "time": "2016-03-18T13:24:47.699Z",
            "endTime": "2016-03-18T13:25:37.069Z",
            "favIconUrl": "https://www.google.co.uk/images/branding/product/ico/googleg_lodp.ico",
            "image": "1458307487699.png",
            "seen": true
        },
        {
            "id": 1458307497935,
            "text": "Influence of movement intensity and physical activity on adiposity in youth. - PubMed - NCBI",
            "url": "http://www.ncbi.nlm.nih.gov/pubmed/21415443",
            "type": "link",
            "time": "2016-03-18T13:24:57.935Z",
            "endTime": "2016-03-18T13:25:27.069Z",
            "favIconUrl": "http://www.ncbi.nlm.nih.gov/favicon.ico",
            "image": "1458307497935.png",
            "from": 1458307487699,
            "seen": true
        },
        {
            "id": 1458307497935,
            "type": "minimize-node",
            "time": "2016-03-18T13:25:32.777Z"
        },
        {
            "id": 1458307537372,
            "text": "movement intensity stress",
            "url": "https://www.google.co.uk/webhp?sourceid=chrome-instant&ion=1&espv=2&ie=UTF-8#q=movement+intensity+stress",
            "type": "search",
            "time": "2016-03-18T13:25:37.372Z",
            "endTime": "2016-03-18T13:27:01.063Z",
            "favIconUrl": "https://www.google.co.uk/images/branding/product/ico/googleg_lodp.ico",
            "image": "1458307537372.png",
            "from": 1458307497935,
            "seen": true
        },
        {
            "id": 1458307621106,
            "text": "movement intensity stress levels",
            "url": "https://www.google.co.uk/webhp?sourceid=chrome-instant&ion=1&espv=2&ie=UTF-8#q=movement+intensity+stress+levels",
            "type": "search",
            "time": "2016-03-18T13:27:01.106Z",
            "endTime": "2016-03-18T13:27:48.062Z",
            "favIconUrl": "https://www.google.co.uk/images/branding/product/ico/googleg_lodp.ico",
            "image": "1458307621106.png",
            "from": 1458307537372,
            "seen": true
        },
        {
            "id": 1458307537372,
            "type": "minimize-node",
            "time": "2016-03-18T13:27:06.729Z"
        },
        {
            "id": 1458307669021,
            "text": "movement intensity stress levels",
            "url": "https://www.google.co.uk/webhp?sourceid=chrome-instant&ion=1&espv=2&ie=UTF-8#q=movement+intensity+stress+levels&start=10",
            "type": "search",
            "time": "2016-03-18T13:27:49.021Z",
            "endTime": "2016-03-18T13:28:14.058Z",
            "favIconUrl": "https://www.google.co.uk/images/branding/product/ico/googleg_lodp.ico",
            "image": "1458307669021.png",
            "from": 1458307537372,
            "seen": true
        },
        {
            "id": 1458307694520,
            "text": "movement intensity pyschological stress levels",
            "url": "https://www.google.co.uk/webhp?sourceid=chrome-instant&ion=1&espv=2&ie=UTF-8#q=movement+intensity+pyschological+stress+levels",
            "type": "search",
            "time": "2016-03-18T13:28:14.520Z",
            "endTime": "2016-03-18T13:28:22.058Z",
            "favIconUrl": "https://www.google.co.uk/images/branding/product/ico/googleg_lodp.ico",
            "image": "1458307694520.png",
            "from": 1458307537372,
            "seen": true
        },
        {
            "id": 1458307702958,
            "text": "movement intensity psychological stress levels",
            "url": "https://www.google.co.uk/webhp?sourceid=chrome-instant&ion=1&espv=2&ie=UTF-8#q=movement+intensity+psychological+stress+levels",
            "type": "search",
            "time": "2016-03-18T13:28:22.958Z",
            "endTime": "2016-03-18T13:32:27.041Z",
            "favIconUrl": "https://www.google.co.uk/images/branding/product/ico/googleg_lodp.ico",
            "image": "1458307702958.png",
            "from": 1458307537372,
            "seen": true
        },
        {
            "id": 1458307702958,
            "type": "minimize-node",
            "time": "2016-03-18T13:28:26.171Z"
        },
        {
            "id": 1458307694520,
            "type": "minimize-node",
            "time": "2016-03-18T13:28:27.599Z"
        },
        {
            "id": 1458307669021,
            "type": "minimize-node",
            "time": "2016-03-18T13:28:29.052Z"
        },
        {
            "id": 1458307621106,
            "type": "minimize-node",
            "time": "2016-03-18T13:28:30.547Z"
        },
        {
            "id": 1458307702958,
            "type": "restore-node",
            "time": "2016-03-18T13:28:31.674Z"
        },
        {
            "id": 1458307959595,
            "text": "mambulatory",
            "url": "https://www.google.co.uk/webhp?sourceid=chrome-instant&ion=1&espv=2&ie=UTF-8#q=mambulatory",
            "type": "search",
            "time": "2016-03-18T13:32:39.595Z",
            "endTime": "2016-03-18T13:33:35.038Z",
            "favIconUrl": "https://www.google.co.uk/images/branding/product/ico/googleg_lodp.ico",
            "image": "1458307959595.png",
            "seen": true
        },
        {
            "id": 1458307968096,
            "text": "ambulatory",
            "url": "https://www.google.co.uk/webhp?sourceid=chrome-instant&ion=1&espv=2&ie=UTF-8#q=ambulatory",
            "type": "search",
            "time": "2016-03-18T13:32:48.096Z",
            "endTime": "2016-03-18T13:52:01.966Z",
            "favIconUrl": "https://www.google.co.uk/images/branding/product/ico/googleg_lodp.ico",
            "image": "1458307968096.png",
            "from": 1458307959595,
            "seen": true
        },
        {
            "id": 1458308016059,
            "text": "movement intensity psychological stress levels",
            "url": "https://www.google.co.uk/webhp?sourceid=chrome-instant&ion=1&espv=2&ie=UTF-8#q=movement+intensity+psychological+stress+levels",
            "type": "revisit",
            "time": "2016-03-18T13:33:36.059Z",
            "endTime": "2016-03-18T13:35:29.030Z",
            "favIconUrl": "https://www.google.co.uk/images/branding/product/ico/googleg_lodp.ico",
            "from": 1458307537372
        },
        {
            "id": 1458308119097,
            "text": "movement intensity",
            "url": "https://www.google.co.uk/webhp?sourceid=chrome-instant&ion=1&espv=2&ie=UTF-8#q=movement+intensity",
            "type": "search",
            "time": "2016-03-18T13:35:19.097Z",
            "endTime": "2016-03-18T13:35:24.030Z",
            "favIconUrl": "https://www.google.co.uk/images/branding/product/ico/googleg_lodp.ico",
            "image": "1458308119097.png",
            "from": 1458307537372,
            "seen": true
        },
        {
            "id": 1458307702958,
            "type": "click-node",
            "time": "2016-03-18T13:35:24.285Z"
        },
        {
            "id": 1458308129946,
            "text": "movement intensity",
            "url": "https://www.google.co.uk/webhp?sourceid=chrome-instant&ion=1&espv=2&ie=UTF-8#q=movement+intensity",
            "type": "revisit",
            "time": "2016-03-18T13:35:29.946Z",
            "endTime": "2016-03-18T13:42:30.003Z",
            "favIconUrl": "https://www.google.co.uk/images/branding/product/ico/googleg_lodp.ico",
            "from": 1458307537372
        },
        {
            "id": 1458307702958,
            "type": "minimize-node",
            "time": "2016-03-18T13:35:35.292Z"
        },
        {
            "id": 1458308499072,
            "text": "when accelerometers are used in sport",
            "url": "https://www.google.co.uk/webhp?sourceid=chrome-instant&ion=1&espv=2&ie=UTF-8#q=when%20accelerometers%20are%20used%20in%20sport",
            "type": "search",
            "time": "2016-03-18T13:41:39.072Z",
            "endTime": "2016-03-18T14:23:07.846Z",
            "favIconUrl": "https://www.google.co.uk/images/branding/product/ico/googleg_lodp.ico",
            "image": "1458308499072.png",
            "seen": true
        },
        {
            "id": 1458308516656,
            "text": "Accelerometry | Training Impulse",
            "url": "http://www.trainingimpulse.com/accelerometry",
            "type": "link",
            "time": "2016-03-18T13:41:56.656Z",
            "endTime": "2016-03-18T13:44:16.997Z",
            "favIconUrl": "http://www.trainingimpulse.com/sites/default/files/Training-Impulse-Web-Icon.png",
            "image": "1458308516656.png",
            "seen": true
        },
        {
            "id": 1458308499072,
            "type": "click-node",
            "time": "2016-03-18T13:44:17.274Z"
        },
        {
            "id": 1458308499072,
            "type": "click-node",
            "time": "2016-03-18T13:44:17.442Z"
        },
        {
            "id": 1458308668713,
            "text": "Inertial Sensors in Sports (accelerometers and gyroscopes) - Queensland Sports Technology Cluster",
            "url": "http://www.qsportstechnology.com/sports-engineering/inertial-sensors-in-sports",
            "type": "link",
            "time": "2016-03-18T13:44:28.713Z",
            "endTime": "2016-03-18T13:44:35.995Z",
            "favIconUrl": "http://www.qsportstechnology.com/_/rsrc/1303171901947/favicon.ico",
            "image": "1458308668713.png",
            "from": 1458308499072,
            "seen": true
        },
        {
            "id": 1458308682352,
            "text": "Accelerometry | Training Impulse",
            "url": "http://www.trainingimpulse.com/accelerometry",
            "type": "revisit",
            "time": "2016-03-18T13:44:42.352Z",
            "endTime": "2016-03-18T13:51:06.970Z",
            "favIconUrl": "http://www.trainingimpulse.com/sites/default/files/Training-Impulse-Web-Icon.png"
        },
        {
            "id": 1458308757514,
            "text": "Initial use of accelerometers were inside pedometres",
            "url": "http://www.trainingimpulse.com/accelerometry",
            "type": "note",
            "time": "2016-03-18T13:45:57.514Z",
            "classId": "sm-1458308757511",
            "path": "/HTML[1]/BODY[1]/DIV[2]/DIV[1]/DIV[4]/DIV[2]/DIV[2]/DIV[1]/DIV[1]/DIV[1]/DIV[1]/DIV[1]/DIV[1]/DIV[1]/P[4]/text()[1]|387|/HTML[1]/BODY[1]/DIV[2]/DIV[1]/DIV[4]/DIV[2]/DIV[2]/DIV[1]/DIV[1]/DIV[1]/DIV[1]/DIV[1]/DIV[1]/DIV[1]/P[4]/text()[1]|767",
            "from": 1458308516656
        },
        {
            "id": 1458308822191,
            "text": "accelerometer counts per minute",
            "url": "http://www.trainingimpulse.com/accelerometry",
            "type": "highlight",
            "time": "2016-03-18T13:47:02.191Z",
            "classId": "sm-1458308822188",
            "path": "/HTML[1]/BODY[1]/DIV[2]/DIV[1]/DIV[4]/DIV[2]/DIV[2]/DIV[1]/DIV[1]/DIV[1]/DIV[1]/DIV[1]/DIV[1]/DIV[1]/P[4]/text()[2]|106|/HTML[1]/BODY[1]/DIV[2]/DIV[1]/DIV[4]/DIV[2]/DIV[2]/DIV[1]/DIV[1]/DIV[1]/DIV[1]/DIV[1]/DIV[1]/DIV[1]/P[4]/text()[2]|137",
            "from": 1458308516656
        },
        {
            "id": 1458308897258,
            "text": "Accelerometres now used in sport to predict injuries onset, by detecting abnormal conditions",
            "url": "http://www.trainingimpulse.com/accelerometry",
            "type": "note",
            "time": "2016-03-18T13:48:17.258Z",
            "classId": "sm-1458308897255",
            "path": "/HTML[1]/BODY[1]/DIV[2]/DIV[1]/DIV[4]/DIV[2]/DIV[2]/DIV[1]/DIV[1]/DIV[1]/DIV[1]/DIV[1]/DIV[1]/DIV[1]/P[5]/text()[1]|46|/HTML[1]/BODY[1]/DIV[2]/DIV[1]/DIV[4]/DIV[2]/DIV[2]/DIV[1]/DIV[1]/DIV[1]/DIV[1]/DIV[1]/DIV[1]/DIV[1]/P[5]/text()[1]|192",
            "from": 1458308516656
        },
        {
            "id": 1458308900373,
            "text": "detecting",
            "url": "http://www.trainingimpulse.com/accelerometry",
            "type": "highlight",
            "time": "2016-03-18T13:48:20.373Z",
            "classId": "sm-1458308900369",
            "path": "/HTML[1]/BODY[1]/DIV[2]/DIV[1]/DIV[4]/DIV[2]/DIV[2]/DIV[1]/DIV[1]/DIV[1]/DIV[1]/DIV[1]/DIV[1]/DIV[1]/P[5]/MARK[1]/text()[1]|74|/HTML[1]/BODY[1]/DIV[2]/DIV[1]/DIV[4]/DIV[2]/DIV[2]/DIV[1]/DIV[1]/DIV[1]/DIV[1]/DIV[1]/DIV[1]/DIV[1]/P[5]/MARK[1]/text()[1]|83",
            "from": 1458308516656
        },
        {
            "id": 1458308974599,
            "text": "Algorithms",
            "url": "http://www.trainingimpulse.com/accelerometry",
            "type": "note",
            "time": "2016-03-18T13:49:34.599Z",
            "classId": "sm-1458308974597",
            "path": "/HTML[1]/BODY[1]/DIV[2]/DIV[1]/DIV[4]/DIV[2]/DIV[2]/DIV[1]/DIV[1]/DIV[1]/DIV[1]/DIV[1]/DIV[1]/DIV[1]/P[5]/text()[2]|346|/HTML[1]/BODY[1]/DIV[2]/DIV[1]/DIV[4]/DIV[2]/DIV[2]/DIV[1]/DIV[1]/DIV[1]/DIV[1]/DIV[1]/DIV[1]/DIV[1]/P[5]/text()[2]|551",
            "from": 1458308516656
        },
        {
            "id": 1458308516656,
            "type": "click-node",
            "time": "2016-03-18T13:50:00.131Z"
        },
        {
            "id": 1458308516656,
            "type": "curate-node",
            "time": "2016-03-18T13:50:03.608Z",
            "trp": {
                "width": 151,
                "height": 200,
                "x": 0,
                "y": 0
            }
        },
        {
            "id": 1458308516656,
            "type": "move-node",
            "time": "2016-03-18T13:50:05.948Z",
            "trp": {
                "width": 151,
                "height": 200,
                "x": 0,
                "y": 0
            }
        },
        {
            "id": 1458308900373,
            "type": "click-node",
            "time": "2016-03-18T13:50:05.950Z"
        },
        {
            "id": 1458309074073,
            "text": "Accelerometry | Training Impulse",
            "url": "http://www.trainingimpulse.com/accelerometry",
            "type": "revisit",
            "time": "2016-03-18T13:51:14.073Z",
            "endTime": "2016-03-18T13:51:14.969Z",
            "favIconUrl": "http://www.trainingimpulse.com/sites/default/files/Training-Impulse-Web-Icon.png"
        },
        {
            "id": 1458309081300,
            "text": "Accelerometry | Training Impulse",
            "url": "http://www.trainingimpulse.com/accelerometry",
            "type": "revisit",
            "time": "2016-03-18T13:51:21.300Z",
            "endTime": "2016-03-18T13:51:23.968Z",
            "favIconUrl": "http://www.trainingimpulse.com/sites/default/files/Training-Impulse-Web-Icon.png"
        },
        {
            "id": 1458309092859,
            "text": "PlayerLoad MEMS devices algorithm",
            "url": "https://www.google.co.uk/webhp?sourceid=chrome-instant&ion=1&espv=2&ie=UTF-8#q=PlayerLoad+MEMS+devices+algorithm",
            "type": "search",
            "time": "2016-03-18T13:51:32.859Z",
            "endTime": "2016-03-18T13:51:45.966Z",
            "favIconUrl": "https://www.google.co.uk/images/branding/product/ico/googleg_lodp.ico",
            "image": "1458309092859.png",
            "seen": true
        },
        {
            "id": 1458309107337,
            "text": "brage.bibsys.no/xmlui/bitstream/handle/11250/2368319/Holme B 2015h.pdf?sequence=1",
            "url": "http://brage.bibsys.no/xmlui/bitstream/handle/11250/2368319/Holme%20B%202015h.pdf?sequence=1",
            "type": "link",
            "time": "2016-03-18T13:51:47.337Z",
            "endTime": 1458309107338,
            "favIconUrl": "http://brage.bibsys.no/favicon.ico",
            "image": "1458309107337.png",
            "from": 1458309092859,
            "seen": true
        },
        {
            "id": 1458309107977,
            "text": "Inertial Sensors in Sports (accelerometers and gyroscopes) - Queensland Sports Technology Cluster",
            "url": "http://www.qsportstechnology.com/sports-engineering/inertial-sensors-in-sports",
            "type": "revisit",
            "time": "2016-03-18T13:51:47.977Z",
            "endTime": "2016-03-18T13:51:49.966Z",
            "favIconUrl": "http://www.qsportstechnology.com/_/rsrc/1303171901947/favicon.ico",
            "from": 1458308668713
        },
        {
            "id": 1458309110873,
            "text": "Accelerometry | Training Impulse",
            "url": "http://www.trainingimpulse.com/accelerometry",
            "type": "revisit",
            "time": "2016-03-18T13:51:50.873Z",
            "endTime": "2016-03-18T13:51:55.966Z",
            "favIconUrl": "http://www.trainingimpulse.com/sites/default/files/Training-Impulse-Web-Icon.png"
        },
        {
            "id": 1458307968096,
            "type": "click-node",
            "time": "2016-03-18T13:51:56.323Z"
        },
        {
            "id": 1458307968096,
            "type": "click-node",
            "time": "2016-03-18T13:51:58.237Z"
        },
        {
            "id": 1458309122805,
            "text": "brage.bibsys.no/xmlui/bitstream/handle/11250/2368319/Holme B 2015h.pdf?sequence=1",
            "url": "http://brage.bibsys.no/xmlui/bitstream/handle/11250/2368319/Holme%20B%202015h.pdf?sequence=1",
            "type": "revisit",
            "time": "2016-03-18T13:52:02.805Z",
            "endTime": "2016-03-18T13:52:16.964Z",
            "favIconUrl": "http://brage.bibsys.no/favicon.ico",
            "from": 1458309092859
        },
        {
            "id": 1458308119097,
            "type": "minimize-node",
            "time": "2016-03-18T13:52:09.478Z"
        },
        {
            "id": 1458307968096,
            "type": "minimize-node",
            "time": "2016-03-18T13:52:12.325Z"
        },
        {
            "id": 1458309137305,
            "text": "Accelerometry | Training Impulse",
            "url": "http://www.trainingimpulse.com/accelerometry",
            "type": "revisit",
            "time": "2016-03-18T13:52:17.305Z",
            "endTime": "2016-03-18T14:00:36.932Z",
            "favIconUrl": "http://www.trainingimpulse.com/sites/default/files/Training-Impulse-Web-Icon.png"
        },
        {
            "id": 1458309175547,
            "text": "Use of accelerometry in team sports is rare\n",
            "url": "http://www.trainingimpulse.com/accelerometry",
            "type": "note",
            "time": "2016-03-18T13:52:55.547Z",
            "classId": "sm-1458309175545",
            "path": "/HTML[1]/BODY[1]/DIV[2]/DIV[1]/DIV[4]/DIV[2]/DIV[2]/DIV[1]/DIV[1]/DIV[1]/DIV[1]/DIV[1]/DIV[1]/DIV[1]/P[6]/text()[1]|0|/HTML[1]/BODY[1]/DIV[2]/DIV[1]/DIV[4]/DIV[2]/DIV[2]/DIV[1]/DIV[1]/DIV[1]/DIV[1]/DIV[1]/DIV[1]/DIV[1]/P[6]/text()[1]|96",
            "from": 1458308516656
        },
        {
            "id": 1458309303472,
            "text": "Data attained uses a series of alternative tests and sensors in collaboration with the accelerometer ",
            "url": "http://www.trainingimpulse.com/accelerometry",
            "type": "note",
            "time": "2016-03-18T13:55:03.472Z",
            "classId": "sm-1458309303468",
            "path": "/HTML[1]/BODY[1]/DIV[2]/DIV[1]/DIV[4]/DIV[2]/DIV[2]/DIV[1]/DIV[1]/DIV[1]/DIV[1]/DIV[1]/DIV[1]/DIV[1]/P[7]/text()[1]|950|/HTML[1]/BODY[1]/DIV[2]/DIV[1]/DIV[4]/DIV[2]/DIV[2]/DIV[1]/DIV[1]/DIV[1]/DIV[1]/DIV[1]/DIV[1]/DIV[1]/P[7]/text()[1]|1306",
            "from": 1458308516656
        },
        {
            "id": 1458309559885,
            "text": "Con of accelerometer testing data in athletes",
            "url": "http://www.trainingimpulse.com/accelerometry",
            "type": "note",
            "time": "2016-03-18T13:59:19.885Z",
            "classId": "sm-1458309559881",
            "path": "/HTML[1]/BODY[1]/DIV[2]/DIV[1]/DIV[4]/DIV[2]/DIV[2]/DIV[1]/DIV[1]/DIV[1]/DIV[1]/DIV[1]/DIV[1]/DIV[1]/P[8]/text()[1]|1391|/HTML[1]/BODY[1]/DIV[2]/DIV[1]/DIV[4]/DIV[2]/DIV[2]/DIV[1]/DIV[1]/DIV[1]/DIV[1]/DIV[1]/DIV[1]/DIV[1]/P[8]/text()[1]|1549",
            "from": 1458308516656
        },
        {
            "id": 1458309643149,
            "text": "the relationship of accelerometry data to RPE ",
            "url": "https://www.google.co.uk/search?q=the+relationship+of+accelerometry+data+to+RPE+(Gomez-pirez+et+al.%2C+2011%3B+Scott+et+al.%2C+2012)&oq=the+relationship+of+accelerometry+data+to+RPE+(Gomez-pirez+et+al.%2C+2011%3B+Scott+et+al.%2C+2012)&aqs=chrome..69i57j69i64l2.1624j0j7&sourceid=chrome&ie=UTF-8",
            "type": "search",
            "time": "2016-03-18T14:00:43.149Z",
            "endTime": "2016-03-18T14:19:35.858Z",
            "favIconUrl": "https://www.google.co.uk/images/branding/product/ico/googleg_lodp.ico",
            "image": "1458309643149.png",
            "seen": true
        },
        {
            "id": 1458309684685,
            "text": "Accelerometry | Training Impulse",
            "url": "http://www.trainingimpulse.com/accelerometry",
            "type": "revisit",
            "time": "2016-03-18T14:01:24.685Z",
            "endTime": "2016-03-18T14:06:57.907Z",
            "favIconUrl": "http://www.trainingimpulse.com/sites/default/files/Training-Impulse-Web-Icon.png"
        },
        {
            "id": 1458307959595,
            "type": "minimize-node",
            "time": "2016-03-18T14:01:36.592Z"
        },
        {
            "id": 1458307487699,
            "type": "minimize-node",
            "time": "2016-03-18T14:01:38.115Z"
        },
        {
            "id": 1458310018718,
            "text": "Inertial Sensors in Sports (accelerometers and gyroscopes) - Queensland Sports Technology Cluster",
            "url": "http://www.qsportstechnology.com/sports-engineering/inertial-sensors-in-sports",
            "type": "revisit",
            "time": "2016-03-18T14:06:58.718Z",
            "endTime": "2016-03-18T14:10:22.895Z",
            "favIconUrl": "http://www.qsportstechnology.com/_/rsrc/1303171901947/favicon.ico",
            "from": 1458308668713
        },
        {
            "id": 1458310099323,
            "text": "These sensors respond to minute changes",
            "url": "http://www.qsportstechnology.com/sports-engineering/inertial-sensors-in-sports",
            "type": "highlight",
            "time": "2016-03-18T14:08:19.323Z",
            "classId": "sm-1458310099319",
            "path": "/HTML[1]/BODY[1]/DIV[2]/DIV[1]/DIV[1]/DIV[1]/DIV[2]/DIV[1]/TABLE[1]/TBODY[1]/TR[1]/TD[2]/DIV[1]/DIV[3]/DIV[1]/TABLE[1]/TBODY[1]/TR[1]/TD[1]/DIV[1]/FONT[1]/text()[1]|1077|/HTML[1]/BODY[1]/DIV[2]/DIV[1]/DIV[1]/DIV[1]/DIV[2]/DIV[1]/TABLE[1]/TBODY[1]/TR[1]/TD[2]/DIV[1]/DIV[3]/DIV[1]/TABLE[1]/TBODY[1]/TR[1]/TD[1]/DIV[1]/FONT[1]/text()[1]|1116",
            "from": 1458308668713
        },
        {
            "id": 1458310223356,
            "text": "brage.bibsys.no/xmlui/bitstream/handle/11250/2368319/Holme B 2015h.pdf?sequence=1",
            "url": "http://brage.bibsys.no/xmlui/bitstream/handle/11250/2368319/Holme%20B%202015h.pdf?sequence=1",
            "type": "revisit",
            "time": "2016-03-18T14:10:23.356Z",
            "endTime": "2016-03-18T14:15:55.873Z",
            "favIconUrl": "http://brage.bibsys.no/favicon.ico",
            "from": 1458309092859
        },
        {
            "id": 1458310776805,
            "text": "brage.bibsys.no/xmlui/bitstream/handle/11250/2368319/Holme B 2015h.pdf?sequence=1",
            "url": "http://brage.bibsys.no/xmlui/bitstream/handle/11250/2368319/Holme%20B%202015h.pdf?sequence=1",
            "type": "revisit",
            "time": "2016-03-18T14:19:36.805Z",
            "endTime": "2016-03-18T14:20:14.857Z",
            "favIconUrl": "http://brage.bibsys.no/favicon.ico",
            "from": 1458309092859
        },
        {
            "id": 1458310815674,
            "text": "the relationship of accelerometry data to RPE ",
            "url": "https://www.google.co.uk/search?q=the+relationship+of+accelerometry+data+to+RPE+(Gomez-pirez+et+al.%2C+2011%3B+Scott+et+al.%2C+2012)&oq=the+relationship+of+accelerometry+data+to+RPE+(Gomez-pirez+et+al.%2C+2011%3B+Scott+et+al.%2C+2012)&aqs=chrome..69i57j69i64l2.1624j0j7&sourceid=chrome&ie=UTF-8",
            "type": "revisit",
            "time": "2016-03-18T14:20:15.674Z",
            "endTime": "2016-03-18T14:20:20.856Z",
            "favIconUrl": "https://www.google.co.uk/images/branding/product/ico/googleg_lodp.ico"
        },
        {
            "id": 1458310821000,
            "text": "Accelerometry | Training Impulse",
            "url": "http://www.trainingimpulse.com/accelerometry",
            "type": "revisit",
            "time": "2016-03-18T14:20:21.000Z",
            "endTime": "2016-03-18T14:23:58.843Z",
            "favIconUrl": "http://www.trainingimpulse.com/sites/default/files/Training-Impulse-Web-Icon.png"
        },
        {
            "id": 1458310844106,
            "text": "IEEE Xplore Abstract - Accelerometers: An underutilized resource in sports monitoring",
            "url": "http://ieeexplore.ieee.org/xpls/abs_all.jsp?arnumber=5706766&tag=1",
            "type": "link",
            "time": "2016-03-18T14:20:44.106Z",
            "endTime": "2016-03-18T14:21:10.853Z",
            "image": "1458310844106.png",
            "from": 1458308499072,
            "seen": true
        },
        {
            "id": 1458310844106,
            "type": "minimize-node",
            "time": "2016-03-18T14:21:19.367Z"
        },
        {
            "id": 1458310895865,
            "text": "Swing Profiles in Sport: An Accelerometer Analysis",
            "url": "http://www.sciencedirect.com/science/article/pii/S1877705814006225",
            "type": "link",
            "time": "2016-03-18T14:21:35.865Z",
            "endTime": "2016-03-18T14:21:39.852Z",
            "favIconUrl": "http://cdn.els-cdn.com/sd/favSD.ico",
            "image": "1458310895865.png",
            "from": 1458308499072,
            "seen": true
        },
        {
            "id": 1458310895865,
            "type": "minimize-node",
            "time": "2016-03-18T14:21:48.519Z"
        },
        {
            "id": 1458310925362,
            "text": "Validation of an accelerometer for measuring sport performance. - PubMed - NCBI",
            "url": "http://www.ncbi.nlm.nih.gov/pubmed/19050652",
            "type": "link",
            "time": "2016-03-18T14:22:05.362Z",
            "endTime": "2016-03-18T14:22:26.848Z",
            "favIconUrl": "http://www.ncbi.nlm.nih.gov/favicon.ico",
            "image": "1458310925362.png",
            "from": 1458308499072,
            "seen": true
        },
        {
            "id": 1458310925362,
            "type": "minimize-node",
            "time": "2016-03-18T14:22:39.279Z"
        },
        {
            "id": 1458310972900,
            "text": "Accelerometer Sensor for Research Data Acquisition",
            "url": "http://www.biometricsltd.com/accelerometer.htm",
            "type": "link",
            "time": "2016-03-18T14:22:52.900Z",
            "endTime": "2016-03-18T14:22:55.846Z",
            "favIconUrl": "http://www.biometricsltd.com/favicon.ico",
            "image": "1458310972900.png",
            "from": 1458308499072,
            "seen": true
        },
        {
            "id": 1458310972900,
            "type": "minimize-node",
            "time": "2016-03-18T14:23:00.211Z"
        },
        {
            "id": 1458310993145,
            "text": "Accelerometers: An underutilized resource in sports monitoring (PDF Download Available)",
            "url": "https://www.researchgate.net/publication/224216434_Accelerometers_An_underutilized_resource_in_sports_monitoring",
            "type": "link",
            "time": "2016-03-18T14:23:13.145Z",
            "endTime": "2016-03-18T14:23:15.349Z",
            "favIconUrl": "https://www.researchgate.net/favicon-32x32.png",
            "image": "1458310993145.png",
            "from": 1458308499072,
            "seen": true
        },
        {
            "id": 1458308516656,
            "type": "click-node",
            "time": "2016-03-18T14:23:17.746Z"
        },
        {
            "id": 1458310993145,
            "type": "minimize-node",
            "time": "2016-03-18T14:23:21.369Z"
        },
        {
            "id": 1458311011834,
            "text": "the relationship of accelerometry data to RPE ",
            "url": "https://www.google.co.uk/search?q=the+relationship+of+accelerometry+data+to+RPE+(Gomez-pirez+et+al.%2C+2011%3B+Scott+et+al.%2C+2012)&oq=the+relationship+of+accelerometry+data+to+RPE+(Gomez-pirez+et+al.%2C+2011%3B+Scott+et+al.%2C+2012)&aqs=chrome..69i57j69i64l2.1624j0j7&sourceid=chrome&ie=UTF-8",
            "type": "revisit",
            "time": "2016-03-18T14:23:31.834Z",
            "endTime": "2016-03-18T14:23:32.843Z",
            "favIconUrl": "https://www.google.co.uk/images/branding/product/ico/googleg_lodp.ico"
        },
        {
            "id": 1458311013329,
            "text": "when accelerometers are used in sport",
            "url": "https://www.google.co.uk/webhp?sourceid=chrome-instant&ion=1&espv=2&ie=UTF-8#q=when%20accelerometers%20are%20used%20in%20sport",
            "type": "revisit",
            "time": "2016-03-18T14:23:33.329Z",
            "endTime": "2016-03-18T14:23:33.912Z",
            "favIconUrl": "https://www.google.co.uk/images/branding/product/ico/googleg_lodp.ico",
            "from": 1458308499072
        },
        {
            "id": 1458311016966,
            "text": "the relationship of accelerometry data to RPE ",
            "url": "https://www.google.co.uk/search?q=the+relationship+of+accelerometry+data+to+RPE+(Gomez-pirez+et+al.%2C+2011%3B+Scott+et+al.%2C+2012)&oq=the+relationship+of+accelerometry+data+to+RPE+(Gomez-pirez+et+al.%2C+2011%3B+Scott+et+al.%2C+2012)&aqs=chrome..69i57j69i64l2.1624j0j7&sourceid=chrome&ie=UTF-8",
            "type": "revisit",
            "time": "2016-03-18T14:23:36.966Z",
            "endTime": "2016-03-18T14:23:39.842Z",
            "favIconUrl": "https://www.google.co.uk/images/branding/product/ico/googleg_lodp.ico"
        },
        {
            "id": 1458308516656,
            "type": "click-node",
            "time": "2016-03-18T14:23:40.168Z"
        },
        {
            "id": 1458311056717,
            "text": "accelorometre prevention of injury",
            "url": "https://www.google.co.uk/webhp?sourceid=chrome-instant&ion=1&espv=2&ie=UTF-8#q=accelorometre%20prevention%20of%20injury",
            "type": "search",
            "time": "2016-03-18T14:24:16.717Z",
            "endTime": "2016-03-18T14:24:18.841Z",
            "favIconUrl": "https://www.google.co.uk/images/branding/product/ico/googleg_lodp.ico",
            "image": "1458311056717.png",
            "seen": true
        },
        {
            "id": 1458311059095,
            "text": "accelerometer prevention of injury",
            "url": "https://www.google.co.uk/webhp?sourceid=chrome-instant&ion=1&espv=2&ie=UTF-8#q=accelerometer+prevention+of+injury",
            "type": "search",
            "time": "2016-03-18T14:24:19.095Z",
            "endTime": "2016-03-18T14:59:21.240Z",
            "favIconUrl": "https://www.google.co.uk/images/branding/product/ico/googleg_lodp.ico",
            "image": "1458311059095.png",
            "seen": true
        },
        {
            "id": 1458311070145,
            "text": "Human Biomechanics and Injury Prevention - Google Books",
            "url": "https://books.google.co.uk/books?id=FzPwCAAAQBAJ&pg=PA44&lpg=PA44&dq=accelerometer+prevention+of+injury&source=bl&ots=qVtZmphw2_&sig=R1VBbg4bRf3PCR4f-9kJdbEYDdY&hl=en&sa=X&ved=0ahUKEwix15iFuMrLAhVIYA4KHRMyC-YQ6AEIMTAD#v=onepage&q=accelerometer%20prevention%20of%20injury&f=false",
            "type": "link",
            "time": "2016-03-18T14:24:30.145Z",
            "endTime": "2016-03-18T14:25:47.836Z",
            "favIconUrl": "https://books.google.co.uk/favicon.ico",
            "image": "1458311070145.png",
            "seen": true
        },
        {
            "id": 1458311164179,
            "text": "The Next Big Thing In Sports Data: Predicting (And Avoiding) Injuries | Fast Company | Business + Innovation",
            "url": "http://www.fastcompany.com/3034655/healthware/the-next-big-thing-in-sports-data-predicting-and-avoiding-injuries",
            "type": "link",
            "time": "2016-03-18T14:26:04.179Z",
            "endTime": "2016-03-18T14:27:50.827Z",
            "favIconUrl": "http://www.fastcompany.com/favicon.ico",
            "image": "1458311164179.png",
            "from": 1458311059095,
            "seen": true
        },
        {
            "id": 1458311070145,
            "type": "minimize-node",
            "time": "2016-03-18T14:26:15.057Z"
        },
        {
            "id": 1458311164179,
            "type": "curate-node",
            "time": "2016-03-18T14:27:40.608Z",
            "trp": {
                "width": 151,
                "height": 145.65625,
                "x": 261,
                "y": 30
            }
        },
        {
            "id": 1458308516656,
            "type": "move-node",
            "time": "2016-03-18T14:27:51.187Z",
            "trp": {
                "width": 101,
                "height": 124.609375,
                "x": 0,
                "y": 0
            }
        },
        {
            "id": 1458308900373,
            "type": "click-node",
            "time": "2016-03-18T14:27:51.188Z"
        },
        {
            "id": 1458311271342,
            "text": "Accelerometry | Training Impulse",
            "url": "http://www.trainingimpulse.com/accelerometry",
            "type": "revisit",
            "time": "2016-03-18T14:27:51.342Z",
            "endTime": "2016-03-18T14:29:43.820Z",
            "favIconUrl": "http://www.trainingimpulse.com/sites/default/files/Training-Impulse-Web-Icon.png",
            "from": 1458309643149
        },
        {
            "id": 1458308900373,
            "type": "click-node",
            "time": "2016-03-18T14:27:58.942Z"
        },
        {
            "id": 1458308900373,
            "type": "click-node",
            "time": "2016-03-18T14:28:49.804Z"
        },
        {
            "id": 1458308897258,
            "type": "click-node",
            "time": "2016-03-18T14:29:05.525Z"
        },
        {
            "type": "add-link",
            "time": "2016-03-18T14:29:33.061Z",
            "sourceId": 1458308516656,
            "targetId": 1458311164179
        },
        {
            "id": 1458311164179,
            "type": "move-node",
            "time": "2016-03-18T14:29:36.691Z",
            "trp": {
                "width": 151,
                "height": 196.65625,
                "x": 272,
                "y": 60
            }
        },
        {
            "id": 1458311384717,
            "text": "The Next Big Thing In Sports Data: Predicting (And Avoiding) Injuries | Fast Company | Business + Innovation",
            "url": "http://www.fastcompany.com/3034655/healthware/the-next-big-thing-in-sports-data-predicting-and-avoiding-injuries",
            "type": "revisit",
            "time": "2016-03-18T14:29:44.717Z",
            "endTime": "2016-03-18T14:35:43.797Z",
            "favIconUrl": "http://www.fastcompany.com/favicon.ico",
            "from": 1458311059095
        },
        {
            "id": 1458311493069,
            "text": "Sports accelerometer product\n",
            "url": "http://www.fastcompany.com/3034655/healthware/the-next-big-thing-in-sports-data-predicting-and-avoiding-injuries",
            "type": "note",
            "time": "2016-03-18T14:31:33.069Z",
            "classId": "sm-1458311493066",
            "path": "/HTML[1]/BODY[1]/DIV[3]/DIV[5]/ARTICLE[1]/DIV[1]/DIV[1]/P[5]/text()[1]|283|/HTML[1]/BODY[1]/DIV[3]/DIV[5]/ARTICLE[1]/DIV[1]/DIV[1]/P[5]/text()[1]|351",
            "from": 1458311164179
        },
        {
            "id": 1458311534848,
            "text": "Gyroscope and Accelerometer usually linked",
            "url": "http://www.fastcompany.com/3034655/healthware/the-next-big-thing-in-sports-data-predicting-and-avoiding-injuries",
            "type": "note",
            "time": "2016-03-18T14:32:14.848Z",
            "classId": "sm-1458311534846",
            "path": "/HTML[1]/BODY[1]/DIV[3]/DIV[5]/ARTICLE[1]/DIV[1]/DIV[1]/P[5]/text()[2]|13|/HTML[1]/BODY[1]/DIV[3]/DIV[5]/ARTICLE[1]/DIV[1]/DIV[1]/P[5]/text()[2]|41",
            "from": 1458311164179
        },
        {
            "id": 1458311624274,
            "text": "orrecting injury-inducing problems like imbalances between each side of the body. A player, for example, could be favoring one leg over the other when jumping, due perhaps to an old injury that never properly healed or muscular weakness never addressed. ",
            "url": "http://www.fastcompany.com/3034655/healthware/the-next-big-thing-in-sports-data-predicting-and-avoiding-injuries",
            "type": "highlight",
            "time": "2016-03-18T14:33:44.274Z",
            "classId": "sm-1458311624273",
            "path": "/HTML[1]/BODY[1]/DIV[3]/DIV[5]/ARTICLE[1]/DIV[1]/DIV[1]/P[6]/text()[1]|236|/HTML[1]/BODY[1]/DIV[3]/DIV[5]/ARTICLE[1]/DIV[1]/DIV[1]/P[6]/text()[1]|489",
            "from": 1458311164179
        },
        {
            "id": 1458311673694,
            "text": "Detect abnormal patterns which may cause injuries\n",
            "url": "http://www.fastcompany.com/3034655/healthware/the-next-big-thing-in-sports-data-predicting-and-avoiding-injuries",
            "type": "note",
            "time": "2016-03-18T14:34:33.694Z",
            "classId": "sm-1458311673676",
            "path": "/HTML[1]/BODY[1]/DIV[3]/DIV[5]/ARTICLE[1]/DIV[1]/DIV[1]/DIV[1]/DIV[1]/UL[1]/text()[2]|0|/HTML[1]/BODY[1]/DIV[3]/DIV[5]/ARTICLE[1]/DIV[1]/DIV[1]/P[9]/text()[1]|242",
            "from": 1458311164179
        },
        {
            "id": 1458311750565,
            "text": "catapult sports",
            "url": "https://www.google.co.uk/webhp?sourceid=chrome-instant&ion=1&espv=2&ie=UTF-8#q=catapult%20sports",
            "type": "search",
            "time": "2016-03-18T14:35:50.565Z",
            "endTime": 1458311750566,
            "favIconUrl": "https://www.google.co.uk/images/branding/product/ico/googleg_lodp.ico",
            "image": "1458311750565.png",
            "seen": true
        },
        {
            "id": 1458311751260,
            "text": "The Next Big Thing In Sports Data: Predicting (And Avoiding) Injuries | Fast Company | Business + Innovation",
            "url": "http://www.fastcompany.com/3034655/healthware/the-next-big-thing-in-sports-data-predicting-and-avoiding-injuries",
            "type": "revisit",
            "time": "2016-03-18T14:35:51.260Z",
            "endTime": "2016-03-18T14:35:54.795Z",
            "favIconUrl": "http://www.fastcompany.com/favicon.ico",
            "from": 1458311059095
        },
        {
            "id": 1458311762478,
            "text": "omegawave",
            "url": "https://www.google.co.uk/webhp?sourceid=chrome-instant&ion=1&espv=2&ie=UTF-8#q=omegawave",
            "type": "search",
            "time": "2016-03-18T14:36:02.478Z",
            "endTime": "2016-03-18T14:36:06.802Z",
            "favIconUrl": "https://www.google.co.uk/images/branding/product/ico/googleg_lodp.ico",
            "image": "1458311762478.png",
            "seen": true
        },
        {
            "id": 1458311767249,
            "text": "Omegawave for Team sports",
            "url": "http://www.omegawave.com/",
            "type": "link",
            "time": "2016-03-18T14:36:07.249Z",
            "endTime": "2016-03-18T14:36:07.799Z",
            "image": "1458311767249.png",
            "seen": true
        },
        {
            "id": 1458311769206,
            "text": "catapult sports",
            "url": "https://www.google.co.uk/webhp?sourceid=chrome-instant&ion=1&espv=2&ie=UTF-8#q=catapult%20sports",
            "type": "revisit",
            "time": "2016-03-18T14:36:09.206Z",
            "endTime": "2016-03-18T14:40:40.778Z",
            "favIconUrl": "https://www.google.co.uk/images/branding/product/ico/googleg_lodp.ico"
        },
        {
            "id": 1458311762478,
            "type": "minimize-node",
            "time": "2016-03-18T14:36:13.111Z"
        },
        {
            "id": 1458311786560,
            "text": "Catapult UK | Wearable Technology for Elite Sports",
            "url": "http://www.catapultsports.com/uk/",
            "type": "link",
            "time": "2016-03-18T14:36:26.560Z",
            "endTime": "2016-03-18T14:36:28.792Z",
            "favIconUrl": "http://www.catapultsports.com/catapult.png",
            "image": "1458311786560.png",
            "from": 1458311750565,
            "seen": true
        },
        {
            "id": 1458311750565,
            "type": "click-node",
            "time": "2016-03-18T14:36:29.090Z"
        },
        {
            "id": 1458311750565,
            "type": "minimize-node",
            "time": "2016-03-18T14:36:32.351Z"
        },
        {
            "id": 1458311795453,
            "text": "Omegawave for Team sports",
            "url": "http://www.omegawave.com/",
            "type": "revisit",
            "time": "2016-03-18T14:36:35.453Z",
            "endTime": "2016-03-18T14:37:03.793Z"
        },
        {
            "id": 1458311786560,
            "type": "curate-node",
            "time": "2016-03-18T14:36:39.446Z",
            "trp": {
                "width": 151,
                "height": 26,
                "x": 0,
                "y": 246.65625
            }
        },
        {
            "id": 1458311767249,
            "type": "curate-node",
            "time": "2016-03-18T14:36:43.407Z",
            "trp": {
                "width": 151,
                "height": 145.65625,
                "x": 0,
                "y": 292.65625
            }
        },
        {
            "id": 1458311767249,
            "type": "move-node",
            "time": "2016-03-18T14:36:45.926Z",
            "trp": {
                "width": 101,
                "height": 105.765625,
                "x": 225.66666666666669,
                "y": 222.77083333333337
            }
        },
        {
            "id": 1458311786560,
            "type": "move-node",
            "time": "2016-03-18T14:36:48.304Z",
            "trp": {
                "width": 151,
                "height": 26,
                "x": 355,
                "y": 387.65625
            }
        },
        {
            "type": "add-link",
            "time": "2016-03-18T14:36:50.838Z",
            "sourceId": 1458311164179,
            "targetId": 1458311767249
        },
        {
            "id": 1458311164179,
            "type": "move-node",
            "time": "2016-03-18T14:36:53.561Z",
            "trp": {
                "width": 101,
                "height": 105.765625,
                "x": 181.33333333333337,
                "y": 40
            }
        },
        {
            "type": "add-link",
            "time": "2016-03-18T14:36:55.735Z",
            "sourceId": 1458311164179,
            "targetId": 1458311786560
        },
        {
            "id": 1458311824372,
            "text": "The Next Big Thing In Sports Data: Predicting (And Avoiding) Injuries | Fast Company | Business + Innovation",
            "url": "http://www.fastcompany.com/3034655/healthware/the-next-big-thing-in-sports-data-predicting-and-avoiding-injuries",
            "type": "revisit",
            "time": "2016-03-18T14:37:04.372Z",
            "endTime": "2016-03-18T14:40:24.778Z",
            "favIconUrl": "http://www.fastcompany.com/favicon.ico",
            "from": 1458311059095
        },
        {
            "id": 1458311786560,
            "type": "move-node",
            "time": "2016-03-18T14:37:45.746Z",
            "trp": {
                "width": 151,
                "height": 26,
                "x": 352,
                "y": 373.65625
            }
        },
        {
            "type": "add-link",
            "time": "2016-03-18T14:37:47.798Z",
            "sourceId": 1458311786560,
            "targetId": 1458311767249
        },
        {
            "type": "add-link",
            "time": "2016-03-18T14:37:49.823Z",
            "sourceId": 1458311767249,
            "targetId": 1458311786560
        },
        {
            "id": 1458311786560,
            "type": "move-node",
            "time": "2016-03-18T14:37:58.092Z",
            "trp": {
                "width": 101,
                "height": 105.765625,
                "x": 274.66666666666674,
                "y": 208.43750000000006
            }
        },
        {
            "id": 1458311970315,
            "text": "Tech becoming cheaper, so more avalible than to just pro athletes\n",
            "url": "http://www.fastcompany.com/3034655/healthware/the-next-big-thing-in-sports-data-predicting-and-avoiding-injuries",
            "type": "note",
            "time": "2016-03-18T14:39:30.315Z",
            "classId": "sm-1458311970312",
            "path": "/HTML[1]/BODY[1]/DIV[3]/DIV[5]/ARTICLE[1]/DIV[1]/DIV[1]/P[17]/text()[1]|306|/HTML[1]/BODY[1]/DIV[3]/DIV[5]/ARTICLE[1]/DIV[1]/DIV[1]/P[17]/text()[1]|439",
            "from": 1458311164179
        },
        {
            "id": 1458312025574,
            "text": "Catapult UK | Wearable Technology for Elite Sports",
            "url": "http://www.catapultsports.com/uk/",
            "type": "revisit",
            "time": "2016-03-18T14:40:25.574Z",
            "endTime": "2016-03-18T14:40:55.776Z",
            "favIconUrl": "http://www.catapultsports.com/catapult.png",
            "from": 1458311750565
        },
        {
            "id": 1458312061183,
            "text": "Most Innovative Companies 2015 | Fast Company | Business + Innovation",
            "url": "http://www.fastcompany.com/section/most-innovative-companies-2015",
            "type": "link",
            "time": "2016-03-18T14:41:01.183Z",
            "endTime": "2016-03-18T14:54:36.252Z",
            "favIconUrl": "http://www.fastcompany.com/favicon.ico",
            "image": "1458312061183.png",
            "from": 1458311786560,
            "seen": true
        },
        {
            "id": 1458312069519,
            "text": "Apple | Fast Company | Business + Innovation",
            "url": "http://www.fastcompany.com/3039570/most-innovative-companies-2015/apple",
            "type": "link",
            "time": "2016-03-18T14:41:09.519Z",
            "endTime": "2016-03-18T14:41:13.775Z",
            "favIconUrl": "http://www.fastcompany.com/favicon.ico",
            "image": "1458312069519.png",
            "from": 1458312061183,
            "seen": true
        },
        {
            "id": 1458312061183,
            "type": "minimize-node",
            "time": "2016-03-18T14:41:19.354Z"
        },
        {
            "id": 1458312069519,
            "type": "minimize-node",
            "time": "2016-03-18T14:41:20.859Z"
        },
        {
            "id": 1458311786560,
            "type": "click-node",
            "time": "2016-03-18T14:41:22.396Z"
        },
        {
            "id": 1458312082595,
            "text": "Catapult UK | Wearable Technology for Elite Sports",
            "url": "http://www.catapultsports.com/uk/",
            "type": "revisit",
            "time": "2016-03-18T14:41:22.595Z",
            "endTime": "2016-03-18T14:41:24.775Z",
            "favIconUrl": "http://www.catapultsports.com/catapult.png",
            "from": 1458311786560
        },
        {
            "id": 1458312088125,
            "text": "Catapult UK | Wearable Technology for Elite Sports",
            "url": "http://www.catapultsports.com/uk/",
            "type": "revisit",
            "time": "2016-03-18T14:41:28.125Z",
            "endTime": "2016-03-18T14:47:42.709Z",
            "favIconUrl": "http://www.catapultsports.com/catapult.png",
            "from": 1458311786560
        },
        {
            "id": 1458312099253,
            "text": "Multi-Sport Monitoring Tools | Catapult UK",
            "url": "http://www.catapultsports.com/uk/sports/",
            "type": "link",
            "time": "2016-03-18T14:41:39.253Z",
            "endTime": "2016-03-18T14:42:45.768Z",
            "favIconUrl": "http://www.catapultsports.com/catapult.png",
            "image": "1458312099253.png",
            "from": 1458311786560,
            "seen": true
        },
        {
            "id": 1458312158835,
            "text": "Contact Us | Catapult USA | Catapult USA",
            "url": "http://www.catapultsports.com/contact/",
            "type": "link",
            "time": "2016-03-18T14:42:38.835Z",
            "endTime": "2016-03-18T14:43:40.856Z",
            "favIconUrl": "http://www.catapultsports.com/catapult.png",
            "image": "1458312158835.png",
            "from": 1458312099253,
            "seen": true
        },
        {
            "id": 1458312158835,
            "type": "click-node",
            "time": "2016-03-18T14:42:46.012Z"
        },
        {
            "id": 1458312171041,
            "text": "Contact Us | Catapult UK",
            "url": "http://www.catapultsports.com/uk/contact/",
            "type": "link",
            "time": "2016-03-18T14:42:51.041Z",
            "endTime": "2016-03-18T14:44:46.721Z",
            "favIconUrl": "http://www.catapultsports.com/catapult.png",
            "image": "1458312171041.png",
            "seen": true
        },
        {
            "id": 1458312173894,
            "text": "Omegawave for Team sports",
            "url": "http://www.omegawave.com/",
            "type": "revisit",
            "time": "2016-03-18T14:42:53.894Z",
            "endTime": "2016-03-18T14:42:59.767Z"
        },
        {
            "id": 1458312158835,
            "type": "minimize-node",
            "time": "2016-03-18T14:42:58.344Z"
        },
        {
            "id": 1458312180588,
            "text": "Multi-Sport Monitoring Tools | Catapult UK",
            "url": "http://www.catapultsports.com/uk/sports/",
            "type": "revisit",
            "time": "2016-03-18T14:43:00.588Z",
            "endTime": "2016-03-18T14:43:12.075Z",
            "favIconUrl": "http://www.catapultsports.com/catapult.png",
            "from": 1458312158835
        },
        {
            "id": 1458312204754,
            "text": "Assess Athlete Readiness | Catapult UK",
            "url": "http://www.catapultsports.com/uk/benefits/readiness/",
            "type": "link",
            "time": "2016-03-18T14:43:24.754Z",
            "endTime": "2016-03-18T14:47:33.711Z",
            "favIconUrl": "http://www.catapultsports.com/catapult.png",
            "image": "1458312204754.png",
            "from": 1458311786560,
            "seen": true
        },
        {
            "id": 1458312158835,
            "type": "save-image",
            "value": "http://www.catapultsports.com/media/2062/web-banner.jpg"
        },
        {
            "id": 1458312228433,
            "text": "Find out When to Return to Play | Catapult UK",
            "url": "http://www.catapultsports.com/uk/benefits/return-to-play/",
            "type": "link",
            "time": "2016-03-18T14:43:48.433Z",
            "endTime": "2016-03-18T14:44:10.782Z",
            "favIconUrl": "http://www.catapultsports.com/catapult.png",
            "image": "1458312228433.png",
            "from": 1458312204754,
            "seen": true
        },
        {
            "id": 1458312171041,
            "type": "click-node",
            "time": "2016-03-18T14:44:10.927Z"
        },
        {
            "id": 1458312171041,
            "type": "save-image",
            "value": "http://www.catapultsports.com/media/2062/web-banner.jpg"
        },
        {
            "id": 1458312171041,
            "type": "curate-node",
            "time": "2016-03-18T14:44:35.232Z",
            "trp": {
                "width": 151,
                "height": 145.65625,
                "x": 0,
                "y": 553.3125
            }
        },
        {
            "id": 1458312171041,
            "type": "move-node",
            "time": "2016-03-18T14:44:39.191Z",
            "trp": {
                "width": 101,
                "height": 105.765625,
                "x": 416.66666666666674,
                "y": 391.2083333333334
            }
        },
        {
            "type": "add-link",
            "time": "2016-03-18T14:44:41.278Z",
            "sourceId": 1458311786560,
            "targetId": 1458312171041
        },
        {
            "id": 1458312204754,
            "type": "click-node",
            "time": "2016-03-18T14:44:47.029Z"
        },
        {
            "id": 1458312204754,
            "type": "curate-node",
            "time": "2016-03-18T14:44:53.303Z",
            "trp": {
                "width": 151,
                "height": 145.65625,
                "x": 0,
                "y": 768.96875
            }
        },
        {
            "id": 1458312099253,
            "type": "curate-node",
            "time": "2016-03-18T14:44:56.029Z",
            "trp": {
                "width": 151,
                "height": 109.75,
                "x": 0,
                "y": 934.625
            }
        },
        {
            "id": 1458312228433,
            "type": "curate-node",
            "time": "2016-03-18T14:44:58.212Z",
            "trp": {
                "width": 151,
                "height": 145.65625,
                "x": 0,
                "y": 1064.375
            }
        },
        {
            "type": "curation-zoom-out",
            "time": "2016-03-18T14:44:59.470Z"
        },
        {
            "type": "curation-zoom-out",
            "time": "2016-03-18T14:44:59.777Z"
        },
        {
            "type": "curation-zoom-out",
            "time": "2016-03-18T14:45:00.096Z"
        },
        {
            "type": "curation-zoom-in",
            "time": "2016-03-18T14:45:02.404Z"
        },
        {
            "id": 1458312204754,
            "type": "move-node",
            "time": "2016-03-18T14:45:05.934Z",
            "trp": {
                "width": 101,
                "height": 105.765625,
                "x": 605,
                "y": 288.6458333333335
            }
        },
        {
            "type": "remove-link",
            "time": "2016-03-18T14:45:07.488Z",
            "sourceId": 1458311786560,
            "targetId": 1458312099253
        },
        {
            "type": "remove-link",
            "time": "2016-03-18T14:45:08.621Z",
            "sourceId": 1458312204754,
            "targetId": 1458312228433
        },
        {
            "type": "remove-link",
            "time": "2016-03-18T14:45:09.869Z",
            "sourceId": 1458311786560,
            "targetId": 1458312204754
        },
        {
            "id": 1458312099253,
            "type": "move-node",
            "time": "2016-03-18T14:45:13.370Z",
            "trp": {
                "width": 101,
                "height": 81.828125,
                "x": 610,
                "y": 177.0833333333336
            }
        },
        {
            "id": 1458312228433,
            "type": "move-node",
            "time": "2016-03-18T14:45:17.399Z",
            "trp": {
                "width": 101,
                "height": 105.765625,
                "x": 610,
                "y": 427.5833333333335
            }
        },
        {
            "id": 1458311786560,
            "type": "move-node",
            "time": "2016-03-18T14:45:22.094Z",
            "trp": {
                "width": 101,
                "height": 105.765625,
                "x": 240.66666666666674,
                "y": 244.43750000000006
            }
        },
        {
            "type": "add-link",
            "time": "2016-03-18T14:45:25.502Z",
            "sourceId": 1458311786560,
            "targetId": 1458312099253
        },
        {
            "type": "add-link",
            "time": "2016-03-18T14:45:28.192Z",
            "sourceId": 1458311786560,
            "targetId": 1458312204754
        },
        {
            "id": 1458311786560,
            "type": "move-node",
            "time": "2016-03-18T14:45:31.773Z",
            "trp": {
                "width": 101,
                "height": 105.765625,
                "x": 297.66666666666674,
                "y": 222.43750000000006
            }
        },
        {
            "type": "add-link",
            "time": "2016-03-18T14:45:35.439Z",
            "sourceId": 1458311786560,
            "targetId": 1458312228433
        },
        {
            "id": 1458312385578,
            "text": "Contact Us | Catapult UK",
            "url": "http://www.catapultsports.com/uk/contact/",
            "type": "revisit",
            "time": "2016-03-18T14:46:25.578Z",
            "endTime": "2016-03-18T14:46:27.029Z",
            "favIconUrl": "http://www.catapultsports.com/catapult.png"
        },
        {
            "id": 1458312387525,
            "text": "Omegawave for Team sports",
            "url": "http://www.omegawave.com/",
            "type": "revisit",
            "time": "2016-03-18T14:46:27.525Z",
            "endTime": "2016-03-18T14:54:37.042Z"
        },
        {
            "id": 1458312388958,
            "text": "Find out When to Return to Play | Catapult UK",
            "url": "http://www.catapultsports.com/uk/benefits/return-to-play/",
            "type": "revisit",
            "time": "2016-03-18T14:46:28.958Z",
            "endTime": "2016-03-18T14:46:31.891Z",
            "favIconUrl": "http://www.catapultsports.com/catapult.png",
            "from": 1458312204754
        },
        {
            "id": 1458312394347,
            "text": "The Innovator of GPS Tracking for Elite Sport | Catapult UK",
            "url": "http://www.catapultsports.com/uk/system/",
            "type": "link",
            "time": "2016-03-18T14:46:34.347Z",
            "endTime": "2016-03-18T14:47:28.711Z",
            "favIconUrl": "http://www.catapultsports.com/catapult.png",
            "image": "1458312394347.png",
            "from": 1458312228433,
            "seen": true
        },
        {
            "id": 1458312394347,
            "type": "curate-node",
            "time": "2016-03-18T14:46:59.797Z",
            "trp": {
                "width": 101,
                "height": 105.765625,
                "x": 0,
                "y": 546.3489583333335
            }
        },
        {
            "id": 1458312394347,
            "type": "move-node",
            "time": "2016-03-18T14:47:02.180Z",
            "trp": {
                "width": 101,
                "height": 105.765625,
                "x": 99,
                "y": 404.3489583333335
            }
        },
        {
            "type": "remove-link",
            "time": "2016-03-18T14:47:03.141Z",
            "sourceId": 1458312228433,
            "targetId": 1458312394347
        },
        {
            "id": 1458312394347,
            "type": "move-node",
            "time": "2016-03-18T14:47:05.451Z",
            "trp": {
                "width": 101,
                "height": 105.765625,
                "x": 414,
                "y": 41.348958333333485
            }
        },
        {
            "type": "add-link",
            "time": "2016-03-18T14:47:08.102Z",
            "sourceId": 1458311164179,
            "targetId": 1458312394347
        },
        {
            "id": 1458311786560,
            "type": "move-node",
            "time": "2016-03-18T14:47:10.614Z",
            "trp": {
                "width": 101,
                "height": 105.765625,
                "x": 405.66666666666674,
                "y": 220.43750000000006
            }
        },
        {
            "type": "add-link",
            "time": "2016-03-18T14:47:15.361Z",
            "sourceId": 1458311786560,
            "targetId": 1458312394347
        },
        {
            "id": 1458312204754,
            "type": "click-node",
            "time": "2016-03-18T14:47:29.700Z"
        },
        {
            "id": 1458311786560,
            "type": "click-node",
            "time": "2016-03-18T14:47:34.636Z"
        },
        {
            "id": 1458312464468,
            "text": "Scientifically Validated Research | Catapult UK",
            "url": "http://www.catapultsports.com/uk/research/",
            "type": "link",
            "time": "2016-03-18T14:47:44.468Z",
            "endTime": "2016-03-18T14:48:16.707Z",
            "favIconUrl": "http://www.catapultsports.com/catapult.png",
            "image": "1458312464468.png",
            "from": 1458311786560,
            "seen": true
        },
        {
            "id": 1458312497952,
            "text": "www.catapultsports.com/media/3268/effect-of-different-between-match-recovery-times-on-the-activity-profiles-and-injury-rates-of-national-rugby-league-players.pdf",
            "url": "http://www.catapultsports.com/media/3268/effect-of-different-between-match-recovery-times-on-the-activity-profiles-and-injury-rates-of-national-rugby-league-players.pdf",
            "type": "link",
            "time": "2016-03-18T14:48:17.952Z",
            "endTime": "2016-03-18T14:48:27.707Z",
            "image": "1458312497952.png",
            "from": 1458312464468,
            "seen": true
        },
        {
            "id": 1458312508339,
            "text": "Scientifically Validated Research | Catapult UK",
            "url": "http://www.catapultsports.com/uk/research/",
            "type": "revisit",
            "time": "2016-03-18T14:48:28.339Z",
            "endTime": "2016-03-18T14:48:29.718Z",
            "favIconUrl": "http://www.catapultsports.com/catapult.png",
            "from": 1458311786560
        },
        {
            "id": 1458312510026,
            "text": "www.catapultsports.com/media/3268/effect-of-different-between-match-recovery-times-on-the-activity-profiles-and-injury-rates-of-national-rugby-league-players.pdf",
            "url": "http://www.catapultsports.com/media/3268/effect-of-different-between-match-recovery-times-on-the-activity-profiles-and-injury-rates-of-national-rugby-league-players.pdf",
            "type": "revisit",
            "time": "2016-03-18T14:48:30.026Z",
            "endTime": "2016-03-18T14:54:24.684Z",
            "from": 1458312464468
        },
        {
            "id": 1458312865647,
            "text": "Scientifically Validated Research | Catapult UK",
            "url": "http://www.catapultsports.com/uk/research/",
            "type": "revisit",
            "time": "2016-03-18T14:54:25.647Z",
            "endTime": "2016-03-18T14:54:28.683Z",
            "favIconUrl": "http://www.catapultsports.com/catapult.png",
            "from": 1458311786560
        },
        {
            "id": 1458312869287,
            "text": "www.catapultsports.com/media/3268/effect-of-different-between-match-recovery-times-on-the-activity-profiles-and-injury-rates-of-national-rugby-league-players.pdf",
            "url": "http://www.catapultsports.com/media/3268/effect-of-different-between-match-recovery-times-on-the-activity-profiles-and-injury-rates-of-national-rugby-league-players.pdf",
            "type": "revisit",
            "time": "2016-03-18T14:54:29.287Z",
            "endTime": 1458312869288,
            "from": 1458312464468
        },
        {
            "id": 1458312870919,
            "text": "Assess Athlete Readiness | Catapult UK",
            "url": "http://www.catapultsports.com/uk/benefits/readiness/",
            "type": "revisit",
            "time": "2016-03-18T14:54:30.919Z",
            "endTime": "2016-03-18T14:54:31.439Z",
            "favIconUrl": "http://www.catapultsports.com/catapult.png"
        },
        {
            "id": 1458312872438,
            "text": "www.catapultsports.com/media/3268/effect-of-different-between-match-recovery-times-on-the-activity-profiles-and-injury-rates-of-national-rugby-league-players.pdf",
            "url": "http://www.catapultsports.com/media/3268/effect-of-different-between-match-recovery-times-on-the-activity-profiles-and-injury-rates-of-national-rugby-league-players.pdf",
            "type": "revisit",
            "time": "2016-03-18T14:54:32.438Z",
            "endTime": "2016-03-18T14:54:32.752Z",
            "from": 1458312464468
        },
        {
            "id": 1458312873254,
            "text": "The Innovator of GPS Tracking for Elite Sport | Catapult UK",
            "url": "http://www.catapultsports.com/uk/system/",
            "type": "revisit",
            "time": "2016-03-18T14:54:33.254Z",
            "endTime": "2016-03-18T14:54:33.997Z",
            "favIconUrl": "http://www.catapultsports.com/catapult.png",
            "from": 1458312228433
        },
        {
            "id": 1458312876683,
            "text": "Most Innovative Companies 2015 | Fast Company | Business + Innovation",
            "url": "http://www.fastcompany.com/section/most-innovative-companies-2015",
            "type": "revisit",
            "time": "2016-03-18T14:54:36.683Z",
            "endTime": 1458312876684,
            "favIconUrl": "http://www.fastcompany.com/favicon.ico",
            "from": 1458312069519
        },
        {
            "id": 1458312878066,
            "text": "Omegawave for Team sports",
            "url": "http://www.omegawave.com/",
            "type": "revisit",
            "time": "2016-03-18T14:54:38.066Z",
            "endTime": "2016-03-18T14:57:18.202Z"
        },
        {
            "id": 1458312883545,
            "text": "Knowledge",
            "url": "http://www.omegawave.com/knowledge",
            "type": "link",
            "time": "2016-03-18T14:54:43.545Z",
            "endTime": "2016-03-18T14:57:14.201Z",
            "image": "1458312883545.png",
            "from": 1458311767249,
            "seen": true
        },
        {
            "id": 1458312888057,
            "text": "https://omegawave.blob.core.windows.net/sitematerials/default-document-library/omegawave-theory-amp-practice-cw-morris.pdf",
            "url": "https://omegawave.blob.core.windows.net/sitematerials/default-document-library/omegawave-theory-amp-practice-cw-morris.pdf",
            "type": "link",
            "time": "2016-03-18T14:54:48.057Z",
            "endTime": "2016-03-18T14:57:01.201Z",
            "image": "1458312888057.png",
            "from": 1458312883545,
            "seen": true
        },
        {
            "id": 1458313038425,
            "text": "Omegawave for Team sports",
            "url": "http://www.omegawave.com/#heroanchor",
            "type": "link",
            "time": "2016-03-18T14:57:18.425Z",
            "endTime": "2016-03-18T14:58:54.195Z",
            "image": "1458313038425.png",
            "from": 1458311767249,
            "seen": true
        },
        {
            "id": 1458313038425,
            "type": "save-image",
            "value": "https://omegawave.blob.core.windows.net/sitematerials/default-album/ipad_team.png?sfvrsn=4"
        },
        {
            "id": 1458313135664,
            "text": "www.catapultsports.com/media/3268/effect-of-different-between-match-recovery-times-on-the-activity-profiles-and-injury-rates-of-national-rugby-league-players.pdf",
            "url": "http://www.catapultsports.com/media/3268/effect-of-different-between-match-recovery-times-on-the-activity-profiles-and-injury-rates-of-national-rugby-league-players.pdf",
            "type": "revisit",
            "time": "2016-03-18T14:58:55.664Z",
            "endTime": "2016-03-18T14:58:57.469Z",
            "from": 1458312464468
        },
        {
            "id": 1458313139238,
            "text": "Most Innovative Companies 2015 | Fast Company | Business + Innovation",
            "url": "http://www.fastcompany.com/section/most-innovative-companies-2015",
            "type": "revisit",
            "time": "2016-03-18T14:58:59.238Z",
            "endTime": "2016-03-18T14:59:04.195Z",
            "favIconUrl": "http://www.fastcompany.com/favicon.ico",
            "from": 1458312069519
        },
        {
            "id": 1458313145463,
            "text": "www.catapultsports.com/media/3268/effect-of-different-between-match-recovery-times-on-the-activity-profiles-and-injury-rates-of-national-rugby-league-players.pdf",
            "url": "http://www.catapultsports.com/media/3268/effect-of-different-between-match-recovery-times-on-the-activity-profiles-and-injury-rates-of-national-rugby-league-players.pdf",
            "type": "revisit",
            "time": "2016-03-18T14:59:05.463Z",
            "endTime": "2016-03-18T14:59:05.587Z",
            "from": 1458312464468
        },
        {
            "id": 1458313146044,
            "text": "The Next Big Thing In Sports Data: Predicting (And Avoiding) Injuries | Fast Company | Business + Innovation",
            "url": "http://www.fastcompany.com/3034655/healthware/the-next-big-thing-in-sports-data-predicting-and-avoiding-injuries",
            "type": "revisit",
            "time": "2016-03-18T14:59:06.044Z",
            "endTime": "2016-03-18T14:59:12.193Z",
            "favIconUrl": "http://www.fastcompany.com/favicon.ico",
            "from": 1458311059095
        },
        {
            "id": 1458313225441,
            "text": "The Tech that Will Predict (and Prevent) Your Next Running Injury | Outside Online",
            "url": "http://www.outsideonline.com/1928811/tech-will-predict-and-prevent-your-next-running-injury",
            "type": "link",
            "time": "2016-03-18T15:00:25.441Z",
            "endTime": "2016-03-18T15:11:12.091Z",
            "favIconUrl": "http://www.outsideonline.com/sites/default/files/favicon_1.ico",
            "image": "1458313225441.png",
            "from": 1458311059095,
            "seen": true
        },
        {
            "id": 1458313592918,
            "text": "Ryan & Sara Hall Are Obsessed With Food | Outside Online",
            "url": "http://www.outsideonline.com/1926721/ryan-sara-hall-are-obsessed-food",
            "type": "link",
            "time": "2016-03-18T15:06:32.918Z",
            "endTime": "2016-03-18T15:06:34.695Z",
            "favIconUrl": "http://www.outsideonline.com/sites/default/files/favicon_1.ico",
            "from": 1458313225441,
            "seen": true
        },
        {
            "id": 1458313657154,
            "text": "Example how accel. and gyros, can detect abnormalities even though to the coach, it seems normal",
            "url": "http://www.outsideonline.com/1928811/tech-will-predict-and-prevent-your-next-running-injury",
            "type": "note",
            "time": "2016-03-18T15:07:37.154Z",
            "classId": "sm-1458313657151",
            "path": "/HTML[1]/BODY[1]/DIV[2]/DIV[1]/DIV[1]/DIV[1]/DIV[2]/DIV[1]/SECTION[1]/ARTICLE[1]/DIV[1]/DIV[3]/DIV[1]/P[3]/text()[1]|166|/HTML[1]/BODY[1]/DIV[2]/DIV[1]/DIV[1]/DIV[1]/DIV[2]/DIV[1]/SECTION[1]/ARTICLE[1]/DIV[1]/DIV[3]/DIV[1]/P[3]/text()[1]|474",
            "from": 1458313225441
        },
        {
            "id": 1458313592918,
            "type": "minimize-node",
            "time": "2016-03-18T15:10:29.710Z"
        },
        {
            "id": 1458313225441,
            "type": "curate-node",
            "time": "2016-03-18T15:10:33.196Z",
            "trp": {
                "width": 101,
                "height": 81.828125,
                "x": 0,
                "y": 546.3489583333335
            }
        },
        {
            "id": 1458313225441,
            "type": "move-node",
            "time": "2016-03-18T15:10:35.408Z",
            "trp": {
                "width": 101,
                "height": 81.828125,
                "x": 25,
                "y": 587.3489583333335
            }
        },
        {
            "id": 1458311164179,
            "type": "move-node",
            "time": "2016-03-18T15:10:39.374Z",
            "trp": {
                "width": 101,
                "height": 105.765625,
                "x": 264.33333333333337,
                "y": 40
            }
        },
        {
            "id": 1458311164179,
            "type": "click-node",
            "time": "2016-03-18T15:10:39.376Z"
        },
        {
            "id": 1458313841854,
            "text": "www.catapultsports.com/media/3268/effect-of-different-between-match-recovery-times-on-the-activity-profiles-and-injury-rates-of-national-rugby-league-players.pdf",
            "url": "http://www.catapultsports.com/media/3268/effect-of-different-between-match-recovery-times-on-the-activity-profiles-and-injury-rates-of-national-rugby-league-players.pdf",
            "type": "revisit",
            "time": "2016-03-18T15:10:41.854Z",
            "endTime": "2016-03-18T15:11:09.620Z",
            "from": 1458312464468
        },
        {
            "id": 1458312099253,
            "type": "move-node",
            "time": "2016-03-18T15:10:46.690Z",
            "trp": {
                "width": 101,
                "height": 81.828125,
                "x": 610,
                "y": 177.0833333333336
            }
        },
        {
            "id": 1458312204754,
            "type": "move-node",
            "time": "2016-03-18T15:10:48.162Z",
            "trp": {
                "width": 101,
                "height": 105.765625,
                "x": 605,
                "y": 288.6458333333335
            }
        },
        {
            "id": 1458312228433,
            "type": "move-node",
            "time": "2016-03-18T15:10:50.224Z",
            "trp": {
                "width": 101,
                "height": 105.765625,
                "x": 610,
                "y": 427.5833333333335
            }
        },
        {
            "id": 1458312171041,
            "type": "move-node",
            "time": "2016-03-18T15:10:51.526Z",
            "trp": {
                "width": 101,
                "height": 105.765625,
                "x": 416.66666666666674,
                "y": 391.2083333333334
            }
        },
        {
            "id": 1458311786560,
            "type": "move-node",
            "time": "2016-03-18T15:10:53.649Z",
            "trp": {
                "width": 101,
                "height": 105.765625,
                "x": 405.66666666666674,
                "y": 220.43750000000006
            }
        },
        {
            "id": 1458312394347,
            "type": "move-node",
            "time": "2016-03-18T15:10:55.850Z",
            "trp": {
                "width": 101,
                "height": 105.765625,
                "x": 414,
                "y": 41.348958333333485
            }
        },
        {
            "id": 1458311164179,
            "type": "move-node",
            "time": "2016-03-18T15:10:57.440Z",
            "trp": {
                "width": 101,
                "height": 105.765625,
                "x": 264.33333333333337,
                "y": 40
            }
        },
        {
            "id": 1458311767249,
            "type": "move-node",
            "time": "2016-03-18T15:10:58.947Z",
            "trp": {
                "width": 101,
                "height": 105.765625,
                "x": 225.66666666666669,
                "y": 222.77083333333337
            }
        },
        {
            "id": 1458313225441,
            "type": "move-node",
            "time": "2016-03-18T15:11:01.573Z",
            "trp": {
                "width": 101,
                "height": 81.828125,
                "x": 25,
                "y": 587.3489583333335
            }
        },
        {
            "type": "add-link",
            "time": "2016-03-18T15:11:05.184Z",
            "sourceId": 1458308516656,
            "targetId": 1458313225441
        },
        {
            "id": 1458313870279,
            "text": "Accelerometry | Training Impulse",
            "url": "http://www.trainingimpulse.com/accelerometry",
            "type": "revisit",
            "time": "2016-03-18T15:11:10.279Z",
            "endTime": 1458313870280,
            "favIconUrl": "http://www.trainingimpulse.com/sites/default/files/Training-Impulse-Web-Icon.png",
            "from": 1458309643149
        },
        {
            "id": 1458313872378,
            "text": "The Tech that Will Predict (and Prevent) Your Next Running Injury | Outside Online",
            "url": "http://www.outsideonline.com/1928811/tech-will-predict-and-prevent-your-next-running-injury",
            "type": "revisit",
            "time": "2016-03-18T15:11:12.378Z",
            "endTime": "2016-03-18T15:14:07.607Z",
            "favIconUrl": "http://www.outsideonline.com/sites/default/files/favicon_1.ico",
            "from": 1458313225441
        },
        {
            "id": 1458313952970,
            "text": "Running Injury Clinic | The “Green Runner” Project",
            "url": "http://runninginjuryclinic.com/research/the-green-runner-project/",
            "type": "link",
            "time": "2016-03-18T15:12:32.970Z",
            "endTime": 1458313952971,
            "favIconUrl": "http://runninginjuryclinic.com/favicon.ico",
            "from": 1458313225441,
            "seen": false
        },
        {
            "id": 1458313225441,
            "type": "save-image",
            "value": "http://www.outsideonline.com/sites/default/files/styles/img_600x339/public/migrated-images/predicting-injury-chart.jpg?itok=JftcBm6S"
        }
    ]
}