{
    "data": [
        {
            "id": 1458301341767,
            "text": "wearables measure stress",
            "url": "https://www.google.co.uk/webhp?sourceid=chrome-instant&ion=1&espv=2&ie=UTF-8#q=wearables%20measure%20stress",
            "type": "search",
            "time": "2016-03-18T11:42:21.767Z",
            "endTime": "2016-03-18T11:54:34.023Z",
            "favIconUrl": "https://www.google.co.uk/images/branding/product/ico/googleg_lodp.ico",
            "image": "1458301341767.png",
            "seen": true
        },
        {
            "id": 1458301353268,
            "text": "Can Wearable Tech Measure Our Stress And Calm Us Down? | Co.Exist | ideas + impact",
            "url": "http://www.fastcoexist.com/3046996/can-wearable-tech-measure-our-stress-and-calm-us-down-no-ones-cracked-the-code-yet",
            "type": "link",
            "time": "2016-03-18T11:42:33.268Z",
            "endTime": "2016-03-18T11:54:54.021Z",
            "favIconUrl": "http://www.fastcoexist.com/favicon.ico",
            "image": "1458301353268.png",
            "from": 1458301341767,
            "seen": true
        },
        {
            "id": 1458301544314,
            "text": "Wearable can't accurately measure stress yet\n",
            "url": "http://www.fastcoexist.com/3046996/can-wearable-tech-measure-our-stress-and-calm-us-down-no-ones-cracked-the-code-yet",
            "type": "note",
            "time": "2016-03-18T11:45:44.314Z",
            "classId": "sm-1458301544312",
            "path": "/HTML[1]/BODY[1]/DIV[3]/DIV[5]/ARTICLE[1]/DIV[1]/DIV[1]/P[4]/text()[2]|0|/HTML[1]/BODY[1]/DIV[3]/DIV[5]/ARTICLE[1]/DIV[1]/DIV[1]/P[4]/text()[2]|380",
            "from": 1458301353268
        },
        {
            "id": 1458301645017,
            "text": "Wearables not yet accurate as you are always moving, ie. your rist is typing, etc. so hard to gather reliable data.\n",
            "url": "http://www.fastcoexist.com/3046996/can-wearable-tech-measure-our-stress-and-calm-us-down-no-ones-cracked-the-code-yet",
            "type": "note",
            "time": "2016-03-18T11:47:25.017Z",
            "classId": "sm-1458301645016",
            "path": "/HTML[1]/BODY[1]/DIV[3]/DIV[5]/ARTICLE[1]/DIV[1]/DIV[1]/P[7]/text()[1]|1|/HTML[1]/BODY[1]/DIV[3]/DIV[5]/ARTICLE[1]/DIV[1]/DIV[1]/P[7]/text()[1]|247",
            "from": 1458301353268
        },
        {
            "id": 1458301721395,
            "text": "This New Wearable Device Says It Helps Lower Stress At Work--We Put It To The Test | Co.Exist | ideas + impact",
            "url": "http://www.fastcoexist.com/3033292/this-new-wearable-device-says-it-helps-lower-stress-at-work-we-put-it-to-the-test",
            "type": "link",
            "time": "2016-03-18T11:48:41.395Z",
            "endTime": "2016-03-18T11:48:45.100Z",
            "favIconUrl": "http://www.fastcoexist.com/favicon.ico",
            "image": "1458301721395.png",
            "from": 1458301353268,
            "seen": true
        },
        {
            "id": 1458301732902,
            "text": "Mapping The Most Stressful Places In Life To Figure Out How Stress Is Killing Us | Co.Exist | ideas + impact",
            "url": "http://www.fastcoexist.com/3042375/mapping-the-most-stressful-places-in-life-to-figure-out-how-stress-is-killing-us",
            "type": "link",
            "time": "2016-03-18T11:48:52.902Z",
            "endTime": "2016-03-18T11:49:25.040Z",
            "favIconUrl": "http://www.fastcoexist.com/favicon.ico",
            "image": "1458301732902.png",
            "from": 1458301353268,
            "seen": true
        },
        {
            "id": 1458301791111,
            "text": "external factors may also affect results",
            "url": "http://www.fastcoexist.com/3046996/can-wearable-tech-measure-our-stress-and-calm-us-down-no-ones-cracked-the-code-yet",
            "type": "note",
            "time": "2016-03-18T11:49:51.111Z",
            "classId": "sm-1458301791106",
            "path": "/HTML[1]/BODY[1]/DIV[3]/DIV[5]/ARTICLE[1]/DIV[1]/DIV[1]/P[11]/text()[3]|96|/HTML[1]/BODY[1]/DIV[3]/DIV[5]/ARTICLE[1]/DIV[1]/DIV[1]/P[11]/text()[4]|23",
            "from": 1458301353268
        },
        {
            "id": 1458301544314,
            "type": "click-node",
            "time": "2016-03-18T11:52:15.695Z"
        },
        {
            "id": 1458301950889,
            "text": "Mapping The Most Stressful Places In Life To Figure Out How Stress Is Killing Us | Co.Exist | ideas + impact",
            "url": "http://www.fastcoexist.com/3042375/mapping-the-most-stressful-places-in-life-to-figure-out-how-stress-is-killing-us",
            "type": "revisit",
            "time": "2016-03-18T11:52:30.889Z",
            "endTime": "2016-03-18T11:52:59.027Z",
            "favIconUrl": "http://www.fastcoexist.com/favicon.ico",
            "from": 1458301353268
        },
        {
            "id": 1458301353268,
            "type": "click-node",
            "time": "2016-03-18T11:52:59.217Z"
        },
        {
            "id": 1458301353268,
            "type": "click-node",
            "time": "2016-03-18T11:53:31.000Z"
        },
        {
            "id": 1458301353268,
            "type": "click-node",
            "time": "2016-03-18T11:53:32.446Z"
        },
        {
            "id": 1458301353268,
            "type": "click-node",
            "time": "2016-03-18T11:53:32.562Z"
        },
        {
            "id": 1458301353268,
            "type": "click-node",
            "time": "2016-03-18T11:53:36.721Z"
        },
        {
            "id": 1458301645017,
            "type": "click-node",
            "time": "2016-03-18T11:54:02.869Z"
        },
        {
            "id": 1458301732902,
            "type": "click-node",
            "time": "2016-03-18T11:54:08.065Z"
        },
        {
            "id": 1458302048162,
            "text": "Mapping The Most Stressful Places In Life To Figure Out How Stress Is Killing Us | Co.Exist | ideas + impact",
            "url": "http://www.fastcoexist.com/3042375/mapping-the-most-stressful-places-in-life-to-figure-out-how-stress-is-killing-us",
            "type": "revisit",
            "time": "2016-03-18T11:54:08.162Z",
            "endTime": "2016-03-18T11:54:13.023Z",
            "favIconUrl": "http://www.fastcoexist.com/favicon.ico",
            "from": 1458301353268
        },
        {
            "id": 1458301721395,
            "type": "click-node",
            "time": "2016-03-18T11:54:13.098Z"
        },
        {
            "id": 1458302066251,
            "text": "Mapping The Most Stressful Places In Life To Figure Out How Stress Is Killing Us | Co.Exist | ideas + impact",
            "url": "http://www.fastcoexist.com/3042375/mapping-the-most-stressful-places-in-life-to-figure-out-how-stress-is-killing-us",
            "type": "revisit",
            "time": "2016-03-18T11:54:26.251Z",
            "endTime": "2016-03-18T11:54:28.022Z",
            "favIconUrl": "http://www.fastcoexist.com/favicon.ico",
            "from": 1458301353268
        },
        {
            "id": 1458301341767,
            "type": "click-node",
            "time": "2016-03-18T11:54:29.021Z"
        },
        {
            "id": 1458301721395,
            "type": "click-node",
            "time": "2016-03-18T11:54:34.993Z"
        },
        {
            "id": 1458301544314,
            "type": "click-node",
            "time": "2016-03-18T11:54:43.003Z"
        },
        {
            "id": 1458301732902,
            "type": "click-node",
            "time": "2016-03-18T11:54:54.339Z"
        },
        {
            "id": 1458302094455,
            "text": "Mapping The Most Stressful Places In Life To Figure Out How Stress Is Killing Us | Co.Exist | ideas + impact",
            "url": "http://www.fastcoexist.com/3042375/mapping-the-most-stressful-places-in-life-to-figure-out-how-stress-is-killing-us",
            "type": "revisit",
            "time": "2016-03-18T11:54:54.455Z",
            "endTime": "2016-03-18T11:55:00.021Z",
            "favIconUrl": "http://www.fastcoexist.com/favicon.ico",
            "from": 1458301353268
        },
        {
            "id": 1458301721395,
            "type": "click-node",
            "time": "2016-03-18T11:55:00.973Z"
        },
        {
            "id": 1458301341767,
            "type": "click-node",
            "time": "2016-03-18T11:55:08.552Z"
        },
        {
            "id": 1458302108627,
            "text": "wearables measure stress",
            "url": "https://www.google.co.uk/webhp?sourceid=chrome-instant&ion=1&espv=2&ie=UTF-8#q=wearables%20measure%20stress",
            "type": "revisit",
            "time": "2016-03-18T11:55:08.627Z",
            "endTime": "2016-03-18T11:55:13.021Z",
            "favIconUrl": "https://www.google.co.uk/images/branding/product/ico/googleg_lodp.ico"
        },
        {
            "id": 1458302115549,
            "text": "Can Wearable Tech Measure Our Stress And Calm Us Down? | Co.Exist | ideas + impact",
            "url": "http://www.fastcoexist.com/3046996/can-wearable-tech-measure-our-stress-and-calm-us-down-no-ones-cracked-the-code-yet",
            "type": "revisit",
            "time": "2016-03-18T11:55:15.549Z",
            "endTime": "2016-03-18T11:55:34.018Z",
            "favIconUrl": "http://www.fastcoexist.com/favicon.ico"
        },
        {
            "id": 1458301353268,
            "type": "save-image",
            "value": "http://c.fastcompany.net/multisite_files/fastcompany/imagecache/slideshow_large/slideshow/2015/06/3046996-slide-s-1-this-wearable-tries-to-track-whats-stressing-you-out-and-then-te.jpg"
        },
        {
            "id": 1458301353268,
            "type": "save-image",
            "value": "http://d.fastcompany.net/multisite_files/fastcompany/imagecache/inline-large/inline/2015/06/3046996-inline-i-3-this-wearable-tries-to-track-whats-stressing-you-out-and-then-te-copy.jpg"
        },
        {
            "id": 1458302134781,
            "text": "wearables measure stress",
            "url": "https://www.google.co.uk/webhp?sourceid=chrome-instant&ion=1&espv=2&ie=UTF-8#q=wearables%20measure%20stress",
            "type": "revisit",
            "time": "2016-03-18T11:55:34.781Z",
            "endTime": "2016-03-18T11:55:38.019Z",
            "favIconUrl": "https://www.google.co.uk/images/branding/product/ico/googleg_lodp.ico"
        },
        {
            "id": 1458302138398,
            "text": "Can Wearable Tech Measure Our Stress And Calm Us Down? | Co.Exist | ideas + impact",
            "url": "http://www.fastcoexist.com/3046996/can-wearable-tech-measure-our-stress-and-calm-us-down-no-ones-cracked-the-code-yet",
            "type": "revisit",
            "time": "2016-03-18T11:55:38.398Z",
            "endTime": "2016-03-18T11:55:47.018Z",
            "favIconUrl": "http://www.fastcoexist.com/favicon.ico"
        },
        {
            "id": 1458302147701,
            "text": "wearables measure stress",
            "url": "https://www.google.co.uk/webhp?sourceid=chrome-instant&ion=1&espv=2&ie=UTF-8#q=wearables%20measure%20stress",
            "type": "revisit",
            "time": "2016-03-18T11:55:47.701Z",
            "endTime": "2016-03-18T11:55:49.016Z",
            "favIconUrl": "https://www.google.co.uk/images/branding/product/ico/googleg_lodp.ico"
        },
        {
            "id": 1458302149610,
            "text": "Mapping The Most Stressful Places In Life To Figure Out How Stress Is Killing Us | Co.Exist | ideas + impact",
            "url": "http://www.fastcoexist.com/3042375/mapping-the-most-stressful-places-in-life-to-figure-out-how-stress-is-killing-us",
            "type": "revisit",
            "time": "2016-03-18T11:55:49.610Z",
            "endTime": "2016-03-18T11:56:02.016Z",
            "favIconUrl": "http://www.fastcoexist.com/favicon.ico",
            "from": 1458301353268
        },
        {
            "id": 1458302164080,
            "text": "Neumitra",
            "url": "https://neumitra.com/",
            "type": "link",
            "time": "2016-03-18T11:56:04.080Z",
            "endTime": "2016-03-18T11:56:15.015Z",
            "image": "1458302164080.png",
            "from": 1458301732902,
            "seen": true
        },
        {
            "id": 1458302175658,
            "text": "wearables measure stress",
            "url": "https://www.google.co.uk/webhp?sourceid=chrome-instant&ion=1&espv=2&ie=UTF-8#q=wearables%20measure%20stress",
            "type": "revisit",
            "time": "2016-03-18T11:56:15.658Z",
            "endTime": "2016-03-18T11:57:55.022Z",
            "favIconUrl": "https://www.google.co.uk/images/branding/product/ico/googleg_lodp.ico"
        },
        {
            "id": 1458302182025,
            "text": "50 wearable tech gamechangers for 2016",
            "url": "http://www.wareable.com/wareable50/best-wearable-tech",
            "type": "link",
            "time": "2016-03-18T11:56:22.025Z",
            "endTime": "2016-03-18T11:56:39.295Z",
            "favIconUrl": "http://www.wareable.com/favicon.ico",
            "image": "1458302182025.png",
            "from": 1458301341767,
            "seen": true
        },
        {
            "id": 1458302209222,
            "text": "Spire - Wearable activity and respiration tracking for a healthy body and mind.",
            "url": "https://www.spire.io/",
            "type": "link",
            "time": "2016-03-18T11:56:49.222Z",
            "endTime": "2016-03-18T11:57:07.012Z",
            "favIconUrl": "https://www.spire.io/assets/favicon-23141461b2a4c05e5380656772e49ae8.png",
            "image": "1458302209222.png",
            "from": 1458301341767,
            "seen": true
        },
        {
            "id": 1458302230507,
            "text": "Activity tracking for healthy body and mind.",
            "url": "https://www.spire.io/order/",
            "type": "link",
            "time": "2016-03-18T11:57:10.507Z",
            "endTime": "2016-03-18T11:57:14.013Z",
            "favIconUrl": "https://www.spire.io/assets/favicon-23141461b2a4c05e5380656772e49ae8.png",
            "image": "1458302230507.png",
            "from": 1458302209222,
            "seen": true
        },
        {
            "id": 1458302249152,
            "text": "Olive : A Wearable to Manage Stress | Indiegogo",
            "url": "https://www.indiegogo.com/projects/olive-a-wearable-to-manage-stress#/",
            "type": "link",
            "time": "2016-03-18T11:57:29.152Z",
            "endTime": "2016-03-18T11:57:51.010Z",
            "favIconUrl": "https://g1.iggcdn.com/assets/favicon/favicon-32-4dfcba8dfbe628f9065885bcfd163ad0e7ff6629c72ec0efdd839c081bb5608e.png",
            "image": "1458302249152.png",
            "from": 1458301341767,
            "seen": true
        },
        {
            "id": 1458302249152,
            "type": "save-image",
            "value": "https://images.indiegogo.com/file_attachments/979296/files/20141102072352-heroes_black.png?1414941832"
        },
        {
            "id": 1458302292111,
            "text": "Advertisement",
            "url": "http://a.aproductmsg.com/asw/pfr/305/2236704/7/o.html?cdm=xads.zedo.com&a=2236704&x=3977&g=171&c1=305033457&c2=305033457&i=0&n=305&s=271&1=8&2=1&tg=1458302280&vr=7&m=301&w=1&os=9&p=8&h=2467289&f=3148612&b=14400&o=20&y=1729&v=1&t=i&u=P0Y1RAj8TYC6hh1QCRAdhQ**~031816&z=0.08247945043179394&mb=137&dm=.zedo.com&pt=Advertisement&q=&sk=&l=&cd=&adm=c13.zedo.com&ldm=l1.zedo.com&exp=0&cm=&tt=0&wm=Transparent&dnt=0&tsad=0&p1=&p2=&p3=&p4=&p5=&ctg=&prfl=&ct=0&awd=axp.zedo.com&cl4=true&ce=UTF-8&pu=http%3A%2F%2Fwww.mensfitness.com%2Flife%2Fentertainment%2Fwearable-tech-3-things-you-can-learn-stress-monitor&tz=-05_00&rc=0&csv=1&atd=1&dtd=1&dct=2067&dmf=&dvm=&dsr=&djs=2063&dhs=2065&patt=5&ptg=1458302280119&zpu=www.mensfitness.com_http%3A%2F%2Fwww.mensfitness.com__0_2_&tpu=&osn=Mac+OS+X&osv=10.9&brn=Chrome&brv=49",
            "type": "link",
            "time": "2016-03-18T11:58:12.111Z",
            "endTime": "2016-03-18T11:58:17.011Z",
            "from": 1458301341767,
            "seen": true
        },
        {
            "id": 1458302297334,
            "text": "Neumitra",
            "url": "https://neumitra.com/",
            "type": "revisit",
            "time": "2016-03-18T11:58:17.334Z",
            "endTime": "2016-03-18T11:58:20.008Z",
            "from": 1458301732902
        },
        {
            "id": 1458302300059,
            "text": "Mapping The Most Stressful Places In Life To Figure Out How Stress Is Killing Us | Co.Exist | ideas + impact",
            "url": "http://www.fastcoexist.com/3042375/mapping-the-most-stressful-places-in-life-to-figure-out-how-stress-is-killing-us",
            "type": "revisit",
            "time": "2016-03-18T11:58:20.059Z",
            "endTime": "2016-03-18T11:58:21.010Z",
            "favIconUrl": "http://www.fastcoexist.com/favicon.ico",
            "from": 1458301353268
        },
        {
            "id": 1458302301266,
            "text": "Neumitra",
            "url": "https://neumitra.com/",
            "type": "revisit",
            "time": "2016-03-18T11:58:21.266Z",
            "endTime": "2016-03-18T11:58:32.008Z",
            "from": 1458301732902
        },
        {
            "id": 1458302292111,
            "type": "remove-collection-node",
            "time": "2016-03-18T11:58:27.246Z"
        },
        {
            "id": 1458302313047,
            "text": "Mapping The Most Stressful Places In Life To Figure Out How Stress Is Killing Us | Co.Exist | ideas + impact",
            "url": "http://www.fastcoexist.com/3042375/mapping-the-most-stressful-places-in-life-to-figure-out-how-stress-is-killing-us",
            "type": "revisit",
            "time": "2016-03-18T11:58:33.047Z",
            "endTime": "2016-03-18T11:58:34.007Z",
            "favIconUrl": "http://www.fastcoexist.com/favicon.ico",
            "from": 1458301353268
        },
        {
            "id": 1458302314195,
            "text": "Neumitra",
            "url": "https://neumitra.com/",
            "type": "revisit",
            "time": "2016-03-18T11:58:34.195Z",
            "endTime": "2016-03-18T11:58:44.006Z",
            "from": 1458301732902
        },
        {
            "id": 1458302325476,
            "text": "wearable chest stress",
            "url": "https://www.google.co.uk/webhp?sourceid=chrome-instant&ion=1&espv=2&ie=UTF-8#q=wearable%20chest%20stress",
            "type": "search",
            "time": "2016-03-18T11:58:45.476Z",
            "endTime": "2016-03-18T12:00:51.997Z",
            "favIconUrl": "https://www.google.co.uk/images/branding/product/ico/googleg_lodp.ico",
            "image": "1458302325476.png",
            "from": 1458302164080,
            "seen": true
        },
        {
            "id": 1458302338260,
            "text": "Towards Measuring Stress with Smartphones and Wearable Devices During Workday and Sleep. - PubMed - NCBI",
            "url": "http://www.ncbi.nlm.nih.gov/pubmed/25530929",
            "type": "link",
            "time": "2016-03-18T11:58:58.260Z",
            "endTime": "2016-03-18T11:59:00.010Z",
            "favIconUrl": "http://www.ncbi.nlm.nih.gov/favicon.ico",
            "image": "1458302338260.png",
            "from": 1458302325476,
            "seen": true
        },
        {
            "id": 1458302354295,
            "text": "Wearable for Stress - Olive - Quantified Self / Apps & Tools - Quantified Self Forum",
            "url": "https://forum.quantifiedself.com/t/wearable-for-stress-olive/1235",
            "type": "link",
            "time": "2016-03-18T11:59:14.295Z",
            "endTime": "2016-03-18T11:59:18.004Z",
            "favIconUrl": "https://forum.quantifiedself.com/uploads/default/original/1X/f0c1bd1bf774124db5e31640c47bb7eb93cc3620.ico",
            "image": "1458302354295.png",
            "from": 1458302325476,
            "seen": true
        },
        {
            "id": 1458302358049,
            "text": "Wearable for Stress - Olive - Quantified Self / Apps & Tools - Quantified Self Forum",
            "url": "https://forum.quantifiedself.com/t/wearable-for-stress-olive/1235/5",
            "type": "link",
            "time": "2016-03-18T11:59:18.049Z",
            "endTime": "2016-03-18T11:59:19.125Z",
            "favIconUrl": "https://forum.quantifiedself.com/uploads/default/original/1X/f0c1bd1bf774124db5e31640c47bb7eb93cc3620.ico",
            "image": "1458302358049.png",
            "from": 1458302325476,
            "seen": true
        },
        {
            "id": 1458302325476,
            "type": "click-node",
            "time": "2016-03-18T12:00:24.939Z"
        },
        {
            "id": 1458302325476,
            "type": "click-node",
            "time": "2016-03-18T12:00:25.123Z"
        },
        {
            "type": "collection-zoom-in",
            "time": "2016-03-18T12:00:30.669Z"
        },
        {
            "type": "collection-zoom-in",
            "time": "2016-03-18T12:00:30.812Z"
        },
        {
            "type": "collection-zoom-in",
            "time": "2016-03-18T12:00:32.452Z"
        },
        {
            "type": "collection-zoom-out",
            "time": "2016-03-18T12:00:33.339Z"
        },
        {
            "type": "collection-zoom-out",
            "time": "2016-03-18T12:00:36.085Z"
        },
        {
            "id": 1458302325476,
            "type": "click-node",
            "time": "2016-03-18T12:00:37.768Z"
        },
        {
            "id": 1458302325476,
            "type": "click-node",
            "time": "2016-03-18T12:00:40.970Z"
        },
        {
            "id": 1458302325476,
            "type": "click-node",
            "time": "2016-03-18T12:00:45.322Z"
        },
        {
            "id": 1458302325476,
            "type": "click-node",
            "time": "2016-03-18T12:00:45.626Z"
        },
        {
            "id": 1458302465341,
            "text": "stress level wearables",
            "url": "https://www.google.co.uk/webhp?sourceid=chrome-instant&ion=1&espv=2&ie=UTF-8#q=stress%20level%20wearables",
            "type": "search",
            "time": "2016-03-18T12:01:05.341Z",
            "endTime": "2016-03-18T12:11:20.447Z",
            "favIconUrl": "https://www.google.co.uk/images/branding/product/ico/googleg_lodp.ico",
            "image": "1458302465341.png",
            "seen": true
        },
        {
            "id": 1458302481088,
            "text": "Stress levels of 1000 doctors tracked in huge wearables test | New Scientist",
            "url": "https://www.newscientist.com/article/mg22830453-000-stress-levels-of-1000-doctors-tracked-in-huge-wearables-test/",
            "type": "link",
            "time": "2016-03-18T12:01:21.088Z",
            "endTime": "2016-03-18T12:01:52.993Z",
            "favIconUrl": "https://www.newscientist.com/wp-content/themes/new-scientist/img/layup/new-sci-favicon.ico",
            "image": "1458302481088.png",
            "from": 1458302465341,
            "seen": true
        },
        {
            "id": 1458302555666,
            "text": "New Wearable Technology Tracks Stress Level « CBS Boston",
            "url": "http://boston.cbslocal.com/2015/11/20/new-wearable-technology-tracks-stress-level/",
            "type": "link",
            "time": "2016-03-18T12:02:35.666Z",
            "endTime": "2016-03-18T12:02:51.991Z",
            "favIconUrl": "http://1.gravatar.com/blavatar/fffe0375aae8769905184b1123dea77c?s=16",
            "image": "1458302555666.png",
            "from": 1458302465341,
            "seen": true
        },
        {
            "id": 1458302572142,
            "text": "Spire - Wearable activity and respiration tracking for a healthy body and mind.",
            "url": "https://www.spire.io/",
            "type": "revisit",
            "time": "2016-03-18T12:02:52.142Z",
            "endTime": "2016-03-18T12:02:56.990Z",
            "favIconUrl": "https://www.spire.io/assets/favicon-23141461b2a4c05e5380656772e49ae8.png"
        },
        {
            "id": 1458302577187,
            "text": "New Wearable Technology Tracks Stress Level « CBS Boston",
            "url": "http://boston.cbslocal.com/2015/11/20/new-wearable-technology-tracks-stress-level/",
            "type": "revisit",
            "time": "2016-03-18T12:02:57.187Z",
            "endTime": "2016-03-18T12:03:47.987Z",
            "favIconUrl": "http://1.gravatar.com/blavatar/fffe0375aae8769905184b1123dea77c?s=16",
            "from": 1458302465341
        },
        {
            "id": 1458302634685,
            "text": "ITSM is Broken in the App Economy. Let's Fix It! | BrightTALK",
            "url": "https://www.brighttalk.com/summit/3555?utm_source=Vibrant&utm_medium=promo&utm_campaign=LinkedIn",
            "type": "link",
            "time": "2016-03-18T12:03:54.685Z",
            "endTime": "2016-03-18T12:04:03.987Z",
            "favIconUrl": "https://www.brighttalk.com/resources/images/favicons/favicon.ico",
            "image": "1458302634685.png",
            "from": 1458302555666,
            "seen": true
        },
        {
            "id": 1458301721395,
            "type": "click-node",
            "time": "2016-03-18T12:04:04.474Z"
        },
        {
            "id": 1458302647112,
            "text": "Spire - Wearable activity and respiration tracking for a healthy body and mind.",
            "url": "https://www.spire.io/",
            "type": "revisit",
            "time": "2016-03-18T12:04:07.112Z",
            "endTime": "2016-03-18T12:04:27.565Z",
            "favIconUrl": "https://www.spire.io/assets/favicon-23141461b2a4c05e5380656772e49ae8.png"
        },
        {
            "id": 1458301353268,
            "type": "click-node",
            "time": "2016-03-18T12:04:24.920Z"
        },
        {
            "id": 1458302667565,
            "text": "Spire - Wearable activity and respiration tracking for a healthy body and mind.",
            "url": "https://www.spire.io/",
            "type": "revisit",
            "time": "2016-03-18T12:04:27.565Z",
            "endTime": "2016-03-18T12:05:02.127Z",
            "favIconUrl": "https://www.spire.io/assets/favicon-23141461b2a4c05e5380656772e49ae8.png"
        },
        {
            "id": 1458301353268,
            "type": "curate-node",
            "time": "2016-03-18T12:04:34.273Z",
            "trp": {
                "width": 151,
                "height": 200,
                "x": 446,
                "y": 62
            }
        },
        {
            "id": 1458302249152,
            "type": "curate-node",
            "time": "2016-03-18T12:04:41.490Z",
            "trp": {
                "width": 151,
                "height": 136.015625,
                "x": 179,
                "y": 58
            }
        },
        {
            "id": 1458302702625,
            "text": "ITSM is Broken in the App Economy. Let's Fix It! | BrightTALK",
            "url": "https://www.brighttalk.com/summit/3555?utm_source=Vibrant&utm_medium=promo&utm_campaign=LinkedIn",
            "type": "revisit",
            "time": "2016-03-18T12:05:02.625Z",
            "endTime": "2016-03-18T12:05:06.126Z",
            "favIconUrl": "https://www.brighttalk.com/resources/images/favicons/favicon.ico",
            "from": 1458302555666
        },
        {
            "id": 1458302706631,
            "text": "New Wearable Technology Tracks Stress Level « CBS Boston",
            "url": "http://boston.cbslocal.com/2015/11/20/new-wearable-technology-tracks-stress-level/",
            "type": "revisit",
            "time": "2016-03-18T12:05:06.631Z",
            "endTime": "2016-03-18T12:09:39.453Z",
            "favIconUrl": "http://1.gravatar.com/blavatar/fffe0375aae8769905184b1123dea77c?s=16",
            "from": 1458302465341
        },
        {
            "id": 1458302182025,
            "type": "remove-collection-node",
            "time": "2016-03-18T12:05:18.125Z"
        },
        {
            "id": 1458302481088,
            "type": "curate-node",
            "time": "2016-03-18T12:05:23.410Z",
            "trp": {
                "width": 151,
                "height": 136.015625,
                "x": 0,
                "y": 376.015625
            }
        },
        {
            "type": "add-link",
            "time": "2016-03-18T12:05:26.630Z",
            "sourceId": 1458302481088,
            "targetId": 1458302249152
        },
        {
            "id": 1458302249152,
            "type": "move-node",
            "time": "2016-03-18T12:05:28.698Z",
            "trp": {
                "width": 151,
                "height": 136.015625,
                "x": 280,
                "y": 359
            }
        },
        {
            "type": "add-link",
            "time": "2016-03-18T12:05:32.319Z",
            "sourceId": 1458301353268,
            "targetId": 1458302481088
        },
        {
            "id": 1458301353268,
            "type": "move-node",
            "time": "2016-03-18T12:05:34.901Z",
            "trp": {
                "width": 151,
                "height": 200,
                "x": 449,
                "y": 64
            }
        },
        {
            "id": 1458302249152,
            "type": "move-node",
            "time": "2016-03-18T12:05:36.499Z",
            "trp": {
                "width": 151,
                "height": 136.015625,
                "x": 239,
                "y": 121
            }
        },
        {
            "id": 1458302230507,
            "type": "curate-node",
            "time": "2016-03-18T12:05:46.383Z",
            "trp": {
                "width": 151,
                "height": 136.015625,
                "x": 0,
                "y": 532.03125
            }
        },
        {
            "id": 1458302230507,
            "type": "move-node",
            "time": "2016-03-18T12:05:48.330Z",
            "trp": {
                "width": 151,
                "height": 136.015625,
                "x": 276,
                "y": 522.03125
            }
        },
        {
            "id": 1458302230507,
            "type": "move-node",
            "time": "2016-03-18T12:05:50.409Z",
            "trp": {
                "width": 151,
                "height": 136.015625,
                "x": 265,
                "y": 437.03125
            }
        },
        {
            "type": "add-link",
            "time": "2016-03-18T12:05:52.497Z",
            "sourceId": 1458302230507,
            "targetId": 1458302249152
        },
        {
            "id": 1458302230507,
            "type": "move-node",
            "time": "2016-03-18T12:05:54.749Z",
            "trp": {
                "width": 151,
                "height": 136.015625,
                "x": 282,
                "y": 432.03125
            }
        },
        {
            "type": "add-link",
            "time": "2016-03-18T12:05:57.229Z",
            "sourceId": 1458302230507,
            "targetId": 1458302481088
        },
        {
            "id": 1458302230507,
            "type": "move-node",
            "time": "2016-03-18T12:06:01.605Z",
            "trp": {
                "width": 151,
                "height": 136.015625,
                "x": 472,
                "y": 385.03125
            }
        },
        {
            "type": "remove-link",
            "time": "2016-03-18T12:06:19.120Z",
            "sourceId": 1458302230507,
            "targetId": 1458302249152
        },
        {
            "id": 1458302230507,
            "type": "move-node",
            "time": "2016-03-18T12:06:24.404Z",
            "trp": {
                "width": 151,
                "height": 136.015625,
                "x": 465,
                "y": 427.03125
            }
        },
        {
            "id": 1458302230507,
            "type": "move-node",
            "time": "2016-03-18T12:06:25.627Z",
            "trp": {
                "width": 151,
                "height": 136.015625,
                "x": 450,
                "y": 394.03125
            }
        },
        {
            "id": 1458302230507,
            "type": "move-node",
            "time": "2016-03-18T12:06:26.815Z",
            "trp": {
                "width": 151,
                "height": 136.015625,
                "x": 286,
                "y": 577.03125
            }
        },
        {
            "type": "add-link",
            "time": "2016-03-18T12:06:29.662Z",
            "sourceId": 1458302230507,
            "targetId": 1458302249152
        },
        {
            "id": 1458302249152,
            "type": "move-node",
            "time": "2016-03-18T12:06:32.256Z",
            "trp": {
                "width": 151,
                "height": 136.015625,
                "x": 135,
                "y": 106
            }
        },
        {
            "type": "add-link",
            "time": "2016-03-18T12:06:34.568Z",
            "sourceId": 1458302249152,
            "targetId": 1458301353268
        },
        {
            "id": 1458302249152,
            "type": "move-node",
            "time": "2016-03-18T12:06:36.968Z",
            "trp": {
                "width": 151,
                "height": 136.015625,
                "x": 179,
                "y": 58
            }
        },
        {
            "type": "add-link",
            "time": "2016-03-18T12:06:40.507Z",
            "sourceId": 1458302230507,
            "targetId": 1458301353268
        },
        {
            "id": 1458301353268,
            "type": "move-node",
            "time": "2016-03-18T12:06:42.798Z",
            "trp": {
                "width": 151,
                "height": 200,
                "x": 446,
                "y": 62
            }
        },
        {
            "type": "add-link",
            "time": "2016-03-18T12:06:45.022Z",
            "sourceId": 1458301353268,
            "targetId": 1458302230507
        },
        {
            "id": 1458302230507,
            "type": "move-node",
            "time": "2016-03-18T12:07:33.641Z",
            "trp": {
                "width": 151,
                "height": 136.015625,
                "x": 286,
                "y": 577.03125
            }
        },
        {
            "type": "remove-link",
            "time": "2016-03-18T12:07:35.149Z",
            "sourceId": 1458301353268,
            "targetId": 1458302230507
        },
        {
            "type": "remove-link",
            "time": "2016-03-18T12:07:36.580Z",
            "sourceId": 1458302230507,
            "targetId": 1458302249152
        },
        {
            "type": "remove-link",
            "time": "2016-03-18T12:07:38.631Z",
            "sourceId": 1458302230507,
            "targetId": 1458302249152
        },
        {
            "type": "remove-link",
            "time": "2016-03-18T12:07:40.214Z",
            "sourceId": 1458302230507,
            "targetId": 1458302249152
        },
        {
            "type": "remove-link",
            "time": "2016-03-18T12:07:42.602Z",
            "sourceId": 1458301353268,
            "targetId": 1458302230507
        },
        {
            "type": "remove-link",
            "time": "2016-03-18T12:07:43.552Z",
            "sourceId": 1458301353268,
            "targetId": 1458302230507
        },
        {
            "id": 1458302999340,
            "text": "WellBe Bracelet + App To Manage Your Stress - Cool Wearable",
            "url": "http://www.coolwearable.com/wellbe-bracelet/",
            "type": "link",
            "time": "2016-03-18T12:09:59.340Z",
            "endTime": "2016-03-18T12:10:15.451Z",
            "image": "1458302999340.png",
            "from": 1458302465341,
            "seen": true
        },
        {
            "id": 1458303080856,
            "text": "stress level wearables",
            "url": "https://www.google.co.uk/webhp?sourceid=chrome-instant&ion=1&espv=2&ie=UTF-8#q=stress+level+wearables&start=10",
            "type": "search",
            "time": "2016-03-18T12:11:20.856Z",
            "endTime": "2016-03-18T12:12:24.545Z",
            "favIconUrl": "https://www.google.co.uk/images/branding/product/ico/googleg_lodp.ico",
            "image": "1458303080856.png",
            "from": 1458302465341,
            "seen": true
        },
        {
            "id": 1458303106900,
            "text": "Wearable Technologies Helps You Chill | Wearable Technologies",
            "url": "https://www.wearable-technologies.com/2013/12/wearable-technologies-help-you-chill/",
            "type": "link",
            "time": "2016-03-18T12:11:46.900Z",
            "endTime": "2016-03-18T12:12:07.445Z",
            "favIconUrl": "https://www.wearable-technologies.com/favicon.ico",
            "image": "1458303106900.png",
            "from": 1458302465341,
            "seen": true
        },
        {
            "id": 1458303106900,
            "type": "remove-collection-node",
            "time": "2016-03-18T12:12:15.559Z"
        },
        {
            "id": 1458303146670,
            "text": "Not Impossible",
            "url": "http://www.notimpossiblenow.com/lives/future-of-measuring-stress--and-other-things--is-in-wearable-devices",
            "type": "link",
            "time": "2016-03-18T12:12:26.670Z",
            "endTime": "2016-03-18T12:12:45.441Z",
            "favIconUrl": "http://www.notimpossiblenow.com/favicon.ico",
            "image": "1458303146670.png",
            "from": 1458303080856,
            "seen": true
        },
        {
            "id": 1458303146670,
            "type": "save-image",
            "value": "http://a2.files.notimpossiblenow.com/image/upload/c_fit,cs_srgb,dpr_1.0,q_80,w_620/MTI4MTgwNjY5MDg2OTk1NzMw.jpg"
        },
        {
            "id": 1458303177398,
            "text": "Sweat Sensors Will Change How Wearables Track Your Health - IEEE Spectrum",
            "url": "http://spectrum.ieee.org/biomedical/diagnostics/sweat-sensors-will-change-how-wearables-track-your-health",
            "type": "link",
            "time": "2016-03-18T12:12:57.398Z",
            "endTime": "2016-03-18T12:13:08.440Z",
            "favIconUrl": "http://spectrum.ieee.org/favicon.png",
            "image": "1458303177398.png",
            "from": 1458303146670,
            "seen": true
        },
        {
            "id": 1458303177398,
            "type": "save-image",
            "value": "http://spectrum.ieee.org/img/11Sweattech-artf1b-1413905946787.jpg"
        },
        {
            "id": 1458303193860,
            "text": "Sweat Test | CF Foundation",
            "url": "https://www.cff.org/What-is-CF/Testing/Sweat-Test/",
            "type": "link",
            "time": "2016-03-18T12:13:13.860Z",
            "endTime": "2016-03-18T12:13:51.394Z",
            "favIconUrl": "https://www.cff.org/favicon.ico",
            "from": 1458303177398,
            "seen": true
        },
        {
            "id": 1458303177398,
            "type": "curate-node",
            "time": "2016-03-18T12:13:29.935Z",
            "trp": {
                "width": 151,
                "height": 136.015625,
                "x": 0,
                "y": 733.046875
            }
        },
        {
            "id": 1458303177398,
            "type": "move-node",
            "time": "2016-03-18T12:13:34.736Z",
            "trp": {
                "width": 151,
                "height": 136.015625,
                "x": 223,
                "y": 386.046875
            }
        },
        {
            "type": "add-link",
            "time": "2016-03-18T12:13:36.740Z",
            "sourceId": 1458303177398,
            "targetId": 1458302230507
        }
    ]
}