{
    "data": [
        {
            "id": 1458301327036,
            "text": "wearables measuring stress",
            "url": "https://www.google.co.uk/webhp?sourceid=chrome-instant&ion=1&espv=2&ie=UTF-8#q=wearables%20measuring%20stress",
            "type": "search",
            "time": "2016-03-18T11:42:07.036Z",
            "endTime": "2016-03-18T11:45:50.927Z",
            "favIconUrl": "https://www.google.co.uk/images/branding/product/ico/googleg_lodp.ico",
            "image": "1458301327036.png",
            "seen": true
        },
        {
            "id": 1458301333868,
            "text": "www.notimpossiblenow.com/lives/future-of-measuring-stress--and-other-things--is-in-wearable-devices",
            "url": "http://www.notimpossiblenow.com/lives/future-of-measuring-stress--and-other-things--is-in-wearable-devices",
            "type": "link",
            "time": "2016-03-18T11:42:13.868Z",
            "endTime": "2016-03-18T11:45:45.928Z",
            "favIconUrl": "http://www.notimpossiblenow.com/favicon.ico",
            "image": "1458301333868.png",
            "from": 1458301327036,
            "seen": true
        },
        {
            "id": 1458301348419,
            "text": "Olive : A Wearable to Manage Stress | Indiegogo",
            "url": "https://www.indiegogo.com/projects/olive-a-wearable-to-manage-stress#/",
            "type": "link",
            "time": "2016-03-18T11:42:28.419Z",
            "endTime": "2016-03-18T11:46:29.057Z",
            "favIconUrl": "https://g1.iggcdn.com/assets/favicon/favicon-32-4dfcba8dfbe628f9065885bcfd163ad0e7ff6629c72ec0efdd839c081bb5608e.png",
            "image": "1458301348419.png",
            "from": 1458301327036,
            "seen": true
        },
        {
            "id": 1458301357332,
            "text": "wearables measuring stress",
            "url": "https://www.google.co.uk/webhp?sourceid=chrome-instant&ion=1&espv=2&ie=UTF-8#q=wearables+measuring+stress&start=10",
            "type": "search",
            "time": "2016-03-18T11:42:37.332Z",
            "endTime": "2016-03-18T11:45:46.946Z",
            "favIconUrl": "https://www.google.co.uk/images/branding/product/ico/googleg_lodp.ico",
            "image": "1458301357332.png",
            "from": 1458301327036,
            "seen": true
        },
        {
            "id": 1458301333868,
            "type": "click-node",
            "time": "2016-03-18T11:42:59.676Z"
        },
        {
            "id": 1458301450770,
            "text": "A group of scientists from Florida International University in Miami and North Carolina State University are working on a tiny sensor to measure the body’s production of the hormone cortisol, which is the main signal that we’re stressed out.",
            "url": "http://www.notimpossiblenow.com/lives/future-of-measuring-stress--and-other-things--is-in-wearable-devices",
            "type": "highlight",
            "time": "2016-03-18T11:44:10.770Z",
            "classId": "sm-1458301450768",
            "path": "/HTML[1]/BODY[1]/DIV[1]/DIV[1]/DIV[1]/DIV[1]/DIV[1]/SECTION[1]/DIV[2]/SECTION[1]/ARTICLE[1]/DIV[1]/DIV[1]/SECTION[2]/DIV[1]/P[4]/text()[1]|0|/HTML[1]/BODY[1]/DIV[1]/DIV[1]/DIV[1]/DIV[1]/DIV[1]/SECTION[1]/DIV[2]/SECTION[1]/ARTICLE[1]/DIV[1]/DIV[1]/SECTION[2]/DIV[1]/P[4]/text()[1]|241",
            "from": 1458301333868
        },
        {
            "id": 1458301546947,
            "text": "wearables measuring stress",
            "url": "https://www.google.co.uk/webhp?sourceid=chrome-instant&ion=1&espv=2&ie=UTF-8#q=wearables+measuring+stress&start=10",
            "type": "revisit",
            "time": "2016-03-18T11:45:46.947Z",
            "endTime": "2016-03-18T11:45:59.927Z",
            "favIconUrl": "https://www.google.co.uk/images/branding/product/ico/googleg_lodp.ico",
            "from": 1458301327036
        },
        {
            "id": 1458301560948,
            "text": "wearables measuring stress",
            "url": "https://www.google.co.uk/webhp?sourceid=chrome-instant&ion=1&espv=2&ie=UTF-8#q=wearables+measuring+stress&start=20",
            "type": "search",
            "time": "2016-03-18T11:46:00.948Z",
            "endTime": "2016-03-18T11:46:11.927Z",
            "favIconUrl": "https://www.google.co.uk/images/branding/product/ico/googleg_lodp.ico",
            "image": "1458301560948.png",
            "from": 1458301357332,
            "seen": true
        },
        {
            "id": 1458301571154,
            "text": "Chic New Wearable Helps You Relieve Stress",
            "url": "http://www.tomsguide.com/us/caeden-sona-wearable-hands-on,news-21822.html",
            "type": "link",
            "time": "2016-03-18T11:46:11.154Z",
            "endTime": "2016-03-18T11:46:26.926Z",
            "favIconUrl": "http://www.tomsguide.com/medias/favicon/favicon.ico?v=kPPAMMXoY2",
            "image": "1458301571154.png",
            "seen": true
        },
        {
            "id": 1458301579620,
            "text": "Emotional Wearable Tech – Digital Bodies",
            "url": "https://www.digitalbodies.net/wearable-tech/emotional-wearable-tech/",
            "type": "link",
            "time": "2016-03-18T11:46:19.620Z",
            "endTime": "2016-03-18T11:47:36.922Z",
            "favIconUrl": "https://i2.wp.com/www.digitalbodies.net/wp-content/uploads/2016/01/DIgital-Bodies-Wearables.jpg?fit=32%2C32&ssl=1",
            "image": "1458301579620.png",
            "seen": true
        },
        {
            "id": 1458301589787,
            "text": "Chic New Wearable Helps You Relieve Stress",
            "url": "http://www.tomsguide.com/us/caeden-sona-wearable-hands-on,news-21822.html",
            "type": "revisit",
            "time": "2016-03-18T11:46:29.787Z",
            "endTime": "2016-03-18T11:46:41.925Z",
            "favIconUrl": "http://www.tomsguide.com/medias/favicon/favicon.ico?v=kPPAMMXoY2"
        },
        {
            "id": 1458301579620,
            "type": "click-node",
            "time": "2016-03-18T11:46:42.648Z"
        },
        {
            "id": 1458301571154,
            "type": "click-node",
            "time": "2016-03-18T11:47:37.707Z"
        },
        {
            "id": 1458301657796,
            "text": "Chic New Wearable Helps You Relieve Stress",
            "url": "http://www.tomsguide.com/us/caeden-sona-wearable-hands-on,news-21822.html",
            "type": "revisit",
            "time": "2016-03-18T11:47:37.796Z",
            "endTime": "2016-03-18T11:48:46.917Z",
            "favIconUrl": "http://www.tomsguide.com/medias/favicon/favicon.ico?v=kPPAMMXoY2"
        },
        {
            "id": 1458301729064,
            "text": "Shocking! Wearable Device Zaps Your Nerves to Alter Your Mood",
            "url": "http://www.tomsguide.com/us/thync-wearable,news-21774.html",
            "type": "link",
            "time": "2016-03-18T11:48:49.064Z",
            "endTime": "2016-03-18T11:49:33.913Z",
            "favIconUrl": "http://www.tomsguide.com/medias/favicon/favicon.ico?v=kPPAMMXoY2",
            "image": "1458301729064.png",
            "from": 1458301571154,
            "seen": true
        },
        {
            "id": 1458301776230,
            "text": "Hands-on with the Thync Energy Vibe - YouTube",
            "url": "https://www.youtube.com/watch?time_continue=13&v=Yc8ASkyye0w",
            "type": "link",
            "time": "2016-03-18T11:49:36.230Z",
            "endTime": "2016-03-18T11:49:51.988Z",
            "favIconUrl": "https://s.ytimg.com/yts/img/favicon_32-vfl8NGn4k.png",
            "image": "1458301776230.png",
            "seen": true
        },
        {
            "id": 1458301784459,
            "text": "Shocking! Wearable Device Zaps Your Nerves to Alter Your Mood",
            "url": "http://www.tomsguide.com/us/thync-wearable,news-21774.html",
            "type": "revisit",
            "time": "2016-03-18T11:49:44.459Z",
            "endTime": "2016-03-18T11:49:49.913Z",
            "favIconUrl": "http://www.tomsguide.com/medias/favicon/favicon.ico?v=kPPAMMXoY2",
            "from": 1458301571154
        },
        {
            "id": 1458301785157,
            "text": "Hands-on with the Thync Energy Vibe - YouTube",
            "url": "https://www.youtube.com/watch?v=Yc8ASkyye0w",
            "type": "link",
            "time": "2016-03-18T11:49:45.157Z",
            "endTime": 1458301785158,
            "favIconUrl": "https://s.ytimg.com/yts/img/favicon_32-vfl8NGn4k.png",
            "image": "1458301785157.png",
            "seen": true
        },
        {
            "id": 1458301776230,
            "type": "click-node",
            "time": "2016-03-18T11:49:52.491Z"
        },
        {
            "id": 1458301794558,
            "text": "Emotional Wearable Tech – Digital Bodies",
            "url": "https://www.digitalbodies.net/wearable-tech/emotional-wearable-tech/",
            "type": "revisit",
            "time": "2016-03-18T11:49:54.558Z",
            "endTime": "2016-03-18T11:50:01.912Z",
            "favIconUrl": "https://i2.wp.com/www.digitalbodies.net/wp-content/uploads/2016/01/DIgital-Bodies-Wearables.jpg?fit=32%2C32&ssl=1"
        },
        {
            "id": 1458301802868,
            "text": "Hands-on with the Thync Energy Vibe - YouTube",
            "url": "https://www.youtube.com/watch?v=Yc8ASkyye0w",
            "type": "revisit",
            "time": "2016-03-18T11:50:02.868Z",
            "endTime": "2016-03-18T11:50:09.911Z",
            "favIconUrl": "https://s.ytimg.com/yts/img/favicon_32-vfl8NGn4k.png"
        },
        {
            "id": 1458301785157,
            "type": "remove-collection-node",
            "time": "2016-03-18T11:50:08.135Z"
        },
        {
            "id": 1458301776230,
            "type": "remove-collection-node",
            "time": "2016-03-18T11:50:09.554Z"
        },
        {
            "id": 1458301810879,
            "text": "Shocking! Wearable Device Zaps Your Nerves to Alter Your Mood",
            "url": "http://www.tomsguide.com/us/thync-wearable,news-21774.html",
            "type": "revisit",
            "time": "2016-03-18T11:50:10.879Z",
            "endTime": "2016-03-18T11:50:10.998Z",
            "favIconUrl": "http://www.tomsguide.com/medias/favicon/favicon.ico?v=kPPAMMXoY2",
            "from": 1458301571154
        },
        {
            "id": 1458301811478,
            "text": "Hands-on with the Thync Energy Vibe - YouTube",
            "url": "https://www.youtube.com/watch?v=Yc8ASkyye0w",
            "type": "revisit",
            "time": "2016-03-18T11:50:11.478Z",
            "endTime": "2016-03-18T11:51:39.904Z",
            "favIconUrl": "https://s.ytimg.com/yts/img/favicon_32-vfl8NGn4k.png"
        },
        {
            "id": 1458301816304,
            "text": "Emotional Wearable Tech – Digital Bodies",
            "url": "https://www.digitalbodies.net/wearable-tech/emotional-wearable-tech/",
            "type": "revisit",
            "time": "2016-03-18T11:50:16.304Z",
            "endTime": "2016-03-18T11:50:16.912Z",
            "favIconUrl": "https://i2.wp.com/www.digitalbodies.net/wp-content/uploads/2016/01/DIgital-Bodies-Wearables.jpg?fit=32%2C32&ssl=1"
        },
        {
            "id": 1458301817250,
            "text": "Shocking! Wearable Device Zaps Your Nerves to Alter Your Mood",
            "url": "http://www.tomsguide.com/us/thync-wearable,news-21774.html",
            "type": "revisit",
            "time": "2016-03-18T11:50:17.250Z",
            "endTime": "2016-03-18T11:50:17.909Z",
            "favIconUrl": "http://www.tomsguide.com/medias/favicon/favicon.ico?v=kPPAMMXoY2",
            "from": 1458301571154
        },
        {
            "id": 1458301835631,
            "text": "Shocking! Wearable Device Zaps Your Nerves to Alter Your Mood",
            "url": "http://www.tomsguide.com/us/thync-wearable,news-21774.html",
            "type": "revisit",
            "time": "2016-03-18T11:50:35.631Z",
            "endTime": "2016-03-18T11:50:45.908Z",
            "favIconUrl": "http://www.tomsguide.com/medias/favicon/favicon.ico?v=kPPAMMXoY2",
            "from": 1458301571154
        },
        {
            "id": 1458301861939,
            "text": "Hands-on with the Thync Energy Vibe - YouTube",
            "url": "https://www.youtube.com/watch?time_continue=1&v=Yc8ASkyye0w",
            "type": "link",
            "time": "2016-03-18T11:51:01.939Z",
            "endTime": 1458301861940,
            "seen": true
        },
        {
            "id": 1458301861939,
            "type": "click-node",
            "time": "2016-03-18T11:51:11.191Z"
        },
        {
            "id": 1458301900031,
            "text": "Emotional Wearable Tech – Digital Bodies",
            "url": "https://www.digitalbodies.net/wearable-tech/emotional-wearable-tech/",
            "type": "revisit",
            "time": "2016-03-18T11:51:40.031Z",
            "endTime": "2016-03-18T11:51:42.905Z",
            "favIconUrl": "https://i2.wp.com/www.digitalbodies.net/wp-content/uploads/2016/01/DIgital-Bodies-Wearables.jpg?fit=32%2C32&ssl=1"
        },
        {
            "id": 1458301903463,
            "text": "Hands-on with the Thync Energy Vibe - YouTube",
            "url": "https://www.youtube.com/watch?v=Yc8ASkyye0w",
            "type": "revisit",
            "time": "2016-03-18T11:51:43.463Z",
            "endTime": "2016-03-18T11:51:43.904Z",
            "favIconUrl": "https://s.ytimg.com/yts/img/favicon_32-vfl8NGn4k.png",
            "from": 1458301579620
        },
        {
            "id": 1458301904020,
            "text": "Emotional Wearable Tech – Digital Bodies",
            "url": "https://www.digitalbodies.net/wearable-tech/emotional-wearable-tech/",
            "type": "revisit",
            "time": "2016-03-18T11:51:44.020Z",
            "endTime": "2016-03-18T11:51:44.904Z",
            "favIconUrl": "https://i2.wp.com/www.digitalbodies.net/wp-content/uploads/2016/01/DIgital-Bodies-Wearables.jpg?fit=32%2C32&ssl=1"
        },
        {
            "id": 1458301905105,
            "text": "Hands-on with the Thync Energy Vibe - YouTube",
            "url": "https://www.youtube.com/watch?v=Yc8ASkyye0w",
            "type": "revisit",
            "time": "2016-03-18T11:51:45.105Z",
            "endTime": 1458301905106,
            "favIconUrl": "https://s.ytimg.com/yts/img/favicon_32-vfl8NGn4k.png"
        },
        {
            "id": 1458301905858,
            "text": "Shocking! Wearable Device Zaps Your Nerves to Alter Your Mood",
            "url": "http://www.tomsguide.com/us/thync-wearable,news-21774.html",
            "type": "revisit",
            "time": "2016-03-18T11:51:45.858Z",
            "endTime": "2016-03-18T11:51:46.904Z",
            "favIconUrl": "http://www.tomsguide.com/medias/favicon/favicon.ico?v=kPPAMMXoY2",
            "from": 1458301571154
        },
        {
            "id": 1458301907180,
            "text": "Chic New Wearable Helps You Relieve Stress",
            "url": "http://www.tomsguide.com/us/caeden-sona-wearable-hands-on,news-21822.html",
            "type": "revisit",
            "time": "2016-03-18T11:51:47.180Z",
            "endTime": "2016-03-18T11:51:47.904Z",
            "favIconUrl": "http://www.tomsguide.com/medias/favicon/favicon.ico?v=kPPAMMXoY2"
        },
        {
            "id": 1458301908096,
            "text": "Olive : A Wearable to Manage Stress | Indiegogo",
            "url": "https://www.indiegogo.com/projects/olive-a-wearable-to-manage-stress#/",
            "type": "revisit",
            "time": "2016-03-18T11:51:48.096Z",
            "endTime": "2016-03-18T11:52:43.901Z",
            "favIconUrl": "https://g1.iggcdn.com/assets/favicon/favicon-32-4dfcba8dfbe628f9065885bcfd163ad0e7ff6629c72ec0efdd839c081bb5608e.png",
            "from": 1458301327036
        },
        {
            "id": 1458301348419,
            "type": "click-node",
            "time": "2016-03-18T11:52:16.185Z"
        },
        {
            "id": 1458301348419,
            "type": "favorite-node",
            "time": "2016-03-18T11:52:25.885Z"
        },
        {
            "id": 1458301348419,
            "type": "minimize-node",
            "time": "2016-03-18T11:52:34.499Z"
        },
        {
            "id": 1458301348419,
            "type": "restore-node",
            "time": "2016-03-18T11:52:36.302Z"
        },
        {
            "id": 1458301964943,
            "text": "www.notimpossiblenow.com/lives/future-of-measuring-stress--and-other-things--is-in-wearable-devices",
            "url": "http://www.notimpossiblenow.com/lives/future-of-measuring-stress--and-other-things--is-in-wearable-devices",
            "type": "revisit",
            "time": "2016-03-18T11:52:44.943Z",
            "endTime": "2016-03-18T11:52:55.899Z",
            "favIconUrl": "http://www.notimpossiblenow.com/favicon.ico",
            "from": 1458301333868
        },
        {
            "id": 1458301977069,
            "text": "measure stress device",
            "url": "https://www.google.co.uk/webhp?sourceid=chrome-instant&ion=1&espv=2&ie=UTF-8#q=measure%20stress%20device",
            "type": "search",
            "time": "2016-03-18T11:52:57.069Z",
            "endTime": "2016-03-18T11:56:30.885Z",
            "favIconUrl": "https://www.google.co.uk/images/branding/product/ico/googleg_lodp.ico",
            "image": "1458301977069.png",
            "seen": true
        },
        {
            "id": 1458301988929,
            "text": "Mood to measure: how new devices can log your mood, stress levels and attention span | London Life | Lifestyle | London Evening Standard",
            "url": "http://www.standard.co.uk/lifestyle/london-life/mood-to-measure-how-new-devices-can-log-your-mood-stress-levels-and-attention-span-9979928.html",
            "type": "link",
            "time": "2016-03-18T11:53:08.929Z",
            "endTime": "2016-03-18T11:55:20.891Z",
            "favIconUrl": "http://www.standard.co.uk/sites/all/themes/ines_themes/standard_theme/favicon.ico",
            "image": "1458301988929.png",
            "from": 1458301977069,
            "seen": true
        },
        {
            "id": 1458302121346,
            "text": "wearables measuring stress",
            "url": "https://www.google.co.uk/webhp?sourceid=chrome-instant&ion=1&espv=2&ie=UTF-8#q=wearables+measuring+stress&start=20",
            "type": "revisit",
            "time": "2016-03-18T11:55:21.346Z",
            "endTime": "2016-03-18T11:55:47.888Z",
            "favIconUrl": "https://www.google.co.uk/images/branding/product/ico/googleg_lodp.ico",
            "from": 1458301357332
        },
        {
            "id": 1458302133474,
            "text": "LG develops ultra thin optical bio sensor for wearables capable of measuring heart rate, stress and oxygen saturation levels",
            "url": "http://www.androidbeat.com/2016/02/lg-develops-ultra-thin-optical-bio-sensor-for-wearables-capable-of-measuring-heart-rate-stress-and-oxygen-saturation-levels/",
            "type": "link",
            "time": "2016-03-18T11:55:33.474Z",
            "endTime": "2016-03-18T11:55:38.896Z",
            "favIconUrl": "http://cdn.androidbeat.com/wp-content/themes/androidbeat-new/favicon.ico",
            "image": "1458302133474.png",
            "from": 1458301988929,
            "seen": true
        },
        {
            "id": 1458302153162,
            "text": "New Trackers Claim to Measure Your Stress, But Do They Work?",
            "url": "http://www.livescience.com/49452-trackers-measure-stress-heart-rate-variability.html",
            "type": "link",
            "time": "2016-03-18T11:55:53.162Z",
            "endTime": "2016-03-18T11:55:59.887Z",
            "favIconUrl": "http://i.livescience.com/images/site/favicon.ico",
            "image": "1458302153162.png",
            "from": 1458301560948,
            "seen": true
        },
        {
            "id": 1458301977069,
            "type": "click-node",
            "time": "2016-03-18T11:55:59.992Z"
        },
        {
            "id": 1458302174666,
            "text": "Not All Stress Monitors Are Created Equal [Review] | Popular Science",
            "url": "http://www.popsci.com/not-all-stress-monitors-are-created-equal-review",
            "type": "link",
            "time": "2016-03-18T11:56:14.666Z",
            "endTime": "2016-03-18T11:56:18.885Z",
            "favIconUrl": "http://www.popsci.com/sites/popsci.com/files/favicon.ico",
            "image": "1458302174666.png",
            "from": 1458301977069,
            "seen": true
        },
        {
            "id": 1458301988929,
            "type": "click-node",
            "time": "2016-03-18T11:56:19.512Z"
        },
        {
            "id": 1458302179631,
            "text": "Mood to measure: how new devices can log your mood, stress levels and attention span | London Life | Lifestyle | London Evening Standard",
            "url": "http://www.standard.co.uk/lifestyle/london-life/mood-to-measure-how-new-devices-can-log-your-mood-stress-levels-and-attention-span-9979928.html",
            "type": "revisit",
            "time": "2016-03-18T11:56:19.631Z",
            "endTime": "2016-03-18T11:56:23.885Z",
            "favIconUrl": "http://www.standard.co.uk/sites/all/themes/ines_themes/standard_theme/favicon.ico",
            "from": 1458301977069
        },
        {
            "id": 1458302191793,
            "text": "measure stress device",
            "url": "https://www.google.co.uk/webhp?sourceid=chrome-instant&ion=1&espv=2&ie=UTF-8#q=measure+stress+device&start=10",
            "type": "search",
            "time": "2016-03-18T11:56:31.793Z",
            "endTime": "2016-03-18T12:05:36.778Z",
            "favIconUrl": "https://www.google.co.uk/images/branding/product/ico/googleg_lodp.ico",
            "image": "1458302191793.png",
            "from": 1458301977069,
            "seen": true
        },
        {
            "id": 1458302201457,
            "text": "Taking the (Often Imprecise) Measure of Stress - The New York Times",
            "url": "http://well.blogs.nytimes.com/2015/11/16/taking-the-often-imprecise-measure-of-stress/?_r=0",
            "type": "link",
            "time": "2016-03-18T11:56:41.457Z",
            "endTime": "2016-03-18T11:57:08.885Z",
            "favIconUrl": "http://well.blogs.nytimes.com/favicon.ico",
            "image": "1458302201457.png",
            "from": 1458302191793,
            "seen": true
        },
        {
            "id": 1458301988929,
            "type": "click-node",
            "time": "2016-03-18T11:57:09.395Z"
        },
        {
            "id": 1458302133474,
            "type": "click-node",
            "time": "2016-03-18T11:57:12.810Z"
        },
        {
            "id": 1458301988929,
            "type": "click-node",
            "time": "2016-03-18T11:57:15.893Z"
        },
        {
            "id": 1458302235968,
            "text": "Mood to measure: how new devices can log your mood, stress levels and attention span | London Life | Lifestyle | London Evening Standard",
            "url": "http://www.standard.co.uk/lifestyle/london-life/mood-to-measure-how-new-devices-can-log-your-mood-stress-levels-and-attention-span-9979928.html",
            "type": "revisit",
            "time": "2016-03-18T11:57:15.968Z",
            "endTime": "2016-03-18T11:57:17.883Z",
            "favIconUrl": "http://www.standard.co.uk/sites/all/themes/ines_themes/standard_theme/favicon.ico"
        },
        {
            "id": 1458302133474,
            "type": "click-node",
            "time": "2016-03-18T11:57:18.292Z"
        },
        {
            "id": 1458302238374,
            "text": "LG develops ultra thin optical bio sensor for wearables capable of measuring heart rate, stress and oxygen saturation levels",
            "url": "http://www.androidbeat.com/2016/02/lg-develops-ultra-thin-optical-bio-sensor-for-wearables-capable-of-measuring-heart-rate-stress-and-oxygen-saturation-levels/",
            "type": "revisit",
            "time": "2016-03-18T11:57:18.374Z",
            "endTime": "2016-03-18T11:57:19.883Z",
            "favIconUrl": "http://cdn.androidbeat.com/wp-content/themes/androidbeat-new/favicon.ico"
        },
        {
            "id": 1458302240411,
            "text": "Mood to measure: how new devices can log your mood, stress levels and attention span | London Life | Lifestyle | London Evening Standard",
            "url": "http://www.standard.co.uk/lifestyle/london-life/mood-to-measure-how-new-devices-can-log-your-mood-stress-levels-and-attention-span-9979928.html",
            "type": "revisit",
            "time": "2016-03-18T11:57:20.411Z",
            "endTime": "2016-03-18T11:57:21.889Z",
            "favIconUrl": "http://www.standard.co.uk/sites/all/themes/ines_themes/standard_theme/favicon.ico"
        },
        {
            "id": 1458302242686,
            "text": "LG develops ultra thin optical bio sensor for wearables capable of measuring heart rate, stress and oxygen saturation levels",
            "url": "http://www.androidbeat.com/2016/02/lg-develops-ultra-thin-optical-bio-sensor-for-wearables-capable-of-measuring-heart-rate-stress-and-oxygen-saturation-levels/",
            "type": "revisit",
            "time": "2016-03-18T11:57:22.686Z",
            "endTime": "2016-03-18T11:57:39.880Z",
            "favIconUrl": "http://cdn.androidbeat.com/wp-content/themes/androidbeat-new/favicon.ico"
        },
        {
            "id": 1458302260816,
            "text": "Mood to measure: how new devices can log your mood, stress levels and attention span | London Life | Lifestyle | London Evening Standard",
            "url": "http://www.standard.co.uk/lifestyle/london-life/mood-to-measure-how-new-devices-can-log-your-mood-stress-levels-and-attention-span-9979928.html",
            "type": "revisit",
            "time": "2016-03-18T11:57:40.816Z",
            "endTime": "2016-03-18T11:57:41.880Z",
            "favIconUrl": "http://www.standard.co.uk/sites/all/themes/ines_themes/standard_theme/favicon.ico"
        },
        {
            "id": 1458302262434,
            "text": "Not All Stress Monitors Are Created Equal [Review] | Popular Science",
            "url": "http://www.popsci.com/not-all-stress-monitors-are-created-equal-review",
            "type": "revisit",
            "time": "2016-03-18T11:57:42.434Z",
            "endTime": "2016-03-18T11:57:51.879Z",
            "favIconUrl": "http://www.popsci.com/sites/popsci.com/files/favicon.ico",
            "from": 1458301977069
        },
        {
            "id": 1458302272458,
            "text": "Taking the (Often Imprecise) Measure of Stress - The New York Times",
            "url": "http://well.blogs.nytimes.com/2015/11/16/taking-the-often-imprecise-measure-of-stress/?_r=0",
            "type": "revisit",
            "time": "2016-03-18T11:57:52.458Z",
            "endTime": "2016-03-18T11:58:08.879Z",
            "favIconUrl": "http://well.blogs.nytimes.com/favicon.ico",
            "from": 1458302191793
        },
        {
            "id": 1458302289491,
            "text": "New Trackers Claim to Measure Your Stress, But Do They Work?",
            "url": "http://www.livescience.com/49452-trackers-measure-stress-heart-rate-variability.html",
            "type": "revisit",
            "time": "2016-03-18T11:58:09.491Z",
            "endTime": "2016-03-18T11:59:33.872Z",
            "favIconUrl": "http://i.livescience.com/images/site/favicon.ico",
            "from": 1458301560948
        },
        {
            "id": 1458302318300,
            "text": "Pinterest: discover and save creative ideas",
            "url": "https://uk.pinterest.com/pin/create/extension/?url=http%3A%2F%2Fwww.livescience.com%2F49452-trackers-measure-stress-heart-rate-variability.html&media=http%3A%2F%2Fi.livescience.com%2Fimages%2Fi%2F000%2F034%2F367%2Fi02%2FTiaGhose.jpg%3F1355333400&h=250&w=250&xv=cr1.39.1&xm=g&xuid=TtWy7dPCdhx0&description=Tia%20Ghose%2C%20LiveScience%20Staff%20Writer",
            "type": "link",
            "time": "2016-03-18T11:58:38.300Z",
            "endTime": "2016-03-18T11:59:28.873Z",
            "favIconUrl": "https://s-passets-cache-ak0.pinimg.com/webapp/style/app/common/images/favicon-57a225b2.png",
            "image": "1458302318300.png",
            "from": 1458302153162,
            "seen": true
        },
        {
            "type": "collection-zoom-out",
            "time": "2016-03-18T11:58:46.145Z"
        },
        {
            "type": "collection-zoom-out",
            "time": "2016-03-18T11:58:46.272Z"
        },
        {
            "type": "collection-zoom-in",
            "time": "2016-03-18T11:58:56.368Z"
        },
        {
            "type": "collection-zoom-in",
            "time": "2016-03-18T11:58:57.047Z"
        },
        {
            "type": "collection-zoom-out",
            "time": "2016-03-18T11:58:58.877Z"
        },
        {
            "type": "collection-zoom-out",
            "time": "2016-03-18T11:59:00.240Z"
        },
        {
            "type": "collection-zoom-in",
            "time": "2016-03-18T11:59:20.911Z"
        },
        {
            "type": "collection-zoom-in",
            "time": "2016-03-18T11:59:21.602Z"
        },
        {
            "id": 1458302376952,
            "text": "Quantified Self Movement: How Data-Obsessed Self-Trackers Push Toward Healthier Lives",
            "url": "http://www.livescience.com/44618-quantified-self-culture.html",
            "type": "link",
            "time": "2016-03-18T11:59:36.952Z",
            "endTime": "2016-03-18T11:59:41.872Z",
            "favIconUrl": "http://i.livescience.com/images/site/favicon.ico",
            "image": "1458302376952.png",
            "from": 1458302153162,
            "seen": true
        },
        {
            "id": 1458302382767,
            "text": "Taking the (Often Imprecise) Measure of Stress - The New York Times",
            "url": "http://well.blogs.nytimes.com/2015/11/16/taking-the-often-imprecise-measure-of-stress/?_r=0",
            "type": "revisit",
            "time": "2016-03-18T11:59:42.767Z",
            "endTime": "2016-03-18T12:00:09.870Z",
            "favIconUrl": "http://well.blogs.nytimes.com/favicon.ico",
            "from": 1458302191793
        },
        {
            "id": 1458302440743,
            "text": "wearables and stress measurment",
            "url": "https://www.google.co.uk/webhp?sourceid=chrome-instant&ion=1&espv=2&ie=UTF-8#q=wearables%20and%20stress%20measurment",
            "type": "search",
            "time": "2016-03-18T12:00:40.743Z",
            "endTime": "2016-03-18T12:00:47.867Z",
            "favIconUrl": "https://www.google.co.uk/images/branding/product/ico/googleg_lodp.ico",
            "image": "1458302440743.png",
            "seen": true
        },
        {
            "id": 1458302441816,
            "text": "wearables and stress measurement",
            "url": "https://www.google.co.uk/webhp?sourceid=chrome-instant&ion=1&espv=2&ie=UTF-8#q=wearables+and+stress+measurement",
            "type": "search",
            "time": "2016-03-18T12:00:41.816Z",
            "endTime": "2016-03-18T12:00:43.869Z",
            "favIconUrl": "https://www.google.co.uk/images/branding/product/ico/googleg_lodp.ico",
            "image": "1458302441816.png",
            "seen": true
        },
        {
            "id": 1458302440743,
            "type": "click-node",
            "time": "2016-03-18T12:00:44.754Z"
        },
        {
            "id": 1458302440743,
            "type": "remove-collection-node",
            "time": "2016-03-18T12:00:47.342Z"
        },
        {
            "id": 1458302441816,
            "type": "click-node",
            "time": "2016-03-18T12:00:48.429Z"
        },
        {
            "id": 1458302448560,
            "text": "wearables and stress measurement",
            "url": "https://www.google.co.uk/webhp?sourceid=chrome-instant&ion=1&espv=2&ie=UTF-8#q=wearables+and+stress+measurement",
            "type": "revisit",
            "time": "2016-03-18T12:00:48.560Z",
            "endTime": "2016-03-18T12:00:51.867Z",
            "favIconUrl": "https://www.google.co.uk/images/branding/product/ico/googleg_lodp.ico"
        },
        {
            "id": 1458302453672,
            "text": "Can Wearable Tech Measure Our Stress And Calm Us Down? | Co.Exist | ideas + impact",
            "url": "http://www.fastcoexist.com/3046996/can-wearable-tech-measure-our-stress-and-calm-us-down-no-ones-cracked-the-code-yet",
            "type": "link",
            "time": "2016-03-18T12:00:53.672Z",
            "endTime": "2016-03-18T12:02:02.864Z",
            "favIconUrl": "http://www.fastcoexist.com/favicon.ico",
            "image": "1458302453672.png",
            "seen": true
        },
        {
            "id": 1458302453672,
            "type": "save-image",
            "value": "http://a.fastcompany.net/multisite_files/fastcompany/imagecache/inline-large/inline/2015/06/3046996-inline-i-2-this-wearable-tries-to-track-whats-stressing-you-out-and-then-te-copy.jpg"
        },
        {
            "id": 1458302453672,
            "type": "save-image",
            "value": "http://d.fastcompany.net/multisite_files/fastcompany/imagecache/inline-large/inline/2015/06/3046996-inline-i-3-this-wearable-tries-to-track-whats-stressing-you-out-and-then-te-copy.jpg"
        },
        {
            "id": 1458302453672,
            "type": "save-image",
            "value": "http://a.fastcompany.net/multisite_files/fastcompany/imagecache/inline-large/inline/2015/06/3046996-inline-i-2-this-wearable-tries-to-track-whats-stressing-you-out-and-then-te-copy.jpg"
        },
        {
            "id": 1458302453672,
            "type": "save-image",
            "value": "http://b.fastcompany.net/multisite_files/fastcompany/imagecache/inline-large/inline/2015/06/3046996-inline-i-1-this-wearable-tries-to-track-whats-stressing-you-out-and-then-te-copy.jpg"
        },
        {
            "id": 1458302523413,
            "text": "wearables and stress measurment",
            "url": "https://www.google.co.uk/webhp?sourceid=chrome-instant&ion=1&espv=2&ie=UTF-8#q=wearables%20and%20stress%20measurment",
            "type": "revisit",
            "time": "2016-03-18T12:02:03.413Z",
            "endTime": "2016-03-18T12:02:05.864Z",
            "favIconUrl": "https://www.google.co.uk/images/branding/product/ico/googleg_lodp.ico"
        },
        {
            "id": 1458302526010,
            "text": "wearables and stress measurement",
            "url": "https://www.google.co.uk/webhp?sourceid=chrome-instant&ion=1&espv=2&ie=UTF-8#q=wearables+and+stress+measurement&start=10",
            "type": "search",
            "time": "2016-03-18T12:02:06.010Z",
            "endTime": "2016-03-18T12:02:11.862Z",
            "favIconUrl": "https://www.google.co.uk/images/branding/product/ico/googleg_lodp.ico",
            "image": "1458302526010.png",
            "from": 1458302440743,
            "seen": true
        },
        {
            "id": 1458302532286,
            "text": "wearables and stress measurement",
            "url": "https://www.google.co.uk/webhp?sourceid=chrome-instant&ion=1&espv=2&ie=UTF-8#q=wearables+and+stress+measurement&start=20",
            "type": "search",
            "time": "2016-03-18T12:02:12.286Z",
            "endTime": "2016-03-18T12:02:14.863Z",
            "favIconUrl": "https://www.google.co.uk/images/branding/product/ico/googleg_lodp.ico",
            "image": "1458302532286.png",
            "from": 1458302440743,
            "seen": true
        },
        {
            "id": 1458302535477,
            "text": "wearables and stress measurement",
            "url": "https://www.google.co.uk/webhp?sourceid=chrome-instant&ion=1&espv=2&ie=UTF-8#q=wearables+and+stress+measurement&start=30",
            "type": "search",
            "time": "2016-03-18T12:02:15.477Z",
            "endTime": "2016-03-18T12:03:08.858Z",
            "favIconUrl": "https://www.google.co.uk/images/branding/product/ico/googleg_lodp.ico",
            "image": "1458302535477.png",
            "from": 1458302440743,
            "seen": true
        },
        {
            "id": 1458302549383,
            "text": "The Struggle for Accurate Measurements on Your Wrist",
            "url": "https://www.technologyreview.com/s/538416/the-struggle-for-accurate-measurements-on-your-wrist/",
            "type": "link",
            "time": "2016-03-18T12:02:29.383Z",
            "endTime": "2016-03-18T12:02:54.722Z",
            "favIconUrl": "https://www.technologyreview.com/favicon.ico",
            "image": "1458302549383.png",
            "from": 1458302440743,
            "seen": true
        },
        {
            "id": 1458302553614,
            "text": "The Struggle for Accurate Measurements on Your Wrist",
            "url": "https://www.technologyreview.com/s/601052/oculus-founder-palmer-luckey-on-what-it-will-take-to-make-virtual-reality-really-big/",
            "type": "link",
            "time": "2016-03-18T12:02:33.614Z",
            "endTime": "2016-03-18T12:06:50.843Z",
            "favIconUrl": "https://www.technologyreview.com/favicon.ico",
            "image": "1458302553614.png",
            "from": 1458302440743,
            "seen": true
        },
        {
            "id": 1458302554336,
            "text": "Oculus Founder Palmer Luckey on What It Will Take to Make Virtual Reality Really Big",
            "url": "https://www.technologyreview.com/s/601056/the-apple-watch-may-be-about-to-get-a-medical-grade-add-on/",
            "type": "link",
            "time": "2016-03-18T12:02:34.336Z",
            "endTime": "2016-03-18T12:03:43.857Z",
            "favIconUrl": "https://www.technologyreview.com/favicon.ico",
            "image": "1458302554336.png",
            "from": 1458302440743,
            "seen": true
        },
        {
            "id": 1458302554744,
            "text": "The Apple Watch May Be About to Get a Medical-Grade Add-On",
            "url": "https://www.technologyreview.com/s/601051/machine-learning-algorithm-identifies-tweets-sent-under-the-influence-of-alcohol/",
            "type": "link",
            "time": "2016-03-18T12:02:34.744Z",
            "endTime": "2016-03-18T12:02:47.533Z",
            "favIconUrl": "https://www.technologyreview.com/favicon.ico",
            "image": "1458302554744.png",
            "from": 1458302440743,
            "seen": true
        },
        {
            "id": 1458302558973,
            "text": "Machine-Learning Algorithm Identifies Tweets Sent Under the Influence of Alcohol",
            "url": "https://www.technologyreview.com/s/601028/fun-and-some-nausea-with-the-first-games-for-the-oculus-rift-headset/",
            "type": "link",
            "time": "2016-03-18T12:02:38.973Z",
            "endTime": 1458302558974,
            "favIconUrl": "https://www.technologyreview.com/favicon.ico",
            "from": 1458302440743,
            "seen": true
        },
        {
            "id": 1458302559845,
            "text": "Fun (and Some Nausea) with the First Games for the Oculus Rift Headset",
            "url": "https://www.technologyreview.com/s/601029/health-tracking-startup-fails-to-deliver-on-its-ambitions/",
            "type": "link",
            "time": "2016-03-18T12:02:39.845Z",
            "endTime": "2016-03-18T12:02:45.860Z",
            "favIconUrl": "https://www.technologyreview.com/favicon.ico",
            "image": "1458302559845.png",
            "from": 1458302440743,
            "seen": true
        },
        {
            "id": 1458302594252,
            "text": "quartz",
            "url": "https://www.google.co.uk/webhp?sourceid=chrome-instant&ion=1&espv=2&ie=UTF-8#q=quartz",
            "type": "search",
            "time": "2016-03-18T12:03:14.252Z",
            "endTime": "2016-03-18T12:03:14.858Z",
            "favIconUrl": "https://www.google.co.uk/images/branding/product/ico/googleg_lodp.ico",
            "image": "1458302594252.png",
            "seen": true
        },
        {
            "id": 1458302554336,
            "type": "click-node",
            "time": "2016-03-18T12:03:24.747Z"
        },
        {
            "type": "collection-zoom-out",
            "time": "2016-03-18T12:03:40.669Z"
        },
        {
            "id": 1458302620684,
            "text": "Quartz",
            "url": "http://qz.com/",
            "type": "link",
            "time": "2016-03-18T12:03:40.684Z",
            "endTime": "2016-03-18T12:03:47.865Z",
            "favIconUrl": "http://app.qz.com/img/icons/favicon.ico",
            "image": "1458302620684.png",
            "from": 1458302594252,
            "seen": true
        },
        {
            "type": "collection-zoom-out",
            "time": "2016-03-18T12:03:41.437Z"
        },
        {
            "id": 1458302620684,
            "type": "click-node",
            "time": "2016-03-18T12:03:43.873Z"
        },
        {
            "id": 1458302628536,
            "text": "Quartz",
            "url": "http://qz.com/641845/a-new-study-says-that-if-european-governments-want-more-babies-theyre-really-missing-the-point/",
            "type": "link",
            "time": "2016-03-18T12:03:48.536Z",
            "endTime": "2016-03-18T12:04:53.851Z",
            "favIconUrl": "http://app.qz.com/img/icons/favicon.ico",
            "image": "1458302628536.png",
            "from": 1458302620684,
            "seen": true
        },
        {
            "id": 1458302633545,
            "text": "Why large parts of the internet have suddenly vanished for millions of users - Quartz",
            "url": "http://qz.com/640733/why-large-parts-of-the-internet-have-suddenly-vanished-for-millions-of-users/",
            "type": "link",
            "time": "2016-03-18T12:03:53.545Z",
            "endTime": "2016-03-18T12:04:17.854Z",
            "favIconUrl": "http://app.qz.com/img/icons/favicon.ico",
            "image": "1458302633545.png",
            "from": 1458302620684,
            "seen": true
        },
        {
            "id": 1458302634548,
            "text": "Why large parts of the internet have suddenly vanished for millions of users - Quartz",
            "url": "http://qz.com/638660/an-indie-digital-music-startup-tried-to-fight-the-streaming-behemoths-guess-who-won/",
            "type": "link",
            "time": "2016-03-18T12:03:54.548Z",
            "endTime": "2016-03-18T12:04:20.854Z",
            "favIconUrl": "http://app.qz.com/img/icons/favicon.ico",
            "image": "1458302634548.png",
            "from": 1458302620684,
            "seen": true
        },
        {
            "id": 1458302660913,
            "text": "An indie digital music startup tried to fight the streaming behemoths. Guess who won? - Quartz",
            "url": "http://qz.com/642400/north-korea-fired-a-ballistic-missile-east-towards-japan/",
            "type": "link",
            "time": "2016-03-18T12:04:20.913Z",
            "endTime": 1458302660914,
            "favIconUrl": "http://app.qz.com/img/icons/favicon.ico",
            "from": 1458302620684,
            "seen": true
        },
        {
            "id": 1458302661774,
            "text": "Mark Zuckerberg went jogging in smoggy Beijing—and everyone has something to say about it - Quartz",
            "url": "http://qz.com/642545/mark-zuckerberg-went-jogging-in-smoggy-beijing-and-everyone-has-something-to-say-about-it/",
            "type": "link",
            "time": "2016-03-18T12:04:21.774Z",
            "endTime": "2016-03-18T12:04:43.852Z",
            "favIconUrl": "http://app.qz.com/img/icons/favicon.ico",
            "from": 1458302620684,
            "seen": true
        },
        {
            "id": 1458302684003,
            "text": "Mark Zuckerberg went jogging in smoggy Beijing—and everyone has something to say about it - Quartz",
            "url": "http://qz.com/642506/the-brics-battered-regressive-incompetent-and-corrupt/",
            "type": "link",
            "time": "2016-03-18T12:04:44.003Z",
            "endTime": "2016-03-18T12:04:47.857Z",
            "favIconUrl": "http://app.qz.com/img/icons/favicon.ico",
            "from": 1458302620684,
            "seen": true
        },
        {
            "id": 1458302694865,
            "text": "Oculus Founder Palmer Luckey on What It Will Take to Make Virtual Reality Really Big",
            "url": "https://www.technologyreview.com/s/601056/the-apple-watch-may-be-about-to-get-a-medical-grade-add-on/",
            "type": "revisit",
            "time": "2016-03-18T12:04:54.865Z",
            "endTime": "2016-03-18T12:05:34.849Z",
            "favIconUrl": "https://www.technologyreview.com/favicon.ico"
        },
        {
            "id": 1458302453672,
            "type": "curate-node",
            "time": "2016-03-18T12:05:32.293Z",
            "trp": {
                "width": 151,
                "height": 174.328125,
                "x": 34,
                "y": 17
            }
        },
        {
            "id": 1458302191793,
            "type": "click-node",
            "time": "2016-03-18T12:05:35.024Z"
        },
        {
            "id": 1458302737209,
            "text": "Oculus Founder Palmer Luckey on What It Will Take to Make Virtual Reality Really Big",
            "url": "https://www.technologyreview.com/s/601056/the-apple-watch-may-be-about-to-get-a-medical-grade-add-on/",
            "type": "revisit",
            "time": "2016-03-18T12:05:37.209Z",
            "endTime": "2016-03-18T12:13:20.442Z",
            "favIconUrl": "https://www.technologyreview.com/favicon.ico"
        },
        {
            "id": 1458302553614,
            "type": "click-node",
            "time": "2016-03-18T12:05:57.077Z"
        },
        {
            "id": 1458302191793,
            "type": "curate-node",
            "time": "2016-03-18T12:06:09.816Z",
            "trp": {
                "width": 151,
                "height": 174.328125,
                "x": 0,
                "y": 194.32812500000003
            }
        },
        {
            "id": 1458301348419,
            "type": "curate-node",
            "time": "2016-03-18T12:06:16.544Z",
            "trp": {
                "width": 151,
                "height": 174.328125,
                "x": 0,
                "y": 388.65625
            }
        },
        {
            "id": 1458301348419,
            "type": "move-node",
            "time": "2016-03-18T12:06:19.355Z",
            "trp": {
                "width": 151,
                "height": 174.328125,
                "x": 234,
                "y": 113.65625
            }
        },
        {
            "id": 1458301560948,
            "type": "curate-node",
            "time": "2016-03-18T12:06:23.285Z",
            "trp": {
                "width": 151,
                "height": 174.328125,
                "x": 0,
                "y": 388.65625
            }
        },
        {
            "id": 1458301560948,
            "type": "move-node",
            "time": "2016-03-18T12:06:25.769Z",
            "trp": {
                "width": 151,
                "height": 174.328125,
                "x": 431,
                "y": 147.65625
            }
        },
        {
            "id": 1458301560948,
            "type": "move-node",
            "time": "2016-03-18T12:06:27.265Z",
            "trp": {
                "width": 151,
                "height": 174.328125,
                "x": 462,
                "y": 250.65625
            }
        },
        {
            "id": 1458301348419,
            "type": "move-node",
            "time": "2016-03-18T12:06:31.232Z",
            "trp": {
                "width": 151,
                "height": 174.328125,
                "x": 252,
                "y": 26.65625
            }
        },
        {
            "id": 1458301327036,
            "type": "curate-node",
            "time": "2016-03-18T12:06:37.984Z",
            "trp": {
                "width": 151,
                "height": 174.328125,
                "x": 0,
                "y": 444.984375
            }
        },
        {
            "id": 1458301327036,
            "type": "move-node",
            "time": "2016-03-18T12:06:40.996Z",
            "trp": {
                "width": 151,
                "height": 174.328125,
                "x": 284,
                "y": 420.984375
            }
        },
        {
            "id": 1458301348419,
            "type": "move-node",
            "time": "2016-03-18T12:06:42.751Z",
            "trp": {
                "width": 151,
                "height": 174.328125,
                "x": 261,
                "y": 133.65625
            }
        },
        {
            "id": 1458301560948,
            "type": "move-node",
            "time": "2016-03-18T12:06:44.630Z",
            "trp": {
                "width": 151,
                "height": 174.328125,
                "x": 463,
                "y": 250.65625
            }
        },
        {
            "id": 1458302453672,
            "type": "move-node",
            "time": "2016-03-18T12:06:48.208Z",
            "trp": {
                "width": 151,
                "height": 174.328125,
                "x": 91,
                "y": -42
            }
        },
        {
            "id": 1458302453672,
            "type": "move-node",
            "time": "2016-03-18T12:06:49.192Z",
            "trp": {
                "width": 151,
                "height": 174.328125,
                "x": 57,
                "y": -8
            }
        },
        {
            "id": 1458302453672,
            "type": "move-node",
            "time": "2016-03-18T12:06:50.855Z",
            "trp": {
                "width": 151,
                "height": 174.328125,
                "x": 34,
                "y": 17
            }
        },
        {
            "id": 1458302453672,
            "type": "move-node",
            "time": "2016-03-18T12:06:51.455Z",
            "trp": {
                "width": 151,
                "height": 174.328125,
                "x": 381,
                "y": 350
            }
        },
        {
            "id": 1458302453672,
            "type": "click-node",
            "time": "2016-03-18T12:06:51.457Z"
        },
        {
            "id": 1458302812124,
            "text": "Can Wearable Tech Measure Our Stress And Calm Us Down? | Co.Exist | ideas + impact",
            "url": "http://www.fastcoexist.com/3046996/can-wearable-tech-measure-our-stress-and-calm-us-down-no-ones-cracked-the-code-yet",
            "type": "revisit",
            "time": "2016-03-18T12:06:52.124Z",
            "endTime": "2016-03-18T12:13:18.819Z",
            "favIconUrl": "http://www.fastcoexist.com/favicon.ico"
        },
        {
            "id": 1458302453672,
            "type": "move-node",
            "time": "2016-03-18T12:06:55.391Z",
            "trp": {
                "width": 151,
                "height": 174.328125,
                "x": 34,
                "y": 17
            }
        },
        {
            "id": 1458302453672,
            "type": "click-node",
            "time": "2016-03-18T12:06:55.392Z"
        },
        {
            "id": 1458302453672,
            "type": "move-node",
            "time": "2016-03-18T12:06:57.925Z",
            "trp": {
                "width": 151,
                "height": 174.328125,
                "x": 34,
                "y": 17
            }
        },
        {
            "id": 1458302453672,
            "type": "click-node",
            "time": "2016-03-18T12:06:57.926Z"
        },
        {
            "type": "add-link",
            "time": "2016-03-18T12:07:34.497Z",
            "sourceId": 1458301560948,
            "targetId": 1458301348419
        },
        {
            "type": "add-link",
            "time": "2016-03-18T12:07:38.015Z",
            "sourceId": 1458302191793,
            "targetId": 1458301348419
        },
        {
            "type": "add-link",
            "time": "2016-03-18T12:07:41.048Z",
            "sourceId": 1458301327036,
            "targetId": 1458301560948
        },
        {
            "id": 1458301327036,
            "type": "move-node",
            "time": "2016-03-18T12:07:46.852Z",
            "trp": {
                "width": 151,
                "height": 174.328125,
                "x": 184,
                "y": 468.984375
            }
        },
        {
            "type": "remove-link",
            "time": "2016-03-18T12:07:48.210Z",
            "sourceId": 1458301327036,
            "targetId": 1458301560948
        },
        {
            "id": 1458302453672,
            "type": "move-node",
            "time": "2016-03-18T12:07:54.906Z",
            "trp": {
                "width": 151,
                "height": 174.328125,
                "x": 362,
                "y": 280
            }
        },
        {
            "id": 1458302453672,
            "type": "move-node",
            "time": "2016-03-18T12:07:58.495Z",
            "trp": {
                "width": 151,
                "height": 174.328125,
                "x": 381,
                "y": 350
            }
        },
        {
            "id": 1458301327036,
            "type": "move-node",
            "time": "2016-03-18T12:08:00.940Z",
            "trp": {
                "width": 151,
                "height": 174.328125,
                "x": 284,
                "y": 420.984375
            }
        },
        {
            "id": 1458303042393,
            "text": "Behance",
            "url": "https://www.behance.net/",
            "type": "bookmark",
            "time": "2016-03-18T12:10:42.393Z",
            "endTime": "2016-03-18T12:11:11.688Z",
            "favIconUrl": "https://www.behance.net/favicon.ico",
            "image": "1458303042393.png",
            "from": 1458302453672,
            "seen": true
        },
        {
            "type": "curation-zoom-out",
            "time": "2016-03-18T12:13:09.447Z"
        },
        {
            "type": "curation-zoom-in",
            "time": "2016-03-18T12:13:11.947Z"
        },
        {
            "id": 1458302554336,
            "type": "click-node",
            "time": "2016-03-18T12:13:19.783Z"
        },
        {
            "id": 1458303200469,
            "text": "Oculus Founder Palmer Luckey on What It Will Take to Make Virtual Reality Really Big",
            "url": "https://www.technologyreview.com/s/601056/the-apple-watch-may-be-about-to-get-a-medical-grade-add-on/",
            "type": "revisit",
            "time": "2016-03-18T12:13:20.469Z",
            "endTime": "2016-03-18T12:13:43.817Z",
            "favIconUrl": "https://www.technologyreview.com/favicon.ico"
        }
    ]
}