{
    "data": [
        {
            "id": 1458306854178,
            "text": "movement intensity measured by accelometers",
            "url": "https://www.google.co.uk/webhp?sourceid=chrome-instant&ion=1&espv=2&ie=UTF-8#q=movement%20intensity%20measured%20by%20accelometers",
            "type": "search",
            "time": "2016-03-18T13:14:14.178Z",
            "endTime": "2016-03-18T13:15:20.993Z",
            "favIconUrl": "https://www.google.co.uk/images/branding/product/ico/googleg_lodp.ico",
            "image": "1458306854178.png",
            "seen": true
        },
        {
            "id": 1458306921102,
            "text": "Validation and comparison of 3 accelerometers for measuring physical activity intensity during nonlocomotive activities and locomotive movements. - PubMed - NCBI",
            "url": "http://www.ncbi.nlm.nih.gov/pubmed/22971884",
            "type": "link",
            "time": "2016-03-18T13:15:21.102Z",
            "endTime": "2016-03-18T13:19:00.978Z",
            "favIconUrl": "http://www.ncbi.nlm.nih.gov/favicon.ico",
            "image": "1458306921102.png",
            "from": 1458306854178,
            "seen": true
        },
        {
            "id": 1458307141397,
            "text": "movement intensity measured by accelometers",
            "url": "https://www.google.co.uk/webhp?sourceid=chrome-instant&ion=1&espv=2&ie=UTF-8#q=movement%20intensity%20measured%20by%20accelometers",
            "type": "revisit",
            "time": "2016-03-18T13:19:01.397Z",
            "endTime": "2016-03-18T13:19:08.978Z",
            "favIconUrl": "https://www.google.co.uk/images/branding/product/ico/googleg_lodp.ico"
        },
        {
            "id": 1458307146714,
            "text": "https://www.ucl.ac.uk/statistics/biostatistics-network/talks/TalkSera",
            "url": "https://www.ucl.ac.uk/statistics/biostatistics-network/talks/TalkSera",
            "type": "link",
            "time": "2016-03-18T13:19:06.714Z",
            "endTime": "2016-03-18T13:21:44.968Z",
            "favIconUrl": "https://www.ucl.ac.uk/favicon.ico",
            "image": "1458307146714.png",
            "from": 1458306854178,
            "seen": true
        },
        {
            "id": 1458307305949,
            "text": "movement intensity measured by accelometers",
            "url": "https://www.google.co.uk/webhp?sourceid=chrome-instant&ion=1&espv=2&ie=UTF-8#q=movement%20intensity%20measured%20by%20accelometers",
            "type": "revisit",
            "time": "2016-03-18T13:21:45.949Z",
            "endTime": "2016-03-18T13:22:28.964Z",
            "favIconUrl": "https://www.google.co.uk/images/branding/product/ico/googleg_lodp.ico"
        },
        {
            "id": 1458307316156,
            "text": "Using Activity Monitors to Measure Physical Activity in Free-Living Conditions | Physical Therapy Journal",
            "url": "http://ptjournal.apta.org/content/86/8/1137",
            "type": "link",
            "time": "2016-03-18T13:21:56.156Z",
            "endTime": "2016-03-18T13:51:20.849Z",
            "favIconUrl": "https://d269i4ytkc080m.cloudfront.net/sites/default/files/favicon_0.ico",
            "image": "1458307316156.png",
            "from": 1458306854178,
            "seen": true
        },
        {
            "id": 1458307349196,
            "text": "movement intensity measured by accelerometer",
            "url": "https://www.google.co.uk/webhp?sourceid=chrome-instant&ion=1&espv=2&ie=UTF-8#q=movement+intensity+measured+by+accelerometer",
            "type": "search",
            "time": "2016-03-18T13:22:29.196Z",
            "endTime": "2016-03-18T13:29:34.936Z",
            "favIconUrl": "https://www.google.co.uk/images/branding/product/ico/googleg_lodp.ico",
            "image": "1458307349196.png",
            "from": 1458306854178,
            "seen": true
        },
        {
            "id": 1458307774666,
            "text": "journals.humankinetics.com/AcuCustom/Sitename/Documents/DocumentItem/03_hikihara_JPAH_20100296_935-943.pdf",
            "url": "http://journals.humankinetics.com/AcuCustom/Sitename/Documents/DocumentItem/03_hikihara_JPAH_20100296_935-943.pdf",
            "type": "link",
            "time": "2016-03-18T13:29:34.666Z",
            "endTime": "2016-03-18T13:51:48.849Z",
            "image": "1458307774666.png",
            "seen": true
        },
        {
            "id": 1458307808911,
            "text": "Accelerometers",
            "url": "http://ptjournal.apta.org/content/86/8/1137",
            "type": "highlight",
            "time": "2016-03-18T13:30:08.911Z",
            "classId": "sm-1458307808910",
            "path": "/HTML[1]/BODY[1]/DIV[3]/SECTION[1]/DIV[1]/DIV[1]/DIV[1]/DIV[1]/DIV[1]/DIV[1]/DIV[1]/DIV[2]/DIV[1]/DIV[1]/DIV[1]/DIV[3]/DIV[1]/DIV[1]/DIV[2]/DIV[1]/DIV[1]/DIV[1]/DIV[1]/DIV[1]/DIV[1]/DIV[1]/DIV[1]/DIV[2]/H2[1]/text()[1]|0|/HTML[1]/BODY[1]/DIV[3]/SECTION[1]/DIV[1]/DIV[1]/DIV[1]/DIV[1]/DIV[1]/DIV[1]/DIV[1]/DIV[2]/DIV[1]/DIV[1]/DIV[1]/DIV[3]/DIV[1]/DIV[1]/DIV[2]/DIV[1]/DIV[1]/DIV[1]/DIV[1]/DIV[1]/DIV[1]/DIV[1]/DIV[1]/DIV[2]/H2[1]/text()[1]|14",
            "from": 1458307316156
        },
        {
            "id": 1458308005203,
            "text": "Accelerometers are electronic sensors that measure the quantity and intensity of movement.40 Accelerometers are capable of measuring and storing measurements of the intensity, frequency, pattern, and duration of activity. ",
            "url": "http://ptjournal.apta.org/content/86/8/1137",
            "type": "highlight",
            "time": "2016-03-18T13:33:25.203Z",
            "classId": "sm-1458308005199",
            "path": "/HTML[1]/BODY[1]/DIV[3]/SECTION[1]/DIV[1]/DIV[1]/DIV[1]/DIV[1]/DIV[1]/DIV[1]/DIV[1]/DIV[2]/DIV[1]/DIV[1]/DIV[1]/DIV[3]/DIV[1]/DIV[1]/DIV[2]/DIV[1]/DIV[1]/DIV[1]/DIV[1]/DIV[1]/DIV[1]/DIV[1]/DIV[1]/DIV[2]/DIV[1]/P[1]/text()[1]|0|/HTML[1]/BODY[1]/DIV[3]/SECTION[1]/DIV[1]/DIV[1]/DIV[1]/DIV[1]/DIV[1]/DIV[1]/DIV[1]/DIV[2]/DIV[1]/DIV[1]/DIV[1]/DIV[3]/DIV[1]/DIV[1]/DIV[2]/DIV[1]/DIV[1]/DIV[1]/DIV[1]/DIV[1]/DIV[1]/DIV[1]/DIV[1]/DIV[2]/DIV[1]/P[1]/text()[2]|129",
            "from": 1458307316156
        },
        {
            "id": 1458308032059,
            "text": "Accelerometers are relatively small, and they can be worn on the waist, wrist, or ankle and are attached by belts, pouches, belt clips, or ankle and wrist Velcro bands.† In people with physical limitations such as visual impairments, arthritis, and neurologic deficits, the choice of accelerometer attachment is of special concern. For instance, fastening the accelerometer belt to the waist and unfastening it may be difficult for these individuals, and perhaps the use of a pouch or belt clip for attachment of the accelerometer would be more practical.",
            "url": "http://ptjournal.apta.org/content/86/8/1137",
            "type": "highlight",
            "time": "2016-03-18T13:33:52.059Z",
            "classId": "sm-1458308032055",
            "path": "/HTML[1]/BODY[1]/DIV[3]/SECTION[1]/DIV[1]/DIV[1]/DIV[1]/DIV[1]/DIV[1]/DIV[1]/DIV[1]/DIV[2]/DIV[1]/DIV[1]/DIV[1]/DIV[3]/DIV[1]/DIV[1]/DIV[2]/DIV[1]/DIV[1]/DIV[1]/DIV[1]/DIV[1]/DIV[1]/DIV[1]/DIV[1]/DIV[2]/DIV[1]/P[2]/text()[1]|0|/HTML[1]/BODY[1]/DIV[3]/SECTION[1]/DIV[1]/DIV[1]/DIV[1]/DIV[1]/DIV[1]/DIV[1]/DIV[1]/DIV[2]/DIV[1]/DIV[1]/DIV[1]/DIV[3]/DIV[1]/DIV[1]/DIV[2]/DIV[1]/DIV[1]/DIV[1]/DIV[1]/DIV[1]/DIV[1]/DIV[1]/DIV[1]/DIV[2]/DIV[1]/P[2]/text()[2]|386",
            "from": 1458307316156
        },
        {
            "id": 1458307316156,
            "type": "click-node",
            "time": "2016-03-18T13:34:09.832Z"
        },
        {
            "id": 1458308005203,
            "type": "click-node",
            "time": "2016-03-18T13:34:15.310Z"
        },
        {
            "id": 1458308032059,
            "type": "click-node",
            "time": "2016-03-18T13:34:17.474Z"
        },
        {
            "id": 1458307808911,
            "type": "click-node",
            "time": "2016-03-18T13:34:19.165Z"
        },
        {
            "id": 1458308076116,
            "text": "Positioning on the waist is well suited for picking up accelerations that occur during normal ambulatory movement7",
            "url": "http://ptjournal.apta.org/content/86/8/1137",
            "type": "highlight",
            "time": "2016-03-18T13:34:36.116Z",
            "classId": "sm-1458308076112",
            "path": "/HTML[1]/BODY[1]/DIV[3]/SECTION[1]/DIV[1]/DIV[1]/DIV[1]/DIV[1]/DIV[1]/DIV[1]/DIV[1]/DIV[2]/DIV[1]/DIV[1]/DIV[1]/DIV[3]/DIV[1]/DIV[1]/DIV[2]/DIV[1]/DIV[1]/DIV[1]/DIV[1]/DIV[1]/DIV[1]/DIV[1]/DIV[1]/DIV[2]/DIV[1]/P[3]/text()[1]|126|/HTML[1]/BODY[1]/DIV[3]/SECTION[1]/DIV[1]/DIV[1]/DIV[1]/DIV[1]/DIV[1]/DIV[1]/DIV[1]/DIV[2]/DIV[1]/DIV[1]/DIV[1]/DIV[3]/DIV[1]/DIV[1]/DIV[2]/DIV[1]/DIV[1]/DIV[1]/DIV[1]/DIV[1]/DIV[1]/DIV[1]/DIV[1]/DIV[2]/DIV[1]/P[3]/SUP[1]/A[1]/text()[1]|1",
            "from": 1458307316156
        },
        {
            "id": 1458308135726,
            "text": "The investigators found the combined wrist and waist accelerometer placement added minimally to the predictive accuracy of energy expenditure of a waist-mounted accelerometer worn alone.",
            "url": "http://ptjournal.apta.org/content/86/8/1137",
            "type": "highlight",
            "time": "2016-03-18T13:35:35.726Z",
            "classId": "sm-1458308135724",
            "path": "/HTML[1]/BODY[1]/DIV[3]/SECTION[1]/DIV[1]/DIV[1]/DIV[1]/DIV[1]/DIV[1]/DIV[1]/DIV[1]/DIV[2]/DIV[1]/DIV[1]/DIV[1]/DIV[3]/DIV[1]/DIV[1]/DIV[2]/DIV[1]/DIV[1]/DIV[1]/DIV[1]/DIV[1]/DIV[1]/DIV[1]/DIV[1]/DIV[2]/DIV[1]/P[3]/text()[5]|99|/HTML[1]/BODY[1]/DIV[3]/SECTION[1]/DIV[1]/DIV[1]/DIV[1]/DIV[1]/DIV[1]/DIV[1]/DIV[1]/DIV[2]/DIV[1]/DIV[1]/DIV[1]/DIV[3]/DIV[1]/DIV[1]/DIV[2]/DIV[1]/DIV[1]/DIV[1]/DIV[1]/DIV[1]/DIV[1]/DIV[1]/DIV[1]/DIV[2]/DIV[1]/P[3]/text()[5]|285",
            "from": 1458307316156
        },
        {
            "id": 1458307316156,
            "type": "curate-node",
            "time": "2016-03-18T13:36:17.554Z",
            "trp": {
                "width": 151,
                "height": 200,
                "x": 0,
                "y": 0
            }
        },
        {
            "id": 1458307316156,
            "type": "move-node",
            "time": "2016-03-18T13:36:20.799Z",
            "trp": {
                "width": 151,
                "height": 288,
                "x": 36,
                "y": 27
            }
        },
        {
            "id": 1458307316156,
            "type": "click-node",
            "time": "2016-03-18T13:36:20.800Z"
        },
        {
            "id": 1458308235237,
            "text": "Uniaxial monitors record vertical acceleration in 1 plane, and biaxial monitors record acceleration in 2 planes. Triaxial monitors record acceleration in 3 planes by 3 different accelerometers positioned internally at 90 degrees from one another.",
            "url": "http://ptjournal.apta.org/content/86/8/1137",
            "type": "highlight",
            "time": "2016-03-18T13:37:15.237Z",
            "classId": "sm-1458308235236",
            "path": "/HTML[1]/BODY[1]/DIV[3]/SECTION[1]/DIV[1]/DIV[1]/DIV[1]/DIV[1]/DIV[1]/DIV[1]/DIV[1]/DIV[2]/DIV[1]/DIV[1]/DIV[1]/DIV[3]/DIV[1]/DIV[1]/DIV[2]/DIV[1]/DIV[1]/DIV[1]/DIV[1]/DIV[1]/DIV[1]/DIV[1]/DIV[1]/DIV[2]/DIV[1]/P[4]/text()[1]|130|/HTML[1]/BODY[1]/DIV[3]/SECTION[1]/DIV[1]/DIV[1]/DIV[1]/DIV[1]/DIV[1]/DIV[1]/DIV[1]/DIV[2]/DIV[1]/DIV[1]/DIV[1]/DIV[3]/DIV[1]/DIV[1]/DIV[2]/DIV[1]/DIV[1]/DIV[1]/DIV[1]/DIV[1]/DIV[1]/DIV[1]/DIV[1]/DIV[2]/DIV[1]/P[4]/text()[1]|376",
            "from": 1458307316156
        },
        {
            "id": 1458308372992,
            "text": "Studies60, 86–89 have suggested that 4 to 12 measurement days are needed for reliable accelerometry estimates of habitual daily physical activities",
            "url": "http://ptjournal.apta.org/content/86/8/1137",
            "type": "highlight",
            "time": "2016-03-18T13:39:32.992Z",
            "classId": "sm-1458308372985",
            "path": "/HTML[1]/BODY[1]/DIV[3]/SECTION[1]/DIV[1]/DIV[1]/DIV[1]/DIV[1]/DIV[1]/DIV[1]/DIV[1]/DIV[2]/DIV[1]/DIV[1]/DIV[1]/DIV[3]/DIV[1]/DIV[1]/DIV[2]/DIV[1]/DIV[1]/DIV[1]/DIV[1]/DIV[1]/DIV[1]/DIV[1]/DIV[1]/DIV[2]/DIV[2]/P[1]/text()[1]|0|/HTML[1]/BODY[1]/DIV[3]/SECTION[1]/DIV[1]/DIV[1]/DIV[1]/DIV[1]/DIV[1]/DIV[1]/DIV[1]/DIV[2]/DIV[1]/DIV[1]/DIV[1]/DIV[3]/DIV[1]/DIV[1]/DIV[2]/DIV[1]/DIV[1]/DIV[1]/DIV[1]/DIV[1]/DIV[1]/DIV[1]/DIV[1]/DIV[2]/DIV[2]/P[1]/text()[2]|131",
            "from": 1458307316156
        },
        {
            "id": 1458308417542,
            "text": "Types of Activity and Data Derived\n\nAccelerometers can measure most types of physical activity that involve lower-extremity or trunk acceleration such as walking, running, and stair climbing.",
            "url": "http://ptjournal.apta.org/content/86/8/1137",
            "type": "highlight",
            "time": "2016-03-18T13:40:17.542Z",
            "classId": "sm-1458308417539",
            "path": "/HTML[1]/BODY[1]/DIV[3]/SECTION[1]/DIV[1]/DIV[1]/DIV[1]/DIV[1]/DIV[1]/DIV[1]/DIV[1]/DIV[2]/DIV[1]/DIV[1]/DIV[1]/DIV[3]/DIV[1]/DIV[1]/DIV[2]/DIV[1]/DIV[1]/DIV[1]/DIV[1]/DIV[1]/DIV[1]/DIV[1]/DIV[1]/DIV[2]/DIV[3]/H3[1]/text()[1]|0|/HTML[1]/BODY[1]/DIV[3]/SECTION[1]/DIV[1]/DIV[1]/DIV[1]/DIV[1]/DIV[1]/DIV[1]/DIV[1]/DIV[2]/DIV[1]/DIV[1]/DIV[1]/DIV[3]/DIV[1]/DIV[1]/DIV[2]/DIV[1]/DIV[1]/DIV[1]/DIV[1]/DIV[1]/DIV[1]/DIV[1]/DIV[1]/DIV[2]/DIV[3]/P[1]/text()[1]|155",
            "from": 1458307316156
        },
        {
            "id": 1458308777770,
            "text": "Data from the accelerometer are automatically expressed as counts. Accelerometer counts are a measure of the frequency and intensity of vertical accelerations and decelerations.",
            "url": "http://ptjournal.apta.org/content/86/8/1137",
            "type": "highlight",
            "time": "2016-03-18T13:46:17.770Z",
            "classId": "sm-1458308777769",
            "path": "/HTML[1]/BODY[1]/DIV[3]/SECTION[1]/DIV[1]/DIV[1]/DIV[1]/DIV[1]/DIV[1]/DIV[1]/DIV[1]/DIV[2]/DIV[1]/DIV[1]/DIV[1]/DIV[3]/DIV[1]/DIV[1]/DIV[2]/DIV[1]/DIV[1]/DIV[1]/DIV[1]/DIV[1]/DIV[1]/DIV[1]/DIV[1]/DIV[2]/DIV[3]/P[2]/text()[1]|0|/HTML[1]/BODY[1]/DIV[3]/SECTION[1]/DIV[1]/DIV[1]/DIV[1]/DIV[1]/DIV[1]/DIV[1]/DIV[1]/DIV[2]/DIV[1]/DIV[1]/DIV[1]/DIV[3]/DIV[1]/DIV[1]/DIV[2]/DIV[1]/DIV[1]/DIV[1]/DIV[1]/DIV[1]/DIV[1]/DIV[1]/DIV[1]/DIV[2]/DIV[3]/P[2]/text()[1]|177",
            "from": 1458307316156
        },
        {
            "id": 1458308804764,
            "text": "Because accelerometers time stamp physical activity and record intensity, it is also possible to obtain a reliable measurement of time spent in various intensity categories. Establishing intensity categories is possible by estimating energy expenditure and storing data for later recall. The most work in setting activity intensity cut points has been performed on the ActiGraph.51",
            "url": "http://ptjournal.apta.org/content/86/8/1137",
            "type": "highlight",
            "time": "2016-03-18T13:46:44.764Z",
            "classId": "sm-1458308804761",
            "path": "/HTML[1]/BODY[1]/DIV[3]/SECTION[1]/DIV[1]/DIV[1]/DIV[1]/DIV[1]/DIV[1]/DIV[1]/DIV[1]/DIV[2]/DIV[1]/DIV[1]/DIV[1]/DIV[3]/DIV[1]/DIV[1]/DIV[2]/DIV[1]/DIV[1]/DIV[1]/DIV[1]/DIV[1]/DIV[1]/DIV[1]/DIV[1]/DIV[2]/DIV[3]/P[3]/text()[1]|0|/HTML[1]/BODY[1]/DIV[3]/SECTION[1]/DIV[1]/DIV[1]/DIV[1]/DIV[1]/DIV[1]/DIV[1]/DIV[1]/DIV[2]/DIV[1]/DIV[1]/DIV[1]/DIV[3]/DIV[1]/DIV[1]/DIV[2]/DIV[1]/DIV[1]/DIV[1]/DIV[1]/DIV[1]/DIV[1]/DIV[1]/DIV[1]/DIV[2]/DIV[3]/P[3]/SUP[1]/A[1]/text()[1]|2",
            "from": 1458307316156
        },
        {
            "id": 1458309053497,
            "text": "Because accelerometers provide various ways to analyze physical activity, investigators report data from accelerometers in different ways, including total counts over a period of time, counts per day, counts per minute, total steps over a period of time, steps per day, steps per minute, minutes spent in specific activity intensities, number and duration of activity bouts per day, or estimates of energy expenditure. In investigating the literature on accelerometers, the measurement unit in which data are presented is important. It is difficult to compare various outputs from different accelerometers used in studies if the authors present their results in different measurement units.",
            "url": "http://ptjournal.apta.org/content/86/8/1137",
            "type": "highlight",
            "time": "2016-03-18T13:50:53.497Z",
            "classId": "sm-1458309053496",
            "path": "/HTML[1]/BODY[1]/DIV[3]/SECTION[1]/DIV[1]/DIV[1]/DIV[1]/DIV[1]/DIV[1]/DIV[1]/DIV[1]/DIV[2]/DIV[1]/DIV[1]/DIV[1]/DIV[3]/DIV[1]/DIV[1]/DIV[2]/DIV[1]/DIV[1]/DIV[1]/DIV[1]/DIV[1]/DIV[1]/DIV[1]/DIV[1]/DIV[2]/DIV[3]/P[5]/text()[1]|0|/HTML[1]/BODY[1]/DIV[3]/SECTION[1]/DIV[1]/DIV[1]/DIV[1]/DIV[1]/DIV[1]/DIV[1]/DIV[1]/DIV[2]/DIV[1]/DIV[1]/DIV[1]/DIV[3]/DIV[1]/DIV[1]/DIV[2]/DIV[1]/DIV[1]/DIV[1]/DIV[1]/DIV[1]/DIV[1]/DIV[1]/DIV[1]/DIV[2]/DIV[3]/P[5]/text()[1]|690",
            "from": 1458307316156
        },
        {
            "id": 1458309080372,
            "text": "Additionally, with treadmill activity, the ActiGraph accelerometer yielded accurate predictions of energy expenditure, whereas the TriTrac and the BioTrainer tended to overestimate energy expenditure (101%–136% of measured value).85\n\n",
            "url": "http://ptjournal.apta.org/content/86/8/1137",
            "type": "highlight",
            "time": "2016-03-18T13:51:20.372Z",
            "classId": "sm-1458309080348",
            "path": "/HTML[1]/BODY[1]/DIV[3]/SECTION[1]/DIV[1]/DIV[1]/DIV[1]/DIV[1]/DIV[1]/DIV[1]/DIV[1]/DIV[2]/DIV[1]/DIV[1]/DIV[1]/DIV[3]/DIV[1]/DIV[1]/DIV[2]/DIV[1]/DIV[1]/DIV[1]/DIV[1]/DIV[1]/DIV[1]/DIV[1]/DIV[1]/DIV[2]/DIV[4]/P[2]/text()[7]|11|/HTML[1]/BODY[1]/DIV[3]/SECTION[1]/DIV[1]/DIV[1]/DIV[1]/DIV[1]/DIV[1]/DIV[1]/DIV[1]/DIV[2]/DIV[1]/DIV[1]/DIV[1]/DIV[3]/DIV[1]/DIV[1]/DIV[2]/DIV[1]/DIV[1]/DIV[1]/DIV[1]/DIV[1]/DIV[1]/DIV[1]/DIV[1]/DIV[3]/H2[1]|0",
            "from": 1458307316156
        },
        {
            "id": 1458309108974,
            "text": "Using Activity Monitors to Measure Physical Activity in Free-Living Conditions | Physical Therapy Journal",
            "url": "http://ptjournal.apta.org/content/86/8/1137",
            "type": "revisit",
            "time": "2016-03-18T13:51:48.974Z",
            "endTime": "2016-03-18T13:52:07.847Z",
            "favIconUrl": "https://d269i4ytkc080m.cloudfront.net/sites/default/files/favicon_0.ico",
            "from": 1458306854178
        },
        {
            "id": 1458309140575,
            "text": "journals.humankinetics.com/AcuCustom/Sitename/Documents/DocumentItem/03_hikihara_JPAH_20100296_935-943.pdf",
            "url": "http://journals.humankinetics.com/AcuCustom/Sitename/Documents/DocumentItem/03_hikihara_JPAH_20100296_935-943.pdf",
            "type": "revisit",
            "time": "2016-03-18T13:52:20.575Z",
            "endTime": "2016-03-18T13:52:26.846Z"
        },
        {
            "id": 1458309146922,
            "text": "Using Activity Monitors to Measure Physical Activity in Free-Living Conditions | Physical Therapy Journal",
            "url": "http://ptjournal.apta.org/content/86/8/1137",
            "type": "revisit",
            "time": "2016-03-18T13:52:26.922Z",
            "endTime": "2016-03-18T13:52:28.845Z",
            "favIconUrl": "https://d269i4ytkc080m.cloudfront.net/sites/default/files/favicon_0.ico",
            "from": 1458306854178
        },
        {
            "id": 1458309153780,
            "text": "actigraph",
            "url": "https://www.google.co.uk/webhp?sourceid=chrome-instant&ion=1&espv=2&ie=UTF-8#q=actigraph",
            "type": "search",
            "time": "2016-03-18T13:52:33.780Z",
            "endTime": "2016-03-18T13:52:37.844Z",
            "favIconUrl": "https://www.google.co.uk/images/branding/product/ico/googleg_lodp.ico",
            "image": "1458309153780.png",
            "seen": true
        },
        {
            "id": 1458309158030,
            "text": "journals.humankinetics.com/AcuCustom/Sitename/Documents/DocumentItem/03_hikihara_JPAH_20100296_935-943.pdf",
            "url": "http://journals.humankinetics.com/AcuCustom/Sitename/Documents/DocumentItem/03_hikihara_JPAH_20100296_935-943.pdf",
            "type": "revisit",
            "time": "2016-03-18T13:52:38.030Z",
            "endTime": "2016-03-18T13:52:41.845Z"
        },
        {
            "id": 1458309159521,
            "text": "ActiGraph",
            "url": "http://actigraphcorp.com/",
            "type": "link",
            "time": "2016-03-18T13:52:39.521Z",
            "endTime": "2016-03-18T13:53:34.941Z",
            "favIconUrl": "http://actigraphcorp.com/wp-content/themes/ActiGraph/assets/img/favicon_blue_rounded_square.ico",
            "image": "1458309159521.png",
            "from": 1458309153780,
            "seen": true
        },
        {
            "id": 1458309162490,
            "text": "Using Activity Monitors to Measure Physical Activity in Free-Living Conditions | Physical Therapy Journal",
            "url": "http://ptjournal.apta.org/content/86/8/1137",
            "type": "revisit",
            "time": "2016-03-18T13:52:42.490Z",
            "endTime": "2016-03-18T13:52:48.844Z",
            "favIconUrl": "https://d269i4ytkc080m.cloudfront.net/sites/default/files/favicon_0.ico",
            "from": 1458306854178
        },
        {
            "id": 1458309169761,
            "text": "journals.humankinetics.com/AcuCustom/Sitename/Documents/DocumentItem/03_hikihara_JPAH_20100296_935-943.pdf",
            "url": "http://journals.humankinetics.com/AcuCustom/Sitename/Documents/DocumentItem/03_hikihara_JPAH_20100296_935-943.pdf",
            "type": "revisit",
            "time": "2016-03-18T13:52:49.761Z",
            "endTime": "2016-03-18T13:53:35.861Z"
        },
        {
            "id": 1458309176141,
            "text": "tritrack",
            "url": "https://www.google.co.uk/webhp?sourceid=chrome-instant&ion=1&espv=2&ie=UTF-8#q=tritrack",
            "type": "search",
            "time": "2016-03-18T13:52:56.141Z",
            "endTime": "2016-03-18T13:53:02.850Z",
            "favIconUrl": "https://www.google.co.uk/images/branding/product/ico/googleg_lodp.ico",
            "image": "1458309176141.png",
            "seen": true
        },
        {
            "id": 1458309183623,
            "text": "Using Activity Monitors to Measure Physical Activity in Free-Living Conditions | Physical Therapy Journal",
            "url": "http://ptjournal.apta.org/content/86/8/1137",
            "type": "revisit",
            "time": "2016-03-18T13:53:03.623Z",
            "endTime": "2016-03-18T13:53:05.887Z",
            "favIconUrl": "https://d269i4ytkc080m.cloudfront.net/sites/default/files/favicon_0.ico",
            "from": 1458306854178
        },
        {
            "id": 1458309186492,
            "text": "tritrack",
            "url": "https://www.google.co.uk/webhp?sourceid=chrome-instant&ion=1&espv=2&ie=UTF-8#q=tritrack",
            "type": "revisit",
            "time": "2016-03-18T13:53:06.492Z",
            "endTime": "2016-03-18T13:53:09.843Z",
            "favIconUrl": "https://www.google.co.uk/images/branding/product/ico/googleg_lodp.ico"
        },
        {
            "id": 1458309190735,
            "text": "tritrac",
            "url": "https://www.google.co.uk/webhp?sourceid=chrome-instant&ion=1&espv=2&ie=UTF-8#q=tritrac",
            "type": "search",
            "time": "2016-03-18T13:53:10.735Z",
            "endTime": "2016-03-18T13:53:15.843Z",
            "favIconUrl": "https://www.google.co.uk/images/branding/product/ico/googleg_lodp.ico",
            "image": "1458309190735.png",
            "from": 1458309176141,
            "seen": true
        },
        {
            "id": 1458309208689,
            "text": "Tri Trac Technologies Pvt. Ltd.| Home Page",
            "url": "http://www.tritrac.com/",
            "type": "link",
            "time": "2016-03-18T13:53:28.689Z",
            "endTime": "2016-03-18T13:53:31.842Z",
            "favIconUrl": "http://www.tritrac.com/css/images/favicon.ico",
            "image": "1458309208689.png",
            "from": 1458309176141,
            "seen": true
        },
        {
            "id": 1458309212702,
            "text": "actigraph",
            "url": "https://www.google.co.uk/webhp?sourceid=chrome-instant&ion=1&espv=2&ie=UTF-8#q=actigraph",
            "type": "revisit",
            "time": "2016-03-18T13:53:32.702Z",
            "endTime": "2016-03-18T13:53:33.842Z",
            "favIconUrl": "https://www.google.co.uk/images/branding/product/ico/googleg_lodp.ico"
        },
        {
            "id": 1458309215862,
            "text": "journals.humankinetics.com/AcuCustom/Sitename/Documents/DocumentItem/03_hikihara_JPAH_20100296_935-943.pdf",
            "url": "http://journals.humankinetics.com/AcuCustom/Sitename/Documents/DocumentItem/03_hikihara_JPAH_20100296_935-943.pdf",
            "type": "revisit",
            "time": "2016-03-18T13:53:35.862Z",
            "endTime": 1458309215863
        },
        {
            "id": 1458309216673,
            "text": "Using Activity Monitors to Measure Physical Activity in Free-Living Conditions | Physical Therapy Journal",
            "url": "http://ptjournal.apta.org/content/86/8/1137",
            "type": "revisit",
            "time": "2016-03-18T13:53:36.673Z",
            "endTime": "2016-03-18T13:53:39.840Z",
            "favIconUrl": "https://d269i4ytkc080m.cloudfront.net/sites/default/files/favicon_0.ico",
            "from": 1458306854178
        },
        {
            "id": 1458309220742,
            "text": "journals.humankinetics.com/AcuCustom/Sitename/Documents/DocumentItem/03_hikihara_JPAH_20100296_935-943.pdf",
            "url": "http://journals.humankinetics.com/AcuCustom/Sitename/Documents/DocumentItem/03_hikihara_JPAH_20100296_935-943.pdf",
            "type": "revisit",
            "time": "2016-03-18T13:53:40.742Z",
            "endTime": "2016-03-18T13:53:41.841Z"
        },
        {
            "id": 1458309225902,
            "text": "biotrainer activity monitor",
            "url": "https://www.google.co.uk/webhp?sourceid=chrome-instant&ion=1&espv=2&ie=UTF-8#q=biotrainer%20activity%20monitor",
            "type": "search",
            "time": "2016-03-18T13:53:45.902Z",
            "endTime": "2016-03-18T13:53:48.841Z",
            "favIconUrl": "https://www.google.co.uk/images/branding/product/ico/googleg_lodp.ico",
            "image": "1458309225902.png",
            "seen": true
        },
        {
            "id": 1458309229024,
            "text": "biotrainer ",
            "url": "https://www.google.co.uk/webhp?sourceid=chrome-instant&ion=1&espv=2&ie=UTF-8#q=biotrainer+",
            "type": "search",
            "time": "2016-03-18T13:53:49.024Z",
            "endTime": "2016-03-18T13:53:54.839Z",
            "favIconUrl": "https://www.google.co.uk/images/branding/product/ico/googleg_lodp.ico",
            "image": "1458309229024.png",
            "from": 1458309225902,
            "seen": true
        },
        {
            "id": 1458309235285,
            "text": "Using Activity Monitors to Measure Physical Activity in Free-Living Conditions | Physical Therapy Journal",
            "url": "http://ptjournal.apta.org/content/86/8/1137",
            "type": "revisit",
            "time": "2016-03-18T13:53:55.285Z",
            "endTime": "2016-03-18T13:56:51.828Z",
            "favIconUrl": "https://d269i4ytkc080m.cloudfront.net/sites/default/files/favicon_0.ico",
            "from": 1458306854178
        },
        {
            "id": 1458309412530,
            "text": "ActiGraph",
            "url": "http://actigraphcorp.com/",
            "type": "revisit",
            "time": "2016-03-18T13:56:52.530Z",
            "endTime": "2016-03-18T13:56:57.828Z",
            "favIconUrl": "http://actigraphcorp.com/wp-content/themes/ActiGraph/assets/img/favicon_blue_rounded_square.ico",
            "from": 1458309153780
        },
        {
            "id": 1458309423334,
            "text": "About Us | ActiGraph",
            "url": "http://actigraphcorp.com/company/about-us/",
            "type": "link",
            "time": "2016-03-18T13:57:03.334Z",
            "endTime": "2016-03-18T14:02:35.806Z",
            "favIconUrl": "http://actigraphcorp.com/wp-content/themes/ActiGraph/assets/img/favicon_blue_rounded_square.ico",
            "image": "1458309423334.png",
            "from": 1458309159521,
            "seen": true
        },
        {
            "id": 1458309458762,
            "text": "Clinical Trials | ActiGraph",
            "url": "http://actigraphcorp.com/solutions/clinical-trials/",
            "type": "link",
            "time": "2016-03-18T13:57:38.762Z",
            "endTime": "2016-03-18T13:58:15.823Z",
            "favIconUrl": "http://actigraphcorp.com/wp-content/themes/ActiGraph/assets/img/favicon_blue_rounded_square.ico",
            "image": "1458309458762.png",
            "from": 1458309423334,
            "seen": true
        },
        {
            "id": 1458309458762,
            "type": "save-image",
            "value": "http://actigraphcorp.com/wp-content/uploads/2015/05/centrepoint-study-admin-system.png"
        },
        {
            "id": 1458309499265,
            "text": "ActiLife | ActiGraph",
            "url": "http://actigraphcorp.com/products-showcase/software/actilife/",
            "type": "link",
            "time": "2016-03-18T13:58:19.265Z",
            "endTime": "2016-03-18T13:58:21.821Z",
            "favIconUrl": "http://actigraphcorp.com/wp-content/themes/ActiGraph/assets/img/favicon_blue_rounded_square.ico",
            "image": "1458309499265.png",
            "from": 1458309458762,
            "seen": true
        },
        {
            "id": 1458309504549,
            "text": "ActiGraph Link | ActiGraph",
            "url": "http://actigraphcorp.com/products-showcase/activity-monitors/actigraph-link/",
            "type": "link",
            "time": "2016-03-18T13:58:24.549Z",
            "endTime": "2016-03-18T13:58:59.820Z",
            "favIconUrl": "http://actigraphcorp.com/wp-content/themes/ActiGraph/assets/img/favicon_blue_rounded_square.ico",
            "image": "1458309504549.png",
            "from": 1458309499265,
            "seen": true
        },
        {
            "id": 1458309547289,
            "text": "Accessories | Product Categories | ActiGraph",
            "url": "http://actigraphcorp.com/product-category/accessories/",
            "type": "link",
            "time": "2016-03-18T13:59:07.289Z",
            "endTime": "2016-03-18T14:02:17.806Z",
            "favIconUrl": "http://actigraphcorp.com/wp-content/themes/ActiGraph/assets/img/favicon_blue_rounded_square.ico",
            "image": "1458309547289.png",
            "from": 1458309504549,
            "seen": true
        },
        {
            "id": 1458309571531,
            "text": "Research Database | ActiGraph",
            "url": "http://actigraphcorp.com/resources/research-database/",
            "type": "link",
            "time": "2016-03-18T13:59:31.531Z",
            "endTime": "2016-03-18T14:00:03.814Z",
            "favIconUrl": "http://actigraphcorp.com/wp-content/themes/ActiGraph/assets/img/favicon_blue_rounded_square.ico",
            "image": "1458309571531.png",
            "from": 1458309547289,
            "seen": true
        },
        {
            "id": 1458309594592,
            "text": "Activity and Environment | ActiGraph",
            "url": "http://actigraphcorp.com/category/research-database/activity-and-environment/",
            "type": "link",
            "time": "2016-03-18T13:59:54.592Z",
            "endTime": "2016-03-18T14:00:11.815Z",
            "favIconUrl": "http://actigraphcorp.com/wp-content/themes/ActiGraph/assets/img/favicon_blue_rounded_square.ico",
            "image": "1458309594592.png",
            "from": 1458309571531,
            "seen": true
        },
        {
            "id": 1458309617537,
            "text": "accelometer | Search Results | ActiGraph",
            "url": "http://actigraphcorp.com/category/research-database/?s=accelometer",
            "type": "link",
            "time": "2016-03-18T14:00:17.537Z",
            "endTime": "2016-03-18T14:00:22.814Z",
            "favIconUrl": "http://actigraphcorp.com/wp-content/themes/ActiGraph/assets/img/favicon_blue_rounded_square.ico",
            "image": "1458309617537.png",
            "from": 1458309594592,
            "seen": true
        },
        {
            "id": 1458309627358,
            "text": "accelerometr | Search Results | ActiGraph",
            "url": "http://actigraphcorp.com/?s=accelerometr",
            "type": "link",
            "time": "2016-03-18T14:00:27.358Z",
            "endTime": "2016-03-18T14:00:40.813Z",
            "favIconUrl": "http://actigraphcorp.com/wp-content/themes/ActiGraph/assets/img/favicon_blue_rounded_square.ico",
            "image": "1458309627358.png",
            "from": 1458309594592,
            "seen": true
        },
        {
            "id": 1458309664919,
            "text": "Usefulness of a Tri-Axis Accelerometer for Sleep-Wake Scoring | ActiGraph",
            "url": "http://actigraphcorp.com/research-database/usefulness-of-a-tri-axis-accelerometer-for-sleep-wake-scoring/",
            "type": "link",
            "time": "2016-03-18T14:01:04.919Z",
            "endTime": "2016-03-18T14:08:20.783Z",
            "favIconUrl": "http://actigraphcorp.com/wp-content/themes/ActiGraph/assets/img/favicon_blue_rounded_square.ico",
            "image": "1458309664919.png",
            "seen": true
        },
        {
            "id": 1458309690091,
            "text": "accelerometer | Search Results | ActiGraph",
            "url": "http://actigraphcorp.com/?s=accelerometer#",
            "type": "link",
            "time": "2016-03-18T14:01:30.091Z",
            "endTime": "2016-03-18T14:01:38.809Z",
            "favIconUrl": "http://actigraphcorp.com/wp-content/themes/ActiGraph/assets/img/favicon_blue_rounded_square.ico",
            "image": "1458309690091.png",
            "from": 1458309594592,
            "seen": true
        },
        {
            "type": "collection-zoom-out",
            "time": "2016-03-18T14:01:59.364Z"
        },
        {
            "type": "collection-zoom-out",
            "time": "2016-03-18T14:01:59.499Z"
        },
        {
            "id": 1458309547289,
            "type": "favorite-node",
            "time": "2016-03-18T14:02:06.373Z"
        },
        {
            "id": 1458309547289,
            "type": "curate-node",
            "time": "2016-03-18T14:02:11.217Z",
            "trp": {
                "width": 151,
                "height": 127.03125,
                "x": 0,
                "y": 308
            }
        },
        {
            "id": 1458309547289,
            "type": "move-node",
            "time": "2016-03-18T14:02:13.718Z",
            "trp": {
                "width": 151,
                "height": 127.03125,
                "x": 219,
                "y": 270
            }
        },
        {
            "id": 1458309423334,
            "type": "click-node",
            "time": "2016-03-18T14:02:18.714Z"
        },
        {
            "id": 1458309423334,
            "type": "click-node",
            "time": "2016-03-18T14:02:27.252Z"
        },
        {
            "id": 1458309423334,
            "type": "curate-node",
            "time": "2016-03-18T14:02:33.661Z",
            "trp": {
                "width": 151,
                "height": 127.03125,
                "x": 34,
                "y": 344
            }
        },
        {
            "id": 1458309208689,
            "type": "click-node",
            "time": "2016-03-18T14:02:36.020Z"
        },
        {
            "id": 1458309756133,
            "text": "Tri Trac Technologies Pvt. Ltd.| Home Page",
            "url": "http://www.tritrac.com/",
            "type": "revisit",
            "time": "2016-03-18T14:02:36.133Z",
            "endTime": "2016-03-18T14:02:44.805Z",
            "favIconUrl": "http://www.tritrac.com/css/images/favicon.ico",
            "from": 1458309176141
        },
        {
            "id": 1458309766139,
            "text": "Tri Trac Technologies Pvt. Ltd.| Products",
            "url": "http://www.tritrac.com/products.html",
            "type": "link",
            "time": "2016-03-18T14:02:46.139Z",
            "endTime": "2016-03-18T14:04:18.799Z",
            "favIconUrl": "http://www.tritrac.com/css/images/favicon.ico",
            "image": "1458309766139.png",
            "from": 1458309208689,
            "seen": true
        },
        {
            "id": 1458309766139,
            "type": "remove-collection-node",
            "time": "2016-03-18T14:03:33.400Z"
        },
        {
            "id": 1458309859567,
            "text": "wearables measuring movement intensity",
            "url": "https://www.google.co.uk/webhp?sourceid=chrome-instant&ion=1&espv=2&ie=UTF-8#q=wearables%20measuring%20movement%20intensity",
            "type": "search",
            "time": "2016-03-18T14:04:19.567Z",
            "endTime": "2016-03-18T14:04:32.798Z",
            "favIconUrl": "https://www.google.co.uk/images/branding/product/ico/googleg_lodp.ico",
            "image": "1458309859567.png",
            "from": 1458309766139,
            "seen": true
        },
        {
            "id": 1458309873648,
            "text": "movement intensity devices",
            "url": "https://www.google.co.uk/webhp?sourceid=chrome-instant&ion=1&espv=2&ie=UTF-8#q=movement+intensity+devices",
            "type": "search",
            "time": "2016-03-18T14:04:33.648Z",
            "endTime": "2016-03-18T14:05:21.793Z",
            "favIconUrl": "https://www.google.co.uk/images/branding/product/ico/googleg_lodp.ico",
            "image": "1458309873648.png",
            "from": 1458309859567,
            "seen": true
        },
        {
            "id": 1458309922573,
            "text": "movement intensity algorithms",
            "url": "https://www.google.co.uk/webhp?sourceid=chrome-instant&ion=1&espv=2&ie=UTF-8#q=movement+intensity+algorithms",
            "type": "search",
            "time": "2016-03-18T14:05:22.573Z",
            "endTime": "2016-03-18T14:05:35.794Z",
            "favIconUrl": "https://www.google.co.uk/images/branding/product/ico/googleg_lodp.ico",
            "image": "1458309922573.png",
            "from": 1458309859567,
            "seen": true
        },
        {
            "id": 1458309936320,
            "text": "movement algorithms",
            "url": "https://www.google.co.uk/webhp?sourceid=chrome-instant&ion=1&espv=2&ie=UTF-8#q=movement+algorithms",
            "type": "search",
            "time": "2016-03-18T14:05:36.320Z",
            "endTime": "2016-03-18T14:05:46.792Z",
            "favIconUrl": "https://www.google.co.uk/images/branding/product/ico/googleg_lodp.ico",
            "image": "1458309936320.png",
            "from": 1458309859567,
            "seen": true
        },
        {
            "id": 1458309947355,
            "text": "intensity of movement algorithms",
            "url": "https://www.google.co.uk/webhp?sourceid=chrome-instant&ion=1&espv=2&ie=UTF-8#q=intensity+of+movement+algorithms",
            "type": "search",
            "time": "2016-03-18T14:05:47.355Z",
            "endTime": "2016-03-18T14:06:15.790Z",
            "favIconUrl": "https://www.google.co.uk/images/branding/product/ico/googleg_lodp.ico",
            "image": "1458309947355.png",
            "from": 1458309859567,
            "seen": true
        },
        {
            "id": 1458309976391,
            "text": "transate ",
            "url": "https://www.google.co.uk/webhp?sourceid=chrome-instant&ion=1&espv=2&ie=UTF-8#q=transate+",
            "type": "search",
            "time": "2016-03-18T14:06:16.391Z",
            "endTime": "2016-03-18T14:06:22.790Z",
            "favIconUrl": "https://www.google.co.uk/images/branding/product/ico/googleg_lodp.ico",
            "image": "1458309976391.png",
            "from": 1458309859567,
            "seen": true
        },
        {
            "id": 1458309983741,
            "text": "biotrainer ",
            "url": "https://www.google.co.uk/webhp?sourceid=chrome-instant&ion=1&espv=2&ie=UTF-8#q=biotrainer+",
            "type": "revisit",
            "time": "2016-03-18T14:06:23.741Z",
            "endTime": "2016-03-18T14:06:28.790Z",
            "favIconUrl": "https://www.google.co.uk/images/branding/product/ico/googleg_lodp.ico",
            "from": 1458309225902
        },
        {
            "id": 1458309990046,
            "text": "About Us | ActiGraph",
            "url": "http://actigraphcorp.com/company/about-us/",
            "type": "revisit",
            "time": "2016-03-18T14:06:30.046Z",
            "endTime": "2016-03-18T14:08:00.784Z",
            "favIconUrl": "http://actigraphcorp.com/wp-content/themes/ActiGraph/assets/img/favicon_blue_rounded_square.ico",
            "from": 1458309547289
        },
        {
            "id": 1458310101199,
            "text": "Accessories | Product Categories | ActiGraph",
            "url": "http://actigraphcorp.com/product-category/accessories/",
            "type": "revisit",
            "time": "2016-03-18T14:08:21.199Z",
            "endTime": "2016-03-18T14:08:22.087Z",
            "favIconUrl": "http://actigraphcorp.com/wp-content/themes/ActiGraph/assets/img/favicon_blue_rounded_square.ico",
            "from": 1458309690091
        },
        {
            "id": 1458310102534,
            "text": "journals.humankinetics.com/AcuCustom/Sitename/Documents/DocumentItem/03_hikihara_JPAH_20100296_935-943.pdf",
            "url": "http://journals.humankinetics.com/AcuCustom/Sitename/Documents/DocumentItem/03_hikihara_JPAH_20100296_935-943.pdf",
            "type": "revisit",
            "time": "2016-03-18T14:08:22.534Z",
            "endTime": "2016-03-18T14:08:56.779Z"
        },
        {
            "id": 1458309976391,
            "type": "remove-collection-node",
            "time": "2016-03-18T14:08:55.177Z"
        },
        {
            "id": 1458310400305,
            "text": "prior art of measuring movement intensity",
            "url": "https://www.google.co.uk/webhp?sourceid=chrome-instant&ion=1&espv=2&ie=UTF-8#q=prior%20art%20of%20measuring%20movement%20intensity",
            "type": "search",
            "time": "2016-03-18T14:13:20.305Z",
            "endTime": "2016-03-18T14:13:37.762Z",
            "favIconUrl": "https://www.google.co.uk/images/branding/product/ico/googleg_lodp.ico",
            "image": "1458310400305.png",
            "seen": true
        },
        {
            "id": 1458310407001,
            "text": "Patent US4868401 - Method and means for measuring distance of a moving object from a fixed ... - Google Patents",
            "url": "http://www.google.ch/patents/US4868401",
            "type": "link",
            "time": "2016-03-18T14:13:27.001Z",
            "endTime": "2016-03-18T14:17:10.746Z",
            "favIconUrl": "http://www.google.ch/favicon.ico",
            "image": "1458310407001.png",
            "seen": true
        },
        {
            "id": 1458310409176,
            "text": "Patent US5699158 - Apparatus for accurately detecting rectilinear motion of a moving object ... - Google Patents",
            "url": "http://www.google.ch/patents/US5699158",
            "type": "link",
            "time": "2016-03-18T14:13:29.176Z",
            "endTime": "2016-03-18T14:17:16.748Z",
            "favIconUrl": "http://www.google.ch/favicon.ico",
            "image": "1458310409176.png",
            "seen": true
        },
        {
            "id": 1458310419813,
            "text": "Patent US8368381 - Method for measuring the movement of an optical pointing device on a work ... - Google Patents",
            "url": "http://www.google.co.uk/patents/US8368381",
            "type": "link",
            "time": "2016-03-18T14:13:39.813Z",
            "endTime": "2016-03-18T14:42:10.648Z",
            "favIconUrl": "http://www.google.co.uk/favicon.ico",
            "image": "1458310419813.png",
            "seen": true
        },
        {
            "id": 1458310643210,
            "text": "About Us | ActiGraph",
            "url": "http://actigraphcorp.com/company/about-us/",
            "type": "revisit",
            "time": "2016-03-18T14:17:23.210Z",
            "endTime": 1458310643211,
            "favIconUrl": "http://actigraphcorp.com/wp-content/themes/ActiGraph/assets/img/favicon_blue_rounded_square.ico",
            "from": 1458309547289
        },
        {
            "id": 1458310644274,
            "text": "Usefulness of a Tri-Axis Accelerometer for Sleep-Wake Scoring | ActiGraph",
            "url": "http://actigraphcorp.com/research-database/usefulness-of-a-tri-axis-accelerometer-for-sleep-wake-scoring/",
            "type": "revisit",
            "time": "2016-03-18T14:17:24.274Z",
            "endTime": "2016-03-18T14:17:24.438Z",
            "favIconUrl": "http://actigraphcorp.com/wp-content/themes/ActiGraph/assets/img/favicon_blue_rounded_square.ico"
        },
        {
            "id": 1458310645291,
            "text": "Accessories | Product Categories | ActiGraph",
            "url": "http://actigraphcorp.com/product-category/accessories/",
            "type": "revisit",
            "time": "2016-03-18T14:17:25.291Z",
            "endTime": "2016-03-18T14:17:25.463Z",
            "favIconUrl": "http://actigraphcorp.com/wp-content/themes/ActiGraph/assets/img/favicon_blue_rounded_square.ico",
            "from": 1458309690091
        },
        {
            "id": 1458310646943,
            "text": "journals.humankinetics.com/AcuCustom/Sitename/Documents/DocumentItem/03_hikihara_JPAH_20100296_935-943.pdf",
            "url": "http://journals.humankinetics.com/AcuCustom/Sitename/Documents/DocumentItem/03_hikihara_JPAH_20100296_935-943.pdf",
            "type": "revisit",
            "time": "2016-03-18T14:17:26.943Z",
            "endTime": "2016-03-18T14:22:07.728Z"
        },
        {
            "id": 1458310927852,
            "text": "Using Activity Monitors to Measure Physical Activity in Free-Living Conditions | Physical Therapy Journal",
            "url": "http://ptjournal.apta.org/content/86/8/1137",
            "type": "revisit",
            "time": "2016-03-18T14:22:07.852Z",
            "endTime": "2016-03-18T14:22:10.727Z",
            "favIconUrl": "https://d269i4ytkc080m.cloudfront.net/sites/default/files/favicon_0.ico",
            "from": 1458306854178
        },
        {
            "id": 1458310931738,
            "text": "movement intensity measured by accelerometer",
            "url": "https://www.google.co.uk/webhp?sourceid=chrome-instant&ion=1&espv=2&ie=UTF-8#q=movement+intensity+measured+by+accelerometer",
            "type": "revisit",
            "time": "2016-03-18T14:22:11.738Z",
            "endTime": "2016-03-18T14:22:23.726Z",
            "favIconUrl": "https://www.google.co.uk/images/branding/product/ico/googleg_lodp.ico",
            "from": 1458306854178
        },
        {
            "id": 1458310945190,
            "text": "activity monitoring products",
            "url": "https://www.google.co.uk/webhp?sourceid=chrome-instant&ion=1&espv=2&ie=UTF-8#q=activity%20monitoring%20products",
            "type": "search",
            "time": "2016-03-18T14:22:25.190Z",
            "endTime": "2016-03-18T14:23:01.745Z",
            "favIconUrl": "https://www.google.co.uk/images/branding/product/ico/googleg_lodp.ico",
            "image": "1458310945190.png",
            "from": 1458310407001,
            "seen": true
        },
        {
            "id": 1458310952127,
            "text": "Veriato (formerly SpectorSoft) Products | User Behavior Analytics | Employee Monitoring Software",
            "url": "http://www.veriato.com/products",
            "type": "link",
            "time": "2016-03-18T14:22:32.127Z",
            "endTime": "2016-03-18T14:22:53.724Z",
            "favIconUrl": "http://www.veriato.com/favicon.ico",
            "image": "1458310952127.png",
            "from": 1458310945190,
            "seen": true
        },
        {
            "id": 1458310980627,
            "text": "Oracle Business Activity Monitoring | SOA | Oracle",
            "url": "http://www.oracle.com/us/products/middleware/soa/business-activity-monitoring/overview/index.html",
            "type": "link",
            "time": "2016-03-18T14:23:00.627Z",
            "endTime": "2016-03-18T14:23:05.723Z",
            "favIconUrl": "http://www.oracle.com/favicon.ico",
            "image": "1458310980627.png",
            "from": 1458310945190,
            "seen": true
        },
        {
            "id": 1458310990166,
            "text": "IBM Business activity monitoring",
            "url": "http://www-03.ibm.com/software/products/en/category/business-monitoring",
            "type": "link",
            "time": "2016-03-18T14:23:10.166Z",
            "endTime": "2016-03-18T14:33:53.681Z",
            "favIconUrl": "http://www.ibm.com/favicon.ico",
            "image": "1458310990166.png",
            "from": 1458310980627,
            "seen": true
        },
        {
            "id": 1458311634588,
            "text": "Using Activity Monitors to Measure Physical Activity in Free-Living Conditions | Physical Therapy Journal",
            "url": "http://ptjournal.apta.org/content/86/8/1137",
            "type": "revisit",
            "time": "2016-03-18T14:33:54.588Z",
            "endTime": "2016-03-18T14:39:07.659Z",
            "favIconUrl": "https://d269i4ytkc080m.cloudfront.net/sites/default/files/favicon_0.ico",
            "from": 1458306854178
        },
        {
            "type": "collection-zoom-out",
            "time": "2016-03-18T14:34:07.511Z"
        },
        {
            "type": "collection-zoom-out",
            "time": "2016-03-18T14:34:07.708Z"
        },
        {
            "type": "collection-zoom-out",
            "time": "2016-03-18T14:34:08.089Z"
        },
        {
            "type": "collection-zoom-out",
            "time": "2016-03-18T14:34:08.467Z"
        },
        {
            "type": "collection-zoom-out",
            "time": "2016-03-18T14:34:08.939Z"
        },
        {
            "type": "collection-zoom-out",
            "time": "2016-03-18T14:34:09.458Z"
        },
        {
            "type": "collection-zoom-out",
            "time": "2016-03-18T14:34:09.658Z"
        },
        {
            "type": "collection-zoom-out",
            "time": "2016-03-18T14:34:09.852Z"
        },
        {
            "type": "collection-zoom-in",
            "time": "2016-03-18T14:34:14.775Z"
        },
        {
            "type": "collection-zoom-in",
            "time": "2016-03-18T14:34:14.985Z"
        },
        {
            "type": "collection-zoom-in",
            "time": "2016-03-18T14:34:15.205Z"
        },
        {
            "id": 1458307316156,
            "type": "move-node",
            "time": "2016-03-18T14:34:27.442Z",
            "trp": {
                "width": 151,
                "height": 288,
                "x": 10,
                "y": 8
            }
        },
        {
            "id": 1458309423334,
            "type": "move-node",
            "time": "2016-03-18T14:34:29.555Z",
            "trp": {
                "width": 151,
                "height": 127.03125,
                "x": 21,
                "y": 377
            }
        },
        {
            "id": 1458309547289,
            "type": "move-node",
            "time": "2016-03-18T14:34:57.131Z",
            "trp": {
                "width": 151,
                "height": 127.03125,
                "x": 342,
                "y": 49
            }
        },
        {
            "id": 1458307316156,
            "type": "move-node",
            "time": "2016-03-18T14:35:01.560Z",
            "trp": {
                "width": 151,
                "height": 288,
                "x": 56,
                "y": 28
            }
        },
        {
            "id": 1458307316156,
            "type": "move-node",
            "time": "2016-03-18T14:35:03.581Z",
            "trp": {
                "width": 151,
                "height": 288,
                "x": 36,
                "y": 27
            }
        },
        {
            "id": 1458307316156,
            "type": "move-node",
            "time": "2016-03-18T14:35:03.785Z",
            "trp": {
                "width": 151,
                "height": 288,
                "x": 36,
                "y": 27
            }
        },
        {
            "id": 1458308372992,
            "type": "click-node",
            "time": "2016-03-18T14:35:03.786Z"
        },
        {
            "id": 1458307316156,
            "type": "move-node",
            "time": "2016-03-18T14:35:10.521Z",
            "trp": {
                "width": 136,
                "height": 276.14532470703125,
                "x": 36,
                "y": 27
            }
        },
        {
            "id": 1458308777770,
            "type": "click-node",
            "time": "2016-03-18T14:35:10.521Z"
        },
        {
            "type": "add-link",
            "time": "2016-03-18T14:35:17.794Z",
            "sourceId": 1458307316156,
            "targetId": 1458309547289
        },
        {
            "type": "add-link",
            "time": "2016-03-18T14:35:24.347Z",
            "sourceId": 1458309423334,
            "targetId": 1458309547289
        },
        {
            "type": "remove-link",
            "time": "2016-03-18T14:35:25.551Z",
            "sourceId": 1458307316156,
            "targetId": 1458309547289
        },
        {
            "type": "add-link",
            "time": "2016-03-18T14:35:27.721Z",
            "sourceId": 1458307316156,
            "targetId": 1458309423334
        },
        {
            "id": 1458309547289,
            "type": "move-node",
            "time": "2016-03-18T14:35:30.449Z",
            "trp": {
                "width": 136.00001525878906,
                "height": 114.328125,
                "x": 219,
                "y": 270
            }
        },
        {
            "id": 1458309423334,
            "type": "move-node",
            "time": "2016-03-18T14:35:33.317Z",
            "trp": {
                "width": 136,
                "height": 114.32809448242188,
                "x": 34,
                "y": 344
            }
        },
        {
            "id": 1458311949421,
            "text": "placement of accelometers",
            "url": "https://www.google.co.uk/webhp?sourceid=chrome-instant&ion=1&espv=2&ie=UTF-8#q=placement%20of%20accelometers",
            "type": "search",
            "time": "2016-03-18T14:39:09.421Z",
            "endTime": "2016-03-18T14:39:16.667Z",
            "favIconUrl": "https://www.google.co.uk/images/branding/product/ico/googleg_lodp.ico",
            "image": "1458311949421.png",
            "from": 1458307316156,
            "seen": true
        },
        {
            "id": 1458311958688,
            "text": "placement of accelerometers",
            "url": "https://www.google.co.uk/search?q=placement+of+accelerometers&espv=2&biw=1054&bih=710&source=lnms&tbm=isch&sa=X&ved=0ahUKEwiE49esu8rLAhWDWhoKHWbRAesQ_AUIBigB",
            "type": "search",
            "time": "2016-03-18T14:39:18.688Z",
            "endTime": "2016-03-18T14:39:19.973Z",
            "favIconUrl": "https://www.google.co.uk/images/branding/product/ico/googleg_lodp.ico",
            "image": "1458311958688.png",
            "from": 1458311949421,
            "seen": true
        },
        {
            "id": 1458311961356,
            "text": "placement of accelerometers",
            "url": "https://www.google.co.uk/search?q=placement+of+accelerometers&espv=2&biw=1054&bih=710&source=lnms&tbm=isch&sa=X&ved=0ahUKEwiE49esu8rLAhWDWhoKHWbRAesQ_AUIBigB#imgrc=4ytu1j8h6SFa_M%3A",
            "type": "search",
            "time": "2016-03-18T14:39:21.356Z",
            "endTime": "2016-03-18T14:39:21.581Z",
            "favIconUrl": "https://www.google.co.uk/images/branding/product/ico/googleg_lodp.ico",
            "from": 1458311958688,
            "seen": true
        },
        {
            "id": 1458311964225,
            "text": "Sensors | Free Full-Text | Optimal Placement of Accelerometers for the Detection of Everyday Activities",
            "url": "http://www.mdpi.com/1424-8220/13/7/9183",
            "type": "link",
            "time": "2016-03-18T14:39:24.225Z",
            "endTime": "2016-03-18T14:41:20.652Z",
            "favIconUrl": "http://img.mdpi.org/favicon.ico?2cc1a03f42824a2d",
            "image": "1458311964225.png",
            "from": 1458311961356,
            "seen": true
        },
        {
            "type": "collection-zoom-out",
            "time": "2016-03-18T14:40:48.373Z"
        },
        {
            "type": "collection-zoom-out",
            "time": "2016-03-18T14:40:59.451Z"
        },
        {
            "type": "collection-zoom-out",
            "time": "2016-03-18T14:41:00.101Z"
        },
        {
            "type": "collection-zoom-out",
            "time": "2016-03-18T14:41:00.527Z"
        },
        {
            "id": 1458310990166,
            "type": "click-node",
            "time": "2016-03-18T14:41:21.453Z"
        },
        {
            "id": 1458312081575,
            "text": "IBM Business activity monitoring",
            "url": "http://www-03.ibm.com/software/products/en/category/business-monitoring",
            "type": "revisit",
            "time": "2016-03-18T14:41:21.575Z",
            "endTime": "2016-03-18T14:41:25.650Z",
            "favIconUrl": "http://www.ibm.com/favicon.ico",
            "from": 1458310980627
        },
        {
            "id": 1458310419813,
            "type": "click-node",
            "time": "2016-03-18T14:41:26.142Z"
        },
        {
            "id": 1458310419813,
            "type": "remove-collection-node",
            "time": "2016-03-18T14:41:35.065Z"
        },
        {
            "id": 1458312131082,
            "text": "journals.humankinetics.com/AcuCustom/Sitename/Documents/DocumentItem/03_hikihara_JPAH_20100296_935-943.pdf",
            "url": "http://journals.humankinetics.com/AcuCustom/Sitename/Documents/DocumentItem/03_hikihara_JPAH_20100296_935-943.pdf",
            "type": "revisit",
            "time": "2016-03-18T14:42:11.082Z",
            "endTime": "2016-03-18T14:42:14.646Z"
        },
        {
            "id": 1458312134726,
            "text": "Sensors | Free Full-Text | Optimal Placement of Accelerometers for the Detection of Everyday Activities",
            "url": "http://www.mdpi.com/1424-8220/13/7/9183",
            "type": "revisit",
            "time": "2016-03-18T14:42:14.726Z",
            "endTime": "2016-03-18T14:43:12.663Z",
            "favIconUrl": "http://img.mdpi.org/favicon.ico?2cc1a03f42824a2d",
            "from": 1458311964225
        },
        {
            "id": 1458312188076,
            "text": "accelometer",
            "url": "https://www.google.co.uk/webhp?sourceid=chrome-instant&ion=1&espv=2&ie=UTF-8#q=accelometer",
            "type": "search",
            "time": "2016-03-18T14:43:08.076Z",
            "endTime": "2016-03-18T14:43:11.644Z",
            "favIconUrl": "https://www.google.co.uk/images/branding/product/ico/googleg_lodp.ico",
            "image": "1458312188076.png",
            "seen": true
        },
        {
            "id": 1458312192663,
            "text": "Sensors | Free Full-Text | Optimal Placement of Accelerometers for the Detection of Everyday Activities",
            "url": "http://www.mdpi.com/1424-8220/13/7/9183",
            "type": "revisit",
            "time": "2016-03-18T14:43:12.663Z",
            "endTime": "2016-03-18T14:44:49.637Z",
            "favIconUrl": "http://img.mdpi.org/favicon.ico?2cc1a03f42824a2d",
            "from": 1458311964225
        },
        {
            "type": "collection-zoom-in",
            "time": "2016-03-18T14:43:31.580Z"
        },
        {
            "type": "collection-zoom-in",
            "time": "2016-03-18T14:43:32.319Z"
        },
        {
            "type": "collection-zoom-out",
            "time": "2016-03-18T14:44:20.445Z"
        },
        {
            "id": 1458312291403,
            "text": "Sensors | Free Full-Text | Optimal Placement of Accelerometers for the Detection of Everyday Activities | HTML",
            "url": "http://www.mdpi.com/1424-8220/13/7/9183/htm",
            "type": "link",
            "time": "2016-03-18T14:44:51.403Z",
            "endTime": "2016-03-18T14:52:26.607Z",
            "favIconUrl": "http://img.mdpi.org/favicon.ico?2cc1a03f42824a2d",
            "image": "1458312291403.png",
            "from": 1458311964225,
            "seen": true
        },
        {
            "id": 1458312315565,
            "text": "Optimal Placement of Accelerometers for the Detection of Everyday Activities",
            "url": "http://www.mdpi.com/1424-8220/13/7/9183/htm",
            "type": "highlight",
            "time": "2016-03-18T14:45:15.565Z",
            "classId": "sm-1458312315563",
            "path": "/HTML[1]/BODY[1]/DIV[7]/DIV[1]/DIV[1]/DIV[1]/DIV[3]/DIV[3]/ARTICLE[1]/DIV[1]/DIV[3]/text()[1]|0|/HTML[1]/BODY[1]/DIV[7]/DIV[1]/DIV[1]/DIV[1]/DIV[3]/DIV[3]/ARTICLE[1]/DIV[1]/DIV[3]/text()[1]|76",
            "from": 1458312291403
        },
        {
            "id": 1458312461859,
            "text": " This article describes an investigation to determine the optimal placement of accelerometers for the purpose of detecting a range of everyday activities.",
            "url": "http://www.mdpi.com/1424-8220/13/7/9183/htm",
            "type": "highlight",
            "time": "2016-03-18T14:47:41.859Z",
            "classId": "sm-1458312461857",
            "path": "/HTML[1]/BODY[1]/DIV[7]/DIV[1]/DIV[1]/DIV[1]/DIV[3]/DIV[3]/ARTICLE[1]/DIV[1]/SECTION[1]/text()[2]|0|/HTML[1]/BODY[1]/DIV[7]/DIV[1]/DIV[1]/DIV[1]/DIV[3]/DIV[3]/ARTICLE[1]/DIV[1]/SECTION[1]/text()[2]|160",
            "from": 1458312291403
        },
        {
            "id": 1458312291403,
            "type": "save-image",
            "value": "http://www.mdpi.com/sensors/sensors-13-09183/article_deploy/html/images/sensors-13-09183f1-1024.png"
        },
        {
            "id": 1458312498515,
            "text": "3. Methods\nThe following section describes the protocol for the collection of accelerometer data for the investigated activities. Following this, details of the features extracted from the raw data and the models used to carry out the activity recognition are described.",
            "url": "http://www.mdpi.com/1424-8220/13/7/9183/htm",
            "type": "highlight",
            "time": "2016-03-18T14:48:18.515Z",
            "classId": "sm-1458312498504",
            "path": "/HTML[1]/BODY[1]/DIV[7]/DIV[1]/DIV[1]/DIV[1]/DIV[3]/DIV[3]/ARTICLE[1]/DIV[2]/SECTION[3]/H2[1]/text()[1]|1|/HTML[1]/BODY[1]/DIV[7]/DIV[1]/DIV[1]/DIV[1]/DIV[3]/DIV[3]/ARTICLE[1]/DIV[2]/SECTION[3]/P[1]/text()[1]|259",
            "from": 1458312291403
        },
        {
            "id": 1458312746706,
            "text": "journals.humankinetics.com/AcuCustom/Sitename/Documents/DocumentItem/03_hikihara_JPAH_20100296_935-943.pdf",
            "url": "http://journals.humankinetics.com/AcuCustom/Sitename/Documents/DocumentItem/03_hikihara_JPAH_20100296_935-943.pdf",
            "type": "revisit",
            "time": "2016-03-18T14:52:26.706Z",
            "endTime": "2016-03-18T14:52:37.606Z"
        },
        {
            "id": 1458312758114,
            "text": "Oracle Business Activity Monitoring | SOA | Oracle",
            "url": "http://www.oracle.com/us/products/middleware/soa/business-activity-monitoring/overview/index.html",
            "type": "revisit",
            "time": "2016-03-18T14:52:38.114Z",
            "endTime": "2016-03-18T14:52:47.646Z",
            "favIconUrl": "http://www.oracle.com/favicon.ico",
            "from": 1458310945190
        },
        {
            "id": 1458312766338,
            "text": "activity monitoring products",
            "url": "https://www.google.co.uk/webhp?sourceid=chrome-instant&ion=1&espv=2&ie=UTF-8#q=activity%20monitoring%20products",
            "type": "revisit",
            "time": "2016-03-18T14:52:46.338Z",
            "endTime": "2016-03-18T15:08:02.501Z",
            "favIconUrl": "https://www.google.co.uk/images/branding/product/ico/googleg_lodp.ico",
            "from": 1458310952127
        },
        {
            "id": 1458312767769,
            "text": "Oracle Business Activity Monitoring | SOA | Oracle",
            "url": "http://www.oracle.com/us/products/middleware/soa/business-activity-monitoring/overview/index.html",
            "type": "revisit",
            "time": "2016-03-18T14:52:47.769Z",
            "endTime": "2016-03-18T14:52:50.605Z",
            "favIconUrl": "http://www.oracle.com/favicon.ico",
            "from": 1458310945190
        },
        {
            "id": 1458312770891,
            "text": "accelometer",
            "url": "https://www.google.co.uk/webhp?sourceid=chrome-instant&ion=1&espv=2&ie=UTF-8#q=accelometer",
            "type": "revisit",
            "time": "2016-03-18T14:52:50.891Z",
            "endTime": "2016-03-18T14:52:58.605Z",
            "favIconUrl": "https://www.google.co.uk/images/branding/product/ico/googleg_lodp.ico"
        },
        {
            "id": 1458312788176,
            "text": "Patent US8368381 - Method for measuring the movement of an optical pointing device on a work ... - Google Patents",
            "url": "http://www.google.co.uk/patents/US8368381",
            "type": "revisit",
            "time": "2016-03-18T14:53:08.176Z",
            "endTime": "2016-03-18T14:53:48.601Z",
            "favIconUrl": "http://www.google.co.uk/favicon.ico",
            "from": 1458311964225
        },
        {
            "id": 1458312829465,
            "text": "journals.humankinetics.com/AcuCustom/Sitename/Documents/DocumentItem/03_hikihara_JPAH_20100296_935-943.pdf",
            "url": "http://journals.humankinetics.com/AcuCustom/Sitename/Documents/DocumentItem/03_hikihara_JPAH_20100296_935-943.pdf",
            "type": "revisit",
            "time": "2016-03-18T14:53:49.465Z",
            "endTime": "2016-03-18T14:55:53.593Z"
        },
        {
            "id": 1458312953775,
            "text": "Patent US8368381 - Method for measuring the movement of an optical pointing device on a work ... - Google Patents",
            "url": "http://www.google.co.uk/patents/US8368381",
            "type": "revisit",
            "time": "2016-03-18T14:55:53.775Z",
            "endTime": "2016-03-18T15:03:28.632Z",
            "favIconUrl": "http://www.google.co.uk/favicon.ico",
            "from": 1458311964225
        },
        {
            "id": 1458312999007,
            "text": "accelometer",
            "url": "https://www.google.co.uk/webhp?sourceid=chrome-instant&ion=1&espv=2&ie=UTF-8#q=accelometer",
            "type": "revisit",
            "time": "2016-03-18T14:56:39.007Z",
            "endTime": "2016-03-18T14:56:57.449Z",
            "favIconUrl": "https://www.google.co.uk/images/branding/product/ico/googleg_lodp.ico"
        },
        {
            "id": 1458313012672,
            "text": "facebook",
            "url": "https://www.google.co.uk/webhp?sourceid=chrome-instant&ion=1&espv=2&ie=UTF-8#q=facebook",
            "type": "search",
            "time": "2016-03-18T14:56:52.672Z",
            "endTime": "2016-03-18T14:56:53.588Z",
            "favIconUrl": "https://www.google.co.uk/images/branding/product/ico/googleg_lodp.ico",
            "image": "1458313012672.png",
            "from": 1458312188076,
            "seen": true
        },
        {
            "id": 1458313014976,
            "text": "Facebook - Log In or Sign Up",
            "url": "https://en-gb.facebook.com/",
            "type": "link",
            "time": "2016-03-18T14:56:54.976Z",
            "endTime": "2016-03-18T14:56:55.737Z",
            "favIconUrl": "https://static.xx.fbcdn.net/rsrc.php/yl/r/H3nktOa7ZMg.ico",
            "image": "1458313014976.png",
            "seen": true
        },
        {
            "id": 1458313017787,
            "text": "accelometer",
            "url": "https://www.google.co.uk/webhp?sourceid=chrome-instant&ion=1&espv=2&ie=UTF-8#q=accelometer",
            "type": "revisit",
            "time": "2016-03-18T14:56:57.787Z",
            "endTime": "2016-03-18T15:01:43.569Z",
            "favIconUrl": "https://www.google.co.uk/images/branding/product/ico/googleg_lodp.ico"
        },
        {
            "type": "collection-zoom-out",
            "time": "2016-03-18T14:57:05.104Z"
        },
        {
            "type": "collection-zoom-out",
            "time": "2016-03-18T14:57:05.778Z"
        },
        {
            "id": 1458313014976,
            "type": "remove-collection-node",
            "time": "2016-03-18T14:57:18.957Z"
        },
        {
            "type": "collection-zoom-in",
            "time": "2016-03-18T14:58:00.017Z"
        },
        {
            "id": 1458312291403,
            "type": "curate-node",
            "time": "2016-03-18T14:58:06.289Z",
            "trp": {
                "width": 136,
                "height": 184.5,
                "x": 0,
                "y": 478.3280944824219
            }
        },
        {
            "id": 1458312291403,
            "type": "move-node",
            "time": "2016-03-18T14:58:12.061Z",
            "trp": {
                "width": 136,
                "height": 184.5,
                "x": 224,
                "y": 30.328094482421875
            }
        },
        {
            "id": 1458312291403,
            "type": "move-node",
            "time": "2016-03-18T14:58:15.256Z",
            "trp": {
                "width": 136,
                "height": 184.5,
                "x": 224,
                "y": 30.328094482421875
            }
        },
        {
            "id": 1458313012672,
            "type": "remove-collection-node",
            "time": "2016-03-18T15:00:44.233Z"
        },
        {
            "id": 1458310980627,
            "type": "curate-node",
            "time": "2016-03-18T15:01:11.450Z",
            "trp": {
                "width": 136,
                "height": 114.328125,
                "x": 0,
                "y": 478.3280944824219
            }
        },
        {
            "id": 1458310980627,
            "type": "move-node",
            "time": "2016-03-18T15:01:13.991Z",
            "trp": {
                "width": 136,
                "height": 114.32809448242188,
                "x": 28,
                "y": 516.3280944824219
            }
        },
        {
            "id": 1458310990166,
            "type": "curate-node",
            "time": "2016-03-18T15:01:22.410Z",
            "trp": {
                "width": 136,
                "height": 114.328125,
                "x": 0,
                "y": 650.6561889648438
            }
        },
        {
            "id": 1458310990166,
            "type": "move-node",
            "time": "2016-03-18T15:01:30.290Z",
            "trp": {
                "width": 136,
                "height": 114.328125,
                "x": 128,
                "y": 543.6561889648438
            }
        },
        {
            "id": 1458312291403,
            "type": "move-node",
            "time": "2016-03-18T15:01:43.781Z",
            "trp": {
                "width": 136.00001525878906,
                "height": 184.5,
                "x": 225,
                "y": 8.328094482421875
            }
        },
        {
            "id": 1458312291403,
            "type": "move-node",
            "time": "2016-03-18T15:01:44.047Z",
            "trp": {
                "width": 136,
                "height": 184.5,
                "x": 225,
                "y": 8.328094482421875
            }
        },
        {
            "id": 1458312291403,
            "type": "click-node",
            "time": "2016-03-18T15:01:44.049Z"
        },
        {
            "id": 1458313304176,
            "text": "Sensors | Free Full-Text | Optimal Placement of Accelerometers for the Detection of Everyday Activities | HTML",
            "url": "http://www.mdpi.com/1424-8220/13/7/9183/htm",
            "type": "revisit",
            "time": "2016-03-18T15:01:44.176Z",
            "endTime": "2016-03-18T15:03:31.133Z",
            "favIconUrl": "http://img.mdpi.org/favicon.ico?2cc1a03f42824a2d",
            "from": 1458311964225
        },
        {
            "id": 1458312291403,
            "type": "move-node",
            "time": "2016-03-18T15:01:54.382Z",
            "trp": {
                "width": 136,
                "height": 184.5,
                "x": 225,
                "y": 8.328094482421875
            }
        },
        {
            "id": 1458312291403,
            "type": "move-node",
            "time": "2016-03-18T15:02:06.554Z",
            "trp": {
                "width": 136,
                "height": 184.5,
                "x": 225,
                "y": 8.328094482421875
            }
        },
        {
            "id": 1458312291403,
            "type": "move-node",
            "time": "2016-03-18T15:02:08.986Z",
            "trp": {
                "width": 136,
                "height": 184.5,
                "x": 211,
                "y": 22.328094482421875
            }
        },
        {
            "type": "collection-zoom-in",
            "time": "2016-03-18T15:02:44.908Z"
        },
        {
            "id": 1458312291403,
            "type": "click-node",
            "time": "2016-03-18T15:03:22.022Z"
        },
        {
            "id": 1458313406699,
            "text": "journals.humankinetics.com/AcuCustom/Sitename/Documents/DocumentItem/03_hikihara_JPAH_20100296_935-943.pdf",
            "url": "http://journals.humankinetics.com/AcuCustom/Sitename/Documents/DocumentItem/03_hikihara_JPAH_20100296_935-943.pdf",
            "type": "revisit",
            "time": "2016-03-18T15:03:26.699Z",
            "endTime": 1458313406700
        },
        {
            "id": 1458313408994,
            "text": "accelometer",
            "url": "https://www.google.co.uk/webhp?sourceid=chrome-instant&ion=1&espv=2&ie=UTF-8#q=accelometer",
            "type": "revisit",
            "time": "2016-03-18T15:03:28.994Z",
            "endTime": 1458313408995,
            "favIconUrl": "https://www.google.co.uk/images/branding/product/ico/googleg_lodp.ico"
        },
        {
            "id": 1458313409430,
            "text": "accelometer",
            "url": "https://www.google.co.uk/webhp?sourceid=chrome-instant&ion=1&espv=2&ie=UTF-8#q=accelometer",
            "type": "revisit",
            "time": "2016-03-18T15:03:29.430Z",
            "endTime": 1458313409431,
            "favIconUrl": "https://www.google.co.uk/images/branding/product/ico/googleg_lodp.ico"
        },
        {
            "id": 1458313412253,
            "text": "placement of accelerometers",
            "url": "https://www.google.co.uk/search?q=placement+of+accelerometers&espv=2&biw=1054&bih=710&source=lnms&tbm=isch&sa=X&ved=0ahUKEwiE49esu8rLAhWDWhoKHWbRAesQ_AUIBigB#imgrc=4ytu1j8h6SFa_M%3A",
            "type": "revisit",
            "time": "2016-03-18T15:03:32.253Z",
            "endTime": 1458313412254,
            "favIconUrl": "https://www.google.co.uk/images/branding/product/ico/googleg_lodp.ico",
            "from": 1458311958688
        },
        {
            "id": 1458313413050,
            "text": "placement of accelerometers",
            "url": "https://www.google.co.uk/search?q=placement+of+accelerometers&espv=2&biw=1054&bih=710&source=lnms&tbm=isch&sa=X&ved=0ahUKEwiE49esu8rLAhWDWhoKHWbRAesQ_AUIBigB#imgrc=4ytu1j8h6SFa_M%3A",
            "type": "revisit",
            "time": "2016-03-18T15:03:33.050Z",
            "endTime": "2016-03-18T15:03:33.784Z",
            "favIconUrl": "https://www.google.co.uk/images/branding/product/ico/googleg_lodp.ico",
            "from": 1458311958688
        },
        {
            "id": 1458313416214,
            "text": "placement of accelerometers",
            "url": "https://www.google.co.uk/search?q=placement+of+accelerometers&espv=2&biw=1127&bih=710&source=lnms&sa=X&ved=0ahUKEwjZstSwu8rLAhVJbBoKHZLHAj8Q_AUIBigA&dpr=2",
            "type": "search",
            "time": "2016-03-18T15:03:36.214Z",
            "endTime": "2016-03-18T15:05:40.553Z",
            "favIconUrl": "https://www.google.co.uk/images/branding/product/ico/googleg_lodp.ico",
            "image": "1458313416214.png",
            "from": 1458311961356,
            "seen": true
        },
        {
            "id": 1458313541168,
            "text": "Sensors | Free Full-Text | Optimal Placement of Accelerometers for the Detection of Everyday Activities | HTML",
            "url": "http://www.mdpi.com/1424-8220/13/7/9183/htm",
            "type": "revisit",
            "time": "2016-03-18T15:05:41.168Z",
            "endTime": "2016-03-18T15:05:50.552Z",
            "favIconUrl": "http://img.mdpi.org/favicon.ico?2cc1a03f42824a2d",
            "from": 1458311964225
        },
        {
            "id": 1458313551127,
            "text": "IBM Business activity monitoring",
            "url": "http://www-03.ibm.com/software/products/en/category/business-monitoring",
            "type": "revisit",
            "time": "2016-03-18T15:05:51.127Z",
            "endTime": "2016-03-18T15:05:58.551Z",
            "favIconUrl": "http://www.ibm.com/favicon.ico",
            "from": 1458310980627
        },
        {
            "id": 1458313559436,
            "text": "Sensors | Free Full-Text | Optimal Placement of Accelerometers for the Detection of Everyday Activities | HTML",
            "url": "http://www.mdpi.com/1424-8220/13/7/9183/htm",
            "type": "revisit",
            "time": "2016-03-18T15:05:59.436Z",
            "endTime": 1458313559437,
            "favIconUrl": "http://img.mdpi.org/favicon.ico?2cc1a03f42824a2d",
            "from": 1458311964225
        },
        {
            "id": 1458313561512,
            "text": "Oracle Business Activity Monitoring | SOA | Oracle",
            "url": "http://www.oracle.com/us/products/middleware/soa/business-activity-monitoring/overview/index.html",
            "type": "revisit",
            "time": "2016-03-18T15:06:01.512Z",
            "endTime": "2016-03-18T15:06:03.831Z",
            "favIconUrl": "http://www.oracle.com/favicon.ico",
            "from": 1458310945190
        },
        {
            "id": 1458313564683,
            "text": "Sensors | Free Full-Text | Optimal Placement of Accelerometers for the Detection of Everyday Activities | HTML",
            "url": "http://www.mdpi.com/1424-8220/13/7/9183/htm",
            "type": "revisit",
            "time": "2016-03-18T15:06:04.683Z",
            "endTime": "2016-03-18T15:06:06.289Z",
            "favIconUrl": "http://img.mdpi.org/favicon.ico?2cc1a03f42824a2d",
            "from": 1458311964225
        },
        {
            "id": 1458313575531,
            "text": "activity monitoring devices",
            "url": "https://www.google.co.uk/webhp?sourceid=chrome-instant&ion=1&espv=2&ie=UTF-8#q=activity%20monitoring%20devices",
            "type": "search",
            "time": "2016-03-18T15:06:15.531Z",
            "endTime": "2016-03-18T15:06:17.932Z",
            "favIconUrl": "https://www.google.co.uk/images/branding/product/ico/googleg_lodp.ico",
            "image": "1458313575531.png",
            "seen": true
        },
        {
            "id": 1458313582471,
            "text": "20 best Activity Trackers 2016 UK: Best fitness bands - Test Centre - PC Advisor",
            "url": "http://www.pcadvisor.co.uk/test-centre/wearable-tech/best-activity-trackers-2016-uk-summary-3498368/",
            "type": "link",
            "time": "2016-03-18T15:06:22.471Z",
            "endTime": "2016-03-18T15:07:57.543Z",
            "favIconUrl": "http://cdn3.pcadvisor.co.uk/graphics/favicon.ico?a",
            "from": 1458313575531,
            "seen": true
        },
        {
            "id": 1458313582471,
            "type": "curate-node",
            "time": "2016-03-18T15:06:28.261Z",
            "trp": {
                "width": 136,
                "height": 23.399999618530273,
                "x": 0,
                "y": 677.9843139648438
            }
        },
        {
            "id": 1458310990166,
            "type": "move-node",
            "time": "2016-03-18T15:06:29.899Z",
            "trp": {
                "width": 136,
                "height": 114.328125,
                "x": 128,
                "y": 543.6561889648438
            }
        },
        {
            "id": 1458310990166,
            "type": "remove-curation-node",
            "time": "2016-03-18T15:06:29.931Z"
        },
        {
            "id": 1458310980627,
            "type": "move-node",
            "time": "2016-03-18T15:06:31.040Z",
            "trp": {
                "width": 136,
                "height": 114.32809448242188,
                "x": 28,
                "y": 516.3280944824219
            }
        },
        {
            "id": 1458310980627,
            "type": "remove-curation-node",
            "time": "2016-03-18T15:06:31.071Z"
        },
        {
            "id": 1458313582471,
            "type": "move-node",
            "time": "2016-03-18T15:07:19.617Z",
            "trp": {
                "width": 136,
                "height": 23.39996337890625,
                "x": 116,
                "y": 539.9843139648438
            }
        },
        {
            "id": 1458313582471,
            "type": "move-node",
            "time": "2016-03-18T15:07:20.723Z",
            "trp": {
                "width": 136,
                "height": 99.33746337890625,
                "x": 404,
                "y": 14.98431396484375
            }
        },
        {
            "id": 1458313582471,
            "type": "click-node",
            "time": "2016-03-18T15:07:20.725Z"
        },
        {
            "id": 1458313582471,
            "type": "save-image",
            "value": "http://cdn1.pcadvisor.co.uk/cmsdata/reviews/3625290/tomtom_multi-sport_cardio_2_800_thumb800.jpg"
        },
        {
            "id": 1458313582471,
            "type": "move-node",
            "time": "2016-03-18T15:07:52.356Z",
            "trp": {
                "width": 136,
                "height": 99.33749389648438,
                "x": 32,
                "y": 494.98431396484375
            }
        },
        {
            "id": 1458312291403,
            "type": "move-node",
            "time": "2016-03-18T15:07:57.990Z",
            "trp": {
                "width": 136,
                "height": 184.5,
                "x": 211,
                "y": 22.328094482421875
            }
        },
        {
            "id": 1458312291403,
            "type": "move-node",
            "time": "2016-03-18T15:07:58.328Z",
            "trp": {
                "width": 136,
                "height": 184.49998474121094,
                "x": 211,
                "y": 22.328094482421875
            }
        },
        {
            "id": 1458312291403,
            "type": "click-node",
            "time": "2016-03-18T15:07:58.329Z"
        },
        {
            "id": 1458313678444,
            "text": "Sensors | Free Full-Text | Optimal Placement of Accelerometers for the Detection of Everyday Activities | HTML",
            "url": "http://www.mdpi.com/1424-8220/13/7/9183/htm",
            "type": "revisit",
            "time": "2016-03-18T15:07:58.444Z",
            "endTime": "2016-03-18T15:08:01.847Z",
            "favIconUrl": "http://img.mdpi.org/favicon.ico?2cc1a03f42824a2d",
            "from": 1458311964225
        },
        {
            "id": 1458313679903,
            "text": "20 best Activity Trackers 2016 UK: Best fitness bands - Test Centre - PC Advisor",
            "url": "http://www.pcadvisor.co.uk/test-centre/wearable-tech/best-activity-trackers-2016-uk-summary-3498368/",
            "type": "revisit",
            "time": "2016-03-18T15:07:59.903Z",
            "endTime": 1458313679904,
            "favIconUrl": "http://cdn3.pcadvisor.co.uk/graphics/favicon.ico?a",
            "from": 1458313575531
        },
        {
            "id": 1458313682189,
            "text": "Sensors | Free Full-Text | Optimal Placement of Accelerometers for the Detection of Everyday Activities | HTML",
            "url": "http://www.mdpi.com/1424-8220/13/7/9183/htm",
            "type": "revisit",
            "time": "2016-03-18T15:08:02.189Z",
            "endTime": 1458313682190,
            "favIconUrl": "http://img.mdpi.org/favicon.ico?2cc1a03f42824a2d",
            "from": 1458311964225
        },
        {
            "id": 1458313683142,
            "text": "activity monitoring products",
            "url": "https://www.google.co.uk/webhp?sourceid=chrome-instant&ion=1&espv=2&ie=UTF-8#q=activity%20monitoring%20products",
            "type": "revisit",
            "time": "2016-03-18T15:08:03.142Z",
            "endTime": "2016-03-18T15:11:14.530Z",
            "favIconUrl": "https://www.google.co.uk/images/branding/product/ico/googleg_lodp.ico",
            "from": 1458310952127
        },
        {
            "id": 1458313908808,
            "text": "API",
            "url": "https://www.google.co.uk/webhp?sourceid=chrome-instant&ion=1&espv=2&ie=UTF-8#q=API",
            "type": "search",
            "time": "2016-03-18T15:11:48.808Z",
            "endTime": "2016-03-18T15:24:01.479Z",
            "favIconUrl": "https://www.google.co.uk/images/branding/product/ico/googleg_lodp.ico",
            "image": "1458313908808.png",
            "seen": true
        },
        {
            "id": 1458313582471,
            "type": "move-node",
            "time": "2016-03-18T15:12:53.553Z",
            "trp": {
                "width": 136,
                "height": 99.33749389648438,
                "x": 387,
                "y": 23.98431396484375
            }
        },
        {
            "id": 1458313582471,
            "type": "move-node",
            "time": "2016-03-18T15:21:16.535Z",
            "trp": {
                "width": 136,
                "height": 99.33749389648438,
                "x": 32,
                "y": 494.98431396484375
            }
        }
    ]
}