{
    "data": [
        {
            "id": 1458301358331,
            "text": "Being | Activity, Heart Rate, Stress & Fitness Watch | Zensorium",
            "url": "https://www.zensorium.com/being",
            "type": "link",
            "time": "2016-03-18T11:42:38.331Z",
            "endTime": "2016-03-18T11:51:02.926Z",
            "favIconUrl": "https://www.zensorium.com/skin/frontend/base/default/favicon.ico",
            "seen": true
        },
        {
            "id": 1458301372020,
            "text": "stress wearables",
            "url": "https://www.google.co.uk/webhp?sourceid=chrome-instant&ion=1&espv=2&ie=UTF-8#q=stress%20wearables",
            "type": "search",
            "time": "2016-03-18T11:42:52.020Z",
            "endTime": "2016-03-18T11:44:38.015Z",
            "favIconUrl": "https://www.google.co.uk/images/branding/product/ico/googleg_lodp.ico",
            "image": "1458301372020.png",
            "seen": true
        },
        {
            "id": 1458301382261,
            "text": "What Can Stress Monitors Measure? - Wearable Tech: 3 Things You Can Learn from a Stress Monitor - Men's Fitness",
            "url": "http://www.mensfitness.com/life/entertainment/wearable-tech-3-things-you-can-learn-stress-monitor",
            "type": "link",
            "time": "2016-03-18T11:43:02.261Z",
            "endTime": "2016-03-18T11:43:42.208Z",
            "favIconUrl": "http://cdn-mf1.heartyhosting.com/sites/mensfitness.com/themes/mensfitness/favicon.ico",
            "image": "1458301382261.png",
            "from": 1458301372020,
            "seen": true
        },
        {
            "id": 1458301445006,
            "text": "This Sona wearable puts stress top of the health hit-list - SlashGear",
            "url": "http://www.slashgear.com/this-sona-wearable-puts-stress-top-of-the-health-hit-list-17414841/",
            "type": "link",
            "time": "2016-03-18T11:44:05.006Z",
            "endTime": 1458301445007,
            "favIconUrl": "http://www.slashgear.com/favicon.ico",
            "from": 1458301372020,
            "seen": false
        },
        {
            "id": 1458301450663,
            "text": "stress wearables",
            "url": "https://www.google.co.uk/search?q=stress+wearables&espv=2&biw=711&bih=736&site=webhp&source=lnms&tbm=isch&sa=X&ved=0ahUKEwjW2OualMrLAhWHYQ4KHRaxDlkQ_AUICCgD&dpr=0.9",
            "type": "search",
            "time": "2016-03-18T11:44:10.663Z",
            "endTime": "2016-03-18T11:45:54.390Z",
            "favIconUrl": "https://www.google.co.uk/images/branding/product/ico/googleg_lodp.ico",
            "image": "1458301450663.png",
            "from": 1458301372020,
            "seen": true
        },
        {
            "id": 1458301457521,
            "text": "Google Image Result for http://www.iphoneness.com/wp-content/uploads/2014/10/02/olive.png",
            "url": "https://www.google.co.uk/imgres?imgurl=http%3A%2F%2Fwww.iphoneness.com%2Fwp-content%2Fuploads%2F2014%2F10%2F02%2Folive.png&imgrefurl=http%3A%2F%2Fwww.iphoneness.com%2Fcool-finds%2Folive-wearable%2F&docid=bMYYobjuJivroM&tbnid=UvAA65RW-V8-EM%3A&w=562&h=329&ei=B-rrVtWEMsX8PIKrtLgK",
            "type": "link",
            "time": "2016-03-18T11:44:17.521Z",
            "endTime": "2016-03-18T11:46:17.299Z",
            "favIconUrl": "https://www.google.co.uk/favicon.ico",
            "image": "1458301457521.png",
            "from": 1458301450663,
            "seen": true
        },
        {
            "id": 1458301462492,
            "text": "What Can Stress Monitors Measure? - Wearable Tech: 3 Things You Can Learn from a Stress Monitor - Men's Fitness",
            "url": "http://www.mensfitness.com/life/entertainment/wearable-tech-3-things-you-can-learn-stress-monitor",
            "type": "revisit",
            "time": "2016-03-18T11:44:22.492Z",
            "endTime": "2016-03-18T11:44:24.098Z",
            "favIconUrl": "http://cdn-mf1.heartyhosting.com/sites/mensfitness.com/themes/mensfitness/favicon.ico",
            "from": 1458301372020
        },
        {
            "id": 1458301485030,
            "text": "stress wearables",
            "url": "https://www.google.co.uk/webhp?sourceid=chrome-instant&ion=1&espv=2&ie=UTF-8#q=stress%20wearables",
            "type": "revisit",
            "time": "2016-03-18T11:44:45.030Z",
            "endTime": "2016-03-18T11:52:04.977Z",
            "favIconUrl": "https://www.google.co.uk/images/branding/product/ico/googleg_lodp.ico",
            "from": 1458301382261
        },
        {
            "id": 1458301497053,
            "text": "WellBe Bracelet + App To Manage Your Stress - Cool Wearable",
            "url": "http://www.coolwearable.com/wellbe-bracelet/",
            "type": "link",
            "time": "2016-03-18T11:44:57.053Z",
            "endTime": 1458301497054,
            "from": 1458301372020,
            "seen": false
        },
        {
            "id": 1458301518109,
            "text": "Chic New Wearable Helps You Relieve Stress",
            "url": "http://www.tomsguide.com/us/caeden-sona-wearable-hands-on,news-21822.html",
            "type": "link",
            "time": "2016-03-18T11:45:18.109Z",
            "endTime": 1458301518110,
            "favIconUrl": "http://www.tomsguide.com/medias/favicon/favicon.ico?v=kPPAMMXoY2",
            "from": 1458301372020,
            "seen": false
        },
        {
            "id": 1458301523111,
            "text": "Measure stress, epileptic seizures, activity, sleep with ...",
            "url": "https://www.google.co.uk/webhp?sourceid=chrome-instant&ion=1&espv=2&ie=UTF-8#q=stress%20wearables",
            "type": "highlight",
            "time": "2016-03-18T11:45:23.111Z",
            "classId": "sm-1458301523108",
            "path": "/HTML[1]/BODY[1]/DIV[1]/DIV[6]/DIV[4]/DIV[7]/DIV[1]/DIV[3]/DIV[1]/DIV[2]/DIV[2]/DIV[1]/DIV[1]/DIV[1]/DIV[3]/DIV[3]/DIV[1]/H3[1]/A[1]/text()[1]|0|/HTML[1]/BODY[1]/DIV[1]/DIV[6]/DIV[4]/DIV[7]/DIV[1]/DIV[3]/DIV[1]/DIV[2]/DIV[2]/DIV[1]/DIV[1]/DIV[1]/DIV[3]/DIV[3]/DIV[1]/H3[1]/A[1]/text()[1]|60",
            "from": 1458301372020
        },
        {
            "id": 1458301560152,
            "text": "stress wearables",
            "url": "https://www.google.co.uk/webhp?sourceid=chrome-instant&ion=1&espv=2&ie=UTF-8#q=stress+wearables&start=10",
            "type": "search",
            "time": "2016-03-18T11:46:00.152Z",
            "endTime": "2016-03-18T11:52:19.088Z",
            "favIconUrl": "https://www.google.co.uk/images/branding/product/ico/googleg_lodp.ico",
            "image": "1458301560152.png",
            "from": 1458301372020,
            "seen": true
        },
        {
            "id": 1458301574678,
            "text": "Amazon.com: Spire Wearable for Mind & Body, for iOS",
            "url": "http://www.amazon.com/Spire-Wearable-Mind-Body-iOS/dp/B00TH3SQOI",
            "type": "link",
            "time": "2016-03-18T11:46:14.678Z",
            "endTime": "2016-03-18T11:49:47.971Z",
            "favIconUrl": "http://www.amazon.com/favicon.ico",
            "image": "1458301574678.png",
            "from": 1458301457521,
            "seen": true
        },
        {
            "id": 1458301577950,
            "text": "stress wearables",
            "url": "https://www.google.co.uk/search?q=stress+wearables&espv=2&biw=711&bih=736&site=webhp&source=lnms&tbm=isch&sa=X&ved=0ahUKEwjW2OualMrLAhWHYQ4KHRaxDlkQ_AUICCgD&dpr=0.9",
            "type": "revisit",
            "time": "2016-03-18T11:46:17.950Z",
            "endTime": "2016-03-18T11:46:20.876Z",
            "favIconUrl": "https://www.google.co.uk/images/branding/product/ico/googleg_lodp.ico",
            "from": 1458301372020
        },
        {
            "id": 1458301580985,
            "text": "stress wearables",
            "url": "https://www.google.co.uk/search?q=stress+wearables&espv=2&biw=711&bih=736&site=webhp&source=lnms&tbm=isch&sa=X&ved=0ahUKEwjW2OualMrLAhWHYQ4KHRaxDlkQ_AUICCgD&dpr=0.9#imgrc=baUS_9eCRoTvXM%3A",
            "type": "search",
            "time": "2016-03-18T11:46:20.985Z",
            "endTime": "2016-03-18T11:46:27.453Z",
            "favIconUrl": "https://www.google.co.uk/images/branding/product/ico/googleg_lodp.ico",
            "image": "1458301580985.png",
            "from": 1458301450663,
            "seen": true
        },
        {
            "id": 1458301587746,
            "text": "_78482180_pipleaflet.jpg (624×351)",
            "url": "http://ichef.bbci.co.uk/news/624/media/images/78482000/jpg/_78482180_pipleaflet.jpg",
            "type": "link",
            "time": "2016-03-18T11:46:27.746Z",
            "endTime": 1458301587747,
            "favIconUrl": "http://ichef.bbci.co.uk/favicon.ico",
            "image": "1458301587746.png",
            "from": 1458301580985,
            "seen": true
        },
        {
            "id": 1458301588004,
            "text": "_78482180_pipleaflet.jpg (624×351)",
            "url": "http://ichef.bbci.co.uk/news/624/media/images/78482000/jpg/_78482180_pipleaflet.jpg",
            "type": "revisit",
            "time": "2016-03-18T11:46:28.004Z",
            "endTime": "2016-03-18T11:46:36.387Z",
            "favIconUrl": "http://ichef.bbci.co.uk/favicon.ico",
            "from": 1458301580985
        },
        {
            "id": 1458301587746,
            "type": "save-image",
            "value": "http://ichef.bbci.co.uk/news/624/media/images/78482000/jpg/_78482180_pipleaflet.jpg"
        },
        {
            "id": 1458301597189,
            "text": "Google Image Result for http://www.iphoneness.com/wp-content/uploads/2014/10/02/olive.png",
            "url": "https://www.google.co.uk/imgres?imgurl=http%3A%2F%2Fwww.iphoneness.com%2Fwp-content%2Fuploads%2F2014%2F10%2F02%2Folive.png&imgrefurl=http%3A%2F%2Fwww.iphoneness.com%2Fcool-finds%2Folive-wearable%2F&docid=bMYYobjuJivroM&tbnid=UvAA65RW-V8-EM%3A&w=562&h=329&ei=B-rrVtWEMsX8PIKrtLgK",
            "type": "revisit",
            "time": "2016-03-18T11:46:37.189Z",
            "endTime": "2016-03-18T11:46:38.387Z",
            "favIconUrl": "https://www.google.co.uk/favicon.ico",
            "from": 1458301450663
        },
        {
            "id": 1458301598764,
            "text": "stress wearables",
            "url": "https://www.google.co.uk/search?q=stress+wearables&espv=2&biw=711&bih=736&site=webhp&source=lnms&tbm=isch&sa=X&ved=0ahUKEwjW2OualMrLAhWHYQ4KHRaxDlkQ_AUICCgD&dpr=0.9#imgrc=baUS_9eCRoTvXM%3A",
            "type": "revisit",
            "time": "2016-03-18T11:46:38.764Z",
            "endTime": "2016-03-18T11:46:41.387Z",
            "favIconUrl": "https://www.google.co.uk/images/branding/product/ico/googleg_lodp.ico",
            "from": 1458301450663
        },
        {
            "id": 1458301602164,
            "text": "stress wearables",
            "url": "https://www.google.co.uk/search?q=stress+wearables&espv=2&biw=711&bih=736&site=webhp&source=lnms&tbm=isch&sa=X&ved=0ahUKEwjW2OualMrLAhWHYQ4KHRaxDlkQ_AUICCgD&dpr=0.9#imgrc=kPvd11OcSKxXHM%3A",
            "type": "search",
            "time": "2016-03-18T11:46:42.164Z",
            "endTime": "2016-03-18T11:46:45.392Z",
            "favIconUrl": "https://www.google.co.uk/images/branding/product/ico/googleg_lodp.ico",
            "image": "1458301602164.png",
            "from": 1458301580985,
            "seen": true
        },
        {
            "id": 1458301611134,
            "text": "Can Wearable Tech Measure Our Stress And Calm Us Down? | Co.Exist | ideas + impact",
            "url": "http://www.fastcoexist.com/3046996/can-wearable-tech-measure-our-stress-and-calm-us-down-no-ones-cracked-the-code-yet",
            "type": "link",
            "time": "2016-03-18T11:46:51.134Z",
            "endTime": "2016-03-18T11:47:20.386Z",
            "favIconUrl": "http://www.fastcoexist.com/favicon.ico",
            "image": "1458301611134.png",
            "from": 1458301602164,
            "seen": true
        },
        {
            "id": 1458301611134,
            "type": "save-image",
            "value": "http://a.fastcompany.net/multisite_files/fastcompany/imagecache/inline-large/inline/2015/06/3046996-inline-i-2-this-wearable-tries-to-track-whats-stressing-you-out-and-then-te-copy.jpg"
        },
        {
            "id": 1458301626707,
            "text": "   \nADELE PETERS 06.05.15 7:00 AM\nPart of the premise behind a new wearable called WellBe is pretty depressing: Many of us are so continuously stressed out—or so disconnected from our feelings—that we can't actually tell which parts of our day are making us most anxious.\n\nSo the WellBe, now on Indiegogo, was designed to make those feelings a little more obvious. In theory, if you slap on the new wristband and sync it up with your calendar, it will tell you who and what is stressing you out most each day. Then it gives a series of simple meditations and exercises to help you better deal with those situations.\n\n\n\"We believe that when you know the triggers and have the solution, this is how you really reduce stress,\" says Doron Libshtein, chairman and co-founder of WellBe.\n\nOne problem, however, is that it's not yet clear that the wearable can accurately measure stress. The WellBe is designed to track heart rate variability, which can correlate with how upset you are, and it uses a custom algorithm to analyze changes in heart rhythm. But heart rate variability is notoriously difficult to measure—especially through a gadget like a simple wristband.\n\n\"If you're off by milliseconds then that's problematic,\" says Erica Simon, a researcher in respiratory psychophysiology at the National Center for PTSD. \"It can really be thrown off by things like movement.\"\n\nThe WellBe only works when someone is sitting down, as an attempt to improve accuracy. (That in itself is a drawback—as someone who walks and bikes, I'm pretty sure some of the most stressful parts of my day are when I'm trying to avoid being run over by cars). But even small movements can ruin data.\n\n\n\"Movement isn't just somebody walking,\" says Simon. \"Movement means I moved my wrist because I'm typing, or I went to take a drink from my coffee, or I'm talking on my phone...even gesturing. Any of those things can completely reduce the accuracy.\"\n\nADVERTISEMENT\n\nAn algorithm that works for one person might not work for another, she adds. And even if the device can accurately track heart rate variability, that doesn't automatically mean that it knows how you feel—someone who's excited and happy, for example, might have similar patterns to someone who's freaking out about a missed deadline.",
            "url": "http://www.fastcoexist.com/3046996/can-wearable-tech-measure-our-stress-and-calm-us-down-no-ones-cracked-the-code-yet",
            "type": "highlight",
            "time": "2016-03-18T11:47:06.707Z",
            "classId": "sm-1458301626677",
            "path": "/HTML[1]/BODY[1]/DIV[3]/DIV[5]/ARTICLE[1]/DIV[1]/DIV[1]/DIV[1]/DIV[1]/UL[1]/text()[2]|0|/HTML[1]/BODY[1]/DIV[3]/DIV[5]/ARTICLE[1]/DIV[1]/DIV[1]/P[9]/text()[1]|332",
            "from": 1458301611134
        },
        {
            "id": 1458301637403,
            "text": "\"It's really tough to use heart rate variability as a measure of stress, because you can't really disentangle the different emotions,\" says Simon. It's also not the case that people are typically either \"stressed\" or \"relaxed\"—instead, our bodies are usually in complex state of both at the same time, making stress even harder to measure.",
            "url": "http://www.fastcoexist.com/3046996/can-wearable-tech-measure-our-stress-and-calm-us-down-no-ones-cracked-the-code-yet",
            "type": "highlight",
            "time": "2016-03-18T11:47:17.403Z",
            "classId": "sm-1458301637392",
            "path": "/HTML[1]/BODY[1]/DIV[3]/DIV[5]/ARTICLE[1]/DIV[1]/DIV[1]/P[10]/text()[1]|0|/HTML[1]/BODY[1]/DIV[3]/DIV[5]/ARTICLE[1]/DIV[1]/DIV[1]/P[10]/text()[1]|339",
            "from": 1458301611134
        },
        {
            "id": 1458301641225,
            "text": "stress wearables",
            "url": "https://www.google.co.uk/search?q=stress+wearables&espv=2&biw=711&bih=736&site=webhp&source=lnms&tbm=isch&sa=X&ved=0ahUKEwjW2OualMrLAhWHYQ4KHRaxDlkQ_AUICCgD&dpr=0.9#imgrc=kPvd11OcSKxXHM%3A",
            "type": "revisit",
            "time": "2016-03-18T11:47:21.225Z",
            "endTime": "2016-03-18T11:47:30.388Z",
            "favIconUrl": "https://www.google.co.uk/images/branding/product/ico/googleg_lodp.ico",
            "from": 1458301580985
        },
        {
            "id": 1458301650890,
            "text": "stress wearables",
            "url": "https://www.google.co.uk/search?q=stress+wearables&espv=2&biw=711&bih=736&site=webhp&source=lnms&tbm=isch&sa=X&ved=0ahUKEwjW2OualMrLAhWHYQ4KHRaxDlkQ_AUICCgD&dpr=0.9#imgrc=ETKL_zX9NYibuM%3A",
            "type": "search",
            "time": "2016-03-18T11:47:30.890Z",
            "endTime": "2016-03-18T11:47:34.444Z",
            "favIconUrl": "https://www.google.co.uk/images/branding/product/ico/googleg_lodp.ico",
            "image": "1458301650890.png",
            "from": 1458301602164,
            "seen": true
        },
        {
            "id": 1458301659347,
            "text": "Wearable Stress Patch — Maren Skyrudsmoen",
            "url": "http://www.marensky.com/wearable-stress-patch/",
            "type": "link",
            "time": "2016-03-18T11:47:39.347Z",
            "endTime": "2016-03-18T12:01:46.951Z",
            "favIconUrl": "http://www.marensky.com/favicon.ico",
            "image": "1458301659347.png",
            "from": 1458301650890,
            "seen": true
        },
        {
            "type": "collection-zoom-out",
            "time": "2016-03-18T11:48:05.430Z"
        },
        {
            "type": "collection-zoom-out",
            "time": "2016-03-18T11:48:05.800Z"
        },
        {
            "type": "collection-zoom-out",
            "time": "2016-03-18T11:48:06.142Z"
        },
        {
            "type": "collection-zoom-in",
            "time": "2016-03-18T11:48:08.447Z"
        },
        {
            "id": 1458301611134,
            "type": "click-node",
            "time": "2016-03-18T11:48:12.298Z"
        },
        {
            "id": 1458301611134,
            "type": "click-node",
            "time": "2016-03-18T11:48:12.315Z"
        },
        {
            "id": 1458301692506,
            "text": "Can Wearable Tech Measure Our Stress And Calm Us Down? | Co.Exist | ideas + impact",
            "url": "http://www.fastcoexist.com/3046996/can-wearable-tech-measure-our-stress-and-calm-us-down-no-ones-cracked-the-code-yet",
            "type": "revisit",
            "time": "2016-03-18T11:48:12.506Z",
            "endTime": "2016-03-18T11:49:06.972Z",
            "favIconUrl": "http://www.fastcoexist.com/favicon.ico",
            "from": 1458301602164
        },
        {
            "type": "collection-zoom-in",
            "time": "2016-03-18T11:48:21.494Z"
        },
        {
            "id": 1458301611134,
            "type": "click-node",
            "time": "2016-03-18T11:48:42.168Z"
        },
        {
            "id": 1458301611134,
            "type": "minimize-node",
            "time": "2016-03-18T11:48:46.154Z"
        },
        {
            "id": 1458301611134,
            "type": "restore-node",
            "time": "2016-03-18T11:48:50.662Z"
        },
        {
            "id": 1458301587746,
            "type": "minimize-node",
            "time": "2016-03-18T11:48:55.266Z"
        },
        {
            "id": 1458301747191,
            "text": "stress wearables",
            "url": "https://www.google.co.uk/search?q=stress+wearables&espv=2&biw=711&bih=736&site=webhp&source=lnms&tbm=isch&sa=X&ved=0ahUKEwjW2OualMrLAhWHYQ4KHRaxDlkQ_AUICCgD&dpr=0.9#imgrc=ETKL_zX9NYibuM%3A",
            "type": "revisit",
            "time": "2016-03-18T11:49:07.191Z",
            "endTime": "2016-03-18T11:49:22.971Z",
            "favIconUrl": "https://www.google.co.uk/images/branding/product/ico/googleg_lodp.ico",
            "from": 1458301602164
        },
        {
            "id": 1458301763728,
            "text": "stress wearables",
            "url": "https://www.google.co.uk/search?q=stress+wearables&espv=2&biw=711&bih=736&site=webhp&source=lnms&tbm=isch&sa=X&ved=0ahUKEwjW2OualMrLAhWHYQ4KHRaxDlkQ_AUICCgD&dpr=0.9#imgrc=VVjD15gc39bQRM%3A",
            "type": "search",
            "time": "2016-03-18T11:49:23.728Z",
            "endTime": "2016-03-18T11:58:09.961Z",
            "favIconUrl": "https://www.google.co.uk/images/branding/product/ico/googleg_lodp.ico",
            "image": "1458301763728.png",
            "from": 1458301650890,
            "seen": true
        },
        {
            "id": 1458301770312,
            "text": "Wearables 2.0 — TELEMEDICINE",
            "url": "http://www.telemedmag.com/content-pages/2015/12/9/wearables-20",
            "type": "link",
            "time": "2016-03-18T11:49:30.312Z",
            "endTime": "2016-03-18T11:56:31.959Z",
            "image": "1458301770312.png",
            "from": 1458301763728,
            "seen": true
        },
        {
            "id": 1458301770312,
            "type": "save-image",
            "value": "http://static1.squarespace.com/static/54e29c18e4b0f4c3cc089895/t/5678715fb204d568adf56f0d/1450733920954/?format=500w"
        },
        {
            "type": "collection-zoom-out",
            "time": "2016-03-18T11:49:41.543Z"
        },
        {
            "id": 1458301798791,
            "text": "measuring stress with technology",
            "url": "https://www.google.co.uk/webhp?sourceid=chrome-instant&ion=1&espv=2&ie=UTF-8#q=measuring%20stress%20with%20technology",
            "type": "search",
            "time": "2016-03-18T11:49:58.791Z",
            "endTime": "2016-03-18T11:50:10.047Z",
            "favIconUrl": "https://www.google.co.uk/images/branding/product/ico/googleg_lodp.ico",
            "image": "1458301798791.png",
            "seen": true
        },
        {
            "id": 1458301810888,
            "text": "Wrist Sensor Tells You How Stressed Out You Are",
            "url": "https://www.technologyreview.com/s/508716/wrist-sensor-tells-you-how-stressed-out-you-are/",
            "type": "link",
            "time": "2016-03-18T11:50:10.888Z",
            "endTime": "2016-03-18T11:54:02.987Z",
            "favIconUrl": "https://www.technologyreview.com/favicon.ico",
            "image": "1458301810888.png",
            "from": 1458301798791,
            "seen": true
        },
        {
            "id": 1458301813296,
            "text": "scholar.google.co.uk/scholar_url?url=http://kungfu.psy.cmu.edu/~scohen/Cohen,%2520S%2520et%2520al%2520(1995).pdf&hl=en&sa=X&scisig=AAGBfm1OZKii-wBXo67oxqDL6r8Zg0OzIw&nossl=1&oi=scholarr&ved=0ahUKEwjeh_rElcrLAhXC7g4KHeMjDX4QgAMIGygAMAA",
            "url": "http://scholar.google.co.uk/scholar_url?url=http://kungfu.psy.cmu.edu/~scohen/Cohen,%2520S%2520et%2520al%2520(1995).pdf&hl=en&sa=X&scisig=AAGBfm1OZKii-wBXo67oxqDL6r8Zg0OzIw&nossl=1&oi=scholarr&ved=0ahUKEwjeh_rElcrLAhXC7g4KHeMjDX4QgAMIGygAMAA",
            "type": "link",
            "time": "2016-03-18T11:50:13.296Z",
            "endTime": 1458301813297,
            "from": 1458301798791,
            "seen": true
        },
        {
            "id": 1458301814410,
            "text": "kungfu.psy.cmu.edu/~scohen/Cohen, S et al (1995).pdf",
            "url": "http://kungfu.psy.cmu.edu/~scohen/Cohen,%20S%20et%20al%20(1995).pdf",
            "type": "link",
            "time": "2016-03-18T11:50:14.410Z",
            "endTime": "2016-03-18T11:50:24.973Z",
            "image": "1458301814410.png",
            "from": 1458301798791,
            "seen": true
        },
        {
            "id": 1458301848032,
            "text": "The challenge is teasing out exactly which physiological changes are linked to stressful events. Researchers also must filter out noise, such as perspiration from exercise or excitement from watching a favorite sports team. Some improvements will come from self-learning algorithms.",
            "url": "https://www.technologyreview.com/s/508716/wrist-sensor-tells-you-how-stressed-out-you-are/",
            "type": "highlight",
            "time": "2016-03-18T11:50:48.032Z",
            "classId": "sm-1458301848029",
            "path": "/HTML[1]/BODY[1]/MAIN[1]/SECTION[1]/ARTICLE[1]/DIV[1]/DIV[3]/P[5]/text()[1]|0|/HTML[1]/BODY[1]/MAIN[1]/SECTION[1]/ARTICLE[1]/DIV[1]/DIV[3]/P[5]/text()[1]|282",
            "from": 1458301810888
        },
        {
            "id": 1458301852318,
            "text": "Amazon.com: Spire Wearable for Mind & Body, for iOS",
            "url": "http://www.amazon.com/Spire-Wearable-Mind-Body-iOS/dp/B00TH3SQOI",
            "type": "revisit",
            "time": "2016-03-18T11:50:52.318Z",
            "endTime": "2016-03-18T11:50:58.971Z",
            "favIconUrl": "http://www.amazon.com/favicon.ico",
            "from": 1458301457521
        },
        {
            "id": 1458301860109,
            "text": "What Can Stress Monitors Measure? - Wearable Tech: 3 Things You Can Learn from a Stress Monitor - Men's Fitness",
            "url": "http://www.mensfitness.com/life/entertainment/wearable-tech-3-things-you-can-learn-stress-monitor",
            "type": "revisit",
            "time": "2016-03-18T11:51:00.109Z",
            "endTime": "2016-03-18T11:51:02.243Z",
            "favIconUrl": "http://cdn-mf1.heartyhosting.com/sites/mensfitness.com/themes/mensfitness/favicon.ico",
            "from": 1458301372020
        },
        {
            "id": 1458301863186,
            "text": "Being | Activity, Heart Rate, Stress & Fitness Watch | Zensorium",
            "url": "https://www.zensorium.com/being#introduction",
            "type": "link",
            "time": "2016-03-18T11:51:03.186Z",
            "endTime": "2016-03-18T11:51:03.703Z",
            "favIconUrl": "https://www.zensorium.com/skin/frontend/base/default/favicon.ico",
            "from": 1458301382261,
            "seen": true
        },
        {
            "id": 1458301864472,
            "text": "Being | Activity, Heart Rate, Stress & Fitness Watch | Zensorium",
            "url": "https://www.zensorium.com/being#benefits",
            "type": "link",
            "time": "2016-03-18T11:51:04.472Z",
            "endTime": 1458301864473,
            "favIconUrl": "https://www.zensorium.com/skin/frontend/base/default/favicon.ico",
            "from": 1458301382261,
            "seen": true
        },
        {
            "id": 1458301865421,
            "text": "Being | Activity, Heart Rate, Stress & Fitness Watch | Zensorium",
            "url": "https://www.zensorium.com/being#features",
            "type": "link",
            "time": "2016-03-18T11:51:05.421Z",
            "endTime": "2016-03-18T11:51:11.969Z",
            "favIconUrl": "https://www.zensorium.com/skin/frontend/base/default/favicon.ico",
            "image": "1458301865421.png",
            "from": 1458301382261,
            "seen": true
        },
        {
            "id": 1458301872616,
            "text": "measuring stress with technology",
            "url": "https://www.google.co.uk/webhp?sourceid=chrome-instant&ion=1&espv=2&ie=UTF-8#q=measuring%20stress%20with%20technology",
            "type": "revisit",
            "time": "2016-03-18T11:51:12.616Z",
            "endTime": "2016-03-18T11:54:07.962Z",
            "favIconUrl": "https://www.google.co.uk/images/branding/product/ico/googleg_lodp.ico"
        },
        {
            "id": 1458301611134,
            "type": "click-node",
            "time": "2016-03-18T11:51:18.481Z"
        },
        {
            "id": 1458301611134,
            "type": "click-node",
            "time": "2016-03-18T11:51:18.604Z"
        },
        {
            "id": 1458301878752,
            "text": "Can Wearable Tech Measure Our Stress And Calm Us Down? | Co.Exist | ideas + impact",
            "url": "http://www.fastcoexist.com/3046996/can-wearable-tech-measure-our-stress-and-calm-us-down-no-ones-cracked-the-code-yet",
            "type": "revisit",
            "time": "2016-03-18T11:51:18.752Z",
            "endTime": "2016-03-18T11:51:49.970Z",
            "favIconUrl": "http://www.fastcoexist.com/favicon.ico",
            "from": 1458301602164
        },
        {
            "id": 1458301891702,
            "text": "kungfu.psy.cmu.edu/~scohen/Cohen, S et al (1995).pdf",
            "url": "http://kungfu.psy.cmu.edu/~scohen/Cohen,%20S%20et%20al%20(1995).pdf",
            "type": "revisit",
            "time": "2016-03-18T11:51:31.702Z",
            "endTime": "2016-03-18T11:54:01.969Z",
            "from": 1458301798791
        },
        {
            "id": 1458301814410,
            "type": "click-node",
            "time": "2016-03-18T11:51:41.145Z"
        },
        {
            "id": 1458301814410,
            "type": "favorite-node",
            "time": "2016-03-18T11:51:44.484Z"
        },
        {
            "id": 1458301931840,
            "text": "Measure stress, epileptic seizures, activity, sleep with Embrace",
            "url": "https://www.empatica.com/product-embrace",
            "type": "link",
            "time": "2016-03-18T11:52:11.840Z",
            "endTime": "2016-03-18T11:53:57.963Z",
            "favIconUrl": "https://static-content3.empatica.com/Yf1Bx/img/favicon.png",
            "from": 1458301372020,
            "seen": true
        },
        {
            "id": 1458301939740,
            "text": "stress wearables",
            "url": "https://www.google.co.uk/webhp?sourceid=chrome-instant&ion=1&espv=2&ie=UTF-8#q=stress+wearables&start=20",
            "type": "search",
            "time": "2016-03-18T11:52:19.740Z",
            "endTime": "2016-03-18T11:53:59.377Z",
            "favIconUrl": "https://www.google.co.uk/images/branding/product/ico/googleg_lodp.ico",
            "image": "1458301939740.png",
            "from": 1458301372020,
            "seen": true
        },
        {
            "id": 1458301954534,
            "text": "Wearable Technologies Helps You Chill | Wearable Technologies",
            "url": "https://www.wearable-technologies.com/2013/12/wearable-technologies-help-you-chill/",
            "type": "link",
            "time": "2016-03-18T11:52:34.534Z",
            "endTime": "2016-03-18T12:00:37.957Z",
            "favIconUrl": "https://www.wearable-technologies.com/favicon.ico",
            "seen": false
        },
        {
            "type": "collection-zoom-out",
            "time": "2016-03-18T11:53:21.496Z"
        },
        {
            "type": "collection-zoom-in",
            "time": "2016-03-18T11:53:23.462Z"
        },
        {
            "id": 1458301954534,
            "type": "click-node",
            "time": "2016-03-18T11:55:51.925Z"
        },
        {
            "id": 1458301770312,
            "type": "click-node",
            "time": "2016-03-18T11:56:27.808Z"
        },
        {
            "type": "collection-zoom-out",
            "time": "2016-03-18T11:56:54.687Z"
        },
        {
            "type": "collection-zoom-in",
            "time": "2016-03-18T11:56:57.654Z"
        },
        {
            "id": 1458301954534,
            "type": "click-node",
            "time": "2016-03-18T11:57:40.396Z"
        },
        {
            "id": 1458302268804,
            "text": "And then, there is the PIP device which was successfully funded on Kickstarter in July 2013 with a gamification centered approach. The idea is to manage stress by having a break and fun at the same time. The PIP biosensor is available for both iOS and Android and detects whether you are stressed or relaxing in real time. Held between the fingertips, the devices communicates the stress level wirelessly to an app running on a smartphone or tablet. An ever-expanding suite of gaming and entertainment apps is available to visualize and master stress in a fun and engaging way",
            "url": "https://www.wearable-technologies.com/2013/12/wearable-technologies-help-you-chill/",
            "type": "highlight",
            "time": "2016-03-18T11:57:48.804Z",
            "classId": "sm-1458302268796",
            "path": "/HTML[1]/BODY[1]/DIV[1]/DIV[2]/DIV[1]/DIV[1]/ARTICLE[1]/DIV[1]/P[8]/text()[1]|0|/HTML[1]/BODY[1]/DIV[1]/DIV[2]/DIV[1]/DIV[1]/ARTICLE[1]/DIV[1]/P[8]/text()[2]|550",
            "from": 1458301954534
        },
        {
            "id": 1458301954534,
            "type": "click-node",
            "time": "2016-03-18T11:57:55.172Z"
        },
        {
            "id": 1458301763728,
            "type": "click-node",
            "time": "2016-03-18T11:57:59.489Z"
        },
        {
            "id": 1458301763728,
            "type": "click-node",
            "time": "2016-03-18T11:57:59.697Z"
        },
        {
            "id": 1458301763728,
            "type": "click-node",
            "time": "2016-03-18T11:58:03.002Z"
        },
        {
            "id": 1458301763728,
            "type": "click-node",
            "time": "2016-03-18T11:58:03.708Z"
        },
        {
            "id": 1458301763728,
            "type": "click-node",
            "time": "2016-03-18T11:58:03.852Z"
        },
        {
            "id": 1458301763728,
            "type": "click-node",
            "time": "2016-03-18T11:58:05.854Z"
        },
        {
            "id": 1458301659347,
            "type": "save-image",
            "value": "http://static1.squarespace.com/static/531b136de4b0c205411dafa4/t/54342e6be4b0dbdd49ff15de/1412705937122/3lences.png?format=750w"
        },
        {
            "id": 1458302401988,
            "text": "The icing on the cake comes from the hand of a Taiwanese company that started its adventure through Kickstarter: Phyode, which leads us to our final, but certainly not last wristband we will see on the market, that is supposed to help us manage our stress levels. The W/Me band (with-me) works with a special sensor called Life Spectrum Analyzer (LSA). This sensor is responsible for detecting your body´s harmonic frequency. Combined with the accompanying app the LSA maps out your subconscious mental state, your agility score indicating how capable your body is to adjust to the changes in your environment. It also tells you your ANS age. If it is higher than your actual age, you can improve it with a series of breathing exercises that leave you in a relaxed state, thus improving your ANS ag",
            "url": "https://www.wearable-technologies.com/2013/12/wearable-technologies-help-you-chill/",
            "type": "highlight",
            "time": "2016-03-18T12:00:01.988Z",
            "classId": "sm-1458302401977",
            "path": "/HTML[1]/BODY[1]/DIV[1]/DIV[2]/DIV[1]/DIV[1]/ARTICLE[1]/DIV[1]/P[12]/text()[1]|0|/HTML[1]/BODY[1]/DIV[1]/DIV[2]/DIV[1]/DIV[1]/ARTICLE[1]/DIV[1]/P[12]/text()[2]|679",
            "from": 1458301954534
        },
        {
            "id": 1458301659347,
            "type": "click-node",
            "time": "2016-03-18T12:00:38.795Z"
        },
        {
            "id": 1458301659347,
            "type": "click-node",
            "time": "2016-03-18T12:00:39.970Z"
        },
        {
            "id": 1458301650890,
            "type": "curate-node",
            "time": "2016-03-18T12:00:52.703Z",
            "trp": {
                "width": 151,
                "height": 145.0625,
                "x": 0,
                "y": 0
            }
        },
        {
            "id": 1458301650890,
            "type": "click-node",
            "time": "2016-03-18T12:01:03.323Z"
        },
        {
            "id": 1458301659347,
            "type": "click-node",
            "time": "2016-03-18T12:01:04.691Z"
        },
        {
            "id": 1458301659347,
            "type": "click-node",
            "time": "2016-03-18T12:01:04.711Z"
        },
        {
            "id": 1458301659347,
            "type": "curate-node",
            "time": "2016-03-18T12:01:12.421Z",
            "trp": {
                "width": 151,
                "height": 145.0625,
                "x": 0,
                "y": 165.0625
            }
        },
        {
            "id": 1458301814410,
            "type": "curate-node",
            "time": "2016-03-18T12:01:18.911Z",
            "trp": {
                "width": 151,
                "height": 111.3125,
                "x": 0,
                "y": 330.125
            }
        },
        {
            "id": 1458301814410,
            "type": "move-node",
            "time": "2016-03-18T12:01:21.303Z",
            "trp": {
                "width": 151,
                "height": 111.3125,
                "x": 299,
                "y": 313.125
            }
        },
        {
            "id": 1458301814410,
            "type": "move-node",
            "time": "2016-03-18T12:01:22.584Z",
            "trp": {
                "width": 151,
                "height": 111.3125,
                "x": 214,
                "y": 432.125
            }
        },
        {
            "id": 1458301659347,
            "type": "move-node",
            "time": "2016-03-18T12:01:27.007Z",
            "trp": {
                "width": 151,
                "height": 145.0625,
                "x": 243,
                "y": -1.9375
            }
        },
        {
            "id": 1458301814410,
            "type": "move-node",
            "time": "2016-03-18T12:01:29.399Z",
            "trp": {
                "width": 151,
                "height": 111.3125,
                "x": 234,
                "y": 204.125
            }
        },
        {
            "id": 1458301650890,
            "type": "move-node",
            "time": "2016-03-18T12:01:31.769Z",
            "trp": {
                "width": 151,
                "height": 145.0625,
                "x": -1,
                "y": 0
            }
        },
        {
            "type": "add-link",
            "time": "2016-03-18T12:01:35.077Z",
            "sourceId": 1458301814410,
            "targetId": 1458301650890
        },
        {
            "id": 1458302578342,
            "text": "stress wearables",
            "url": "https://www.google.co.uk/search?q=stress+wearables&espv=2&biw=711&bih=736&site=webhp&source=lnms&tbm=isch&sa=X&ved=0ahUKEwjW2OualMrLAhWHYQ4KHRaxDlkQ_AUICCgD&dpr=0.9#imgrc=ETKL_zX9NYibuM%3A",
            "type": "revisit",
            "time": "2016-03-18T12:02:58.342Z",
            "endTime": 1458302578343,
            "favIconUrl": "https://www.google.co.uk/images/branding/product/ico/googleg_lodp.ico",
            "from": 1458301954534
        },
        {
            "id": 1458302586425,
            "text": "Used Volkswagen Polo Used Cars for Sale on Auto Trader",
            "url": "http://www.autotrader.co.uk/used-cars/volkswagen/polo?expired-ad=true&atcidi=exp",
            "type": "type",
            "time": "2016-03-18T12:03:06.425Z",
            "endTime": "2016-03-18T12:14:29.933Z",
            "favIconUrl": "http://www.autotrader.co.uk/favicon.ico",
            "image": "1458302586425.png",
            "seen": true
        },
        {
            "id": 1458302593265,
            "text": "stress wearables",
            "url": "https://www.google.co.uk/search?q=stress+wearables&espv=2&biw=711&bih=736&site=webhp&source=lnms&tbm=isch&sa=X&ved=0ahUKEwjW2OualMrLAhWHYQ4KHRaxDlkQ_AUICCgD&dpr=0.9#imgrc=ETKL_zX9NYibuM%3A",
            "type": "revisit",
            "time": "2016-03-18T12:03:13.265Z",
            "endTime": "2016-03-18T12:03:26.951Z",
            "favIconUrl": "https://www.google.co.uk/images/branding/product/ico/googleg_lodp.ico",
            "from": 1458301954534
        },
        {
            "id": 1458302607228,
            "text": "stress wearables",
            "url": "https://www.google.co.uk/search?q=stress+wearables&espv=2&biw=711&bih=736&site=webhp&source=lnms&tbm=isch&sa=X&ved=0ahUKEwjW2OualMrLAhWHYQ4KHRaxDlkQ_AUICCgD&dpr=0.9#imgrc=EeVb9OngLXOPgM%3A",
            "type": "search",
            "time": "2016-03-18T12:03:27.228Z",
            "endTime": "2016-03-18T12:03:52.948Z",
            "favIconUrl": "https://www.google.co.uk/images/branding/product/ico/googleg_lodp.ico",
            "image": "1458302607228.png",
            "from": 1458301650890,
            "seen": true
        },
        {
            "id": 1458302607228,
            "type": "save-image",
            "value": "https://encrypted-tbn3.gstatic.com/images?q=tbn:ANd9GcSBYjVclhj2CzgbqgNM_1b_rHJ8bQ_T_JIbI2WSLd6MF3aiaBpMVA"
        },
        {
            "id": 1458302633556,
            "text": "stress wearables",
            "url": "https://www.google.co.uk/search?q=stress+wearables&espv=2&biw=711&bih=736&site=webhp&source=lnms&tbm=isch&sa=X&ved=0ahUKEwjW2OualMrLAhWHYQ4KHRaxDlkQ_AUICCgD&dpr=0.9#imgrc=i22vocdnj5ptMM%3A",
            "type": "search",
            "time": "2016-03-18T12:03:53.556Z",
            "endTime": "2016-03-18T12:06:28.945Z",
            "favIconUrl": "https://www.google.co.uk/images/branding/product/ico/googleg_lodp.ico",
            "image": "1458302633556.png",
            "from": 1458302607228,
            "seen": true
        },
        {
            "id": 1458302633556,
            "type": "save-image",
            "value": "https://s-media-cache-ak0.pinimg.com/736x/09/d9/3b/09d93beb39dd7c3b0e47eb7a43a78ae0.jpg"
        },
        {
            "id": 1458302707245,
            "text": "stress wearables",
            "url": "https://www.google.co.uk/search?q=stress+wearables&espv=2&biw=711&bih=736&site=webhp&source=lnms&tbm=isch&sa=X&ved=0ahUKEwjW2OualMrLAhWHYQ4KHRaxDlkQ_AUICCgD&dpr=0.9#imgrc=JbHmji_RmIN1bM%3A",
            "type": "search",
            "time": "2016-03-18T12:05:07.245Z",
            "endTime": "2016-03-18T12:05:10.692Z",
            "favIconUrl": "https://www.google.co.uk/images/branding/product/ico/googleg_lodp.ico",
            "image": "1458302707245.png",
            "from": 1458302633556,
            "seen": true
        },
        {
            "type": "collection-zoom-out",
            "time": "2016-03-18T12:05:15.763Z"
        },
        {
            "id": 1458302633556,
            "type": "click-node",
            "time": "2016-03-18T12:05:22.147Z"
        },
        {
            "id": 1458302726944,
            "text": "Zenso Wearable Helps Reduce Your Stress - Cool Wearable",
            "url": "http://www.coolwearable.com/zenso-wearable/",
            "type": "link",
            "time": "2016-03-18T12:05:26.944Z",
            "endTime": 1458302726945,
            "from": 1458302707245,
            "seen": false
        },
        {
            "id": 1458302633556,
            "type": "curate-node",
            "time": "2016-03-18T12:05:32.658Z",
            "trp": {
                "width": 151,
                "height": 145.0625,
                "x": 0,
                "y": 335.4375
            }
        },
        {
            "id": 1458302633556,
            "type": "move-node",
            "time": "2016-03-18T12:05:35.326Z",
            "trp": {
                "width": 151,
                "height": 145.0625,
                "x": 486,
                "y": 62.4375
            }
        },
        {
            "id": 1458302633556,
            "type": "move-node",
            "time": "2016-03-18T12:05:36.960Z",
            "trp": {
                "width": 151,
                "height": 145.0625,
                "x": 542,
                "y": 73.4375
            }
        },
        {
            "id": 1458302633556,
            "type": "move-node",
            "time": "2016-03-18T12:05:39.251Z",
            "trp": {
                "width": 151,
                "height": 145.0625,
                "x": 469,
                "y": 85.4375
            }
        },
        {
            "id": 1458301659347,
            "type": "move-node",
            "time": "2016-03-18T12:05:41.062Z",
            "trp": {
                "width": 151,
                "height": 145.0625,
                "x": 243,
                "y": -1.9375
            }
        },
        {
            "id": 1458302633556,
            "type": "move-node",
            "time": "2016-03-18T12:05:41.700Z",
            "trp": {
                "width": 151,
                "height": 145.0625,
                "x": 469,
                "y": 85.4375
            }
        },
        {
            "id": 1458302633556,
            "type": "click-node",
            "time": "2016-03-18T12:05:41.703Z"
        },
        {
            "id": 1458302633556,
            "type": "move-node",
            "time": "2016-03-18T12:05:46.984Z",
            "trp": {
                "width": 151,
                "height": 145.0625,
                "x": 502,
                "y": 168.4375
            }
        },
        {
            "id": 1458302633556,
            "type": "move-node",
            "time": "2016-03-18T12:05:49.348Z",
            "trp": {
                "width": 151,
                "height": 145.0625,
                "x": 514,
                "y": 150.4375
            }
        },
        {
            "id": 1458302633556,
            "type": "move-node",
            "time": "2016-03-18T12:05:52.367Z",
            "trp": {
                "width": 151,
                "height": 145.0625,
                "x": 475,
                "y": 140.4375
            }
        },
        {
            "id": 1458302633556,
            "type": "move-node",
            "time": "2016-03-18T12:05:53.863Z",
            "trp": {
                "width": 151,
                "height": 145.0625,
                "x": 526,
                "y": 137.4375
            }
        },
        {
            "id": 1458302633556,
            "type": "move-node",
            "time": "2016-03-18T12:05:55.431Z",
            "trp": {
                "width": 151,
                "height": 145.0625,
                "x": 508,
                "y": 119.4375
            }
        },
        {
            "id": 1458302633556,
            "type": "move-node",
            "time": "2016-03-18T12:05:56.895Z",
            "trp": {
                "width": 151,
                "height": 145.0625,
                "x": 496,
                "y": 151.4375
            }
        },
        {
            "id": 1458302633556,
            "type": "move-node",
            "time": "2016-03-18T12:06:00.493Z",
            "trp": {
                "width": 151,
                "height": 145.0625,
                "x": 7,
                "y": 312.4375
            }
        },
        {
            "id": 1458301814410,
            "type": "move-node",
            "time": "2016-03-18T12:06:01.131Z",
            "trp": {
                "width": 151,
                "height": 111.3125,
                "x": 240,
                "y": 189.125
            }
        },
        {
            "id": 1458301814410,
            "type": "click-node",
            "time": "2016-03-18T12:06:01.137Z"
        },
        {
            "id": 1458302761321,
            "text": "kungfu.psy.cmu.edu/~scohen/Cohen, S et al (1995).pdf",
            "url": "http://kungfu.psy.cmu.edu/~scohen/Cohen,%20S%20et%20al%20(1995).pdf",
            "type": "revisit",
            "time": "2016-03-18T12:06:01.321Z",
            "endTime": "2016-03-18T12:06:08.948Z",
            "from": 1458301798791
        },
        {
            "id": 1458302633556,
            "type": "move-node",
            "time": "2016-03-18T12:06:04.398Z",
            "trp": {
                "width": 151,
                "height": 145.0625,
                "x": 502,
                "y": 93.4375
            }
        },
        {
            "id": 1458302633556,
            "type": "move-node",
            "time": "2016-03-18T12:06:18.481Z",
            "trp": {
                "width": 151,
                "height": 145.0625,
                "x": 506,
                "y": 89.4375
            }
        },
        {
            "id": 1458302633556,
            "type": "move-node",
            "time": "2016-03-18T12:06:20.495Z",
            "trp": {
                "width": 151,
                "height": 145.0625,
                "x": 502,
                "y": 93.4375
            }
        },
        {
            "id": 1458302633556,
            "type": "move-node",
            "time": "2016-03-18T12:06:21.751Z",
            "trp": {
                "width": 151,
                "height": 145.0625,
                "x": 502,
                "y": 93.4375
            }
        },
        {
            "id": 1458302633556,
            "type": "click-node",
            "time": "2016-03-18T12:06:21.753Z"
        },
        {
            "id": 1458302633556,
            "type": "move-node",
            "time": "2016-03-18T12:06:23.550Z",
            "trp": {
                "width": 151,
                "height": 145.0625,
                "x": 502,
                "y": 93.4375
            }
        },
        {
            "id": 1458302633556,
            "type": "remove-curation-node",
            "time": "2016-03-18T12:06:23.564Z"
        },
        {
            "id": 1458302800535,
            "text": "wearable stress histogram",
            "url": "https://www.google.co.uk/webhp?sourceid=chrome-instant&ion=1&espv=2&ie=UTF-8#q=wearable%20stress%20histogram",
            "type": "search",
            "time": "2016-03-18T12:06:40.535Z",
            "endTime": "2016-03-18T12:07:12.942Z",
            "favIconUrl": "https://www.google.co.uk/images/branding/product/ico/googleg_lodp.ico",
            "image": "1458302800535.png",
            "seen": true
        },
        {
            "type": "collection-zoom-in",
            "time": "2016-03-18T12:06:47.539Z"
        },
        {
            "id": 1458302800535,
            "type": "curate-node",
            "time": "2016-03-18T12:06:51.070Z",
            "trp": {
                "width": 151,
                "height": 145.0625,
                "x": 0,
                "y": 335.4375
            }
        },
        {
            "id": 1458302800535,
            "type": "move-node",
            "time": "2016-03-18T12:06:53.488Z",
            "trp": {
                "width": 151,
                "height": 145.0625,
                "x": 494,
                "y": 98.4375
            }
        },
        {
            "id": 1458302800535,
            "type": "move-node",
            "time": "2016-03-18T12:06:54.785Z",
            "trp": {
                "width": 151,
                "height": 145.0625,
                "x": 481,
                "y": 97.4375
            }
        },
        {
            "type": "add-link",
            "time": "2016-03-18T12:06:56.577Z",
            "sourceId": 1458302800535,
            "targetId": 1458301659347
        },
        {
            "id": 1458302846666,
            "text": "Olive : A Wearable to Manage Stress | Indiegogo",
            "url": "https://www.indiegogo.com/projects/olive-a-wearable-to-manage-stress#/",
            "type": "link",
            "time": "2016-03-18T12:07:26.666Z",
            "endTime": "2016-03-18T12:14:11.958Z",
            "favIconUrl": "https://g1.iggcdn.com/assets/favicon/favicon-32-4dfcba8dfbe628f9065885bcfd163ad0e7ff6629c72ec0efdd839c081bb5608e.png",
            "image": "1458302846666.png",
            "from": 1458302800535,
            "seen": true
        },
        {
            "id": 1458302894436,
            "text": "wearable to measure stress are they accurate",
            "url": "https://www.google.co.uk/webhp?sourceid=chrome-instant&ion=1&espv=2&ie=UTF-8#q=wearable%20to%20measure%20stress%20are%20they%20accurate",
            "type": "search",
            "time": "2016-03-18T12:08:14.436Z",
            "endTime": "2016-03-18T12:08:19.940Z",
            "favIconUrl": "https://www.google.co.uk/images/branding/product/ico/googleg_lodp.ico",
            "image": "1458302894436.png",
            "seen": true
        },
        {
            "id": 1458302894436,
            "type": "curate-node",
            "time": "2016-03-18T12:08:32.167Z",
            "trp": {
                "width": 151,
                "height": 111.3125,
                "x": 0,
                "y": 335.4375
            }
        },
        {
            "id": 1458302894436,
            "type": "move-node",
            "time": "2016-03-18T12:08:36.544Z",
            "trp": {
                "width": 151,
                "height": 111.3125,
                "x": 4,
                "y": 480.4375
            }
        },
        {
            "id": 1458302894436,
            "type": "move-node",
            "time": "2016-03-18T12:08:40.561Z",
            "trp": {
                "width": 151,
                "height": 111.3125,
                "x": 3,
                "y": 467.4375
            }
        },
        {
            "id": 1458302894436,
            "type": "move-node",
            "time": "2016-03-18T12:08:45.202Z",
            "trp": {
                "width": 151,
                "height": 111.3125,
                "x": -2,
                "y": 454.4375
            }
        },
        {
            "id": 1458302894436,
            "type": "move-node",
            "time": "2016-03-18T12:08:47.072Z",
            "trp": {
                "width": 151,
                "height": 111.3125,
                "x": -2,
                "y": 454.4375
            }
        },
        {
            "id": 1458302894436,
            "type": "remove-curation-node",
            "time": "2016-03-18T12:08:47.118Z"
        },
        {
            "id": 1458302607228,
            "type": "curate-node",
            "time": "2016-03-18T12:08:53.445Z",
            "trp": {
                "width": 151,
                "height": 145.0625,
                "x": 0,
                "y": 335.4375
            }
        },
        {
            "id": 1458302607228,
            "type": "move-node",
            "time": "2016-03-18T12:08:57.623Z",
            "trp": {
                "width": 151,
                "height": 145.0625,
                "x": 16,
                "y": 353.4375
            }
        },
        {
            "type": "remove-link",
            "time": "2016-03-18T12:08:59.383Z",
            "sourceId": 1458301650890,
            "targetId": 1458302607228
        },
        {
            "id": 1458302607228,
            "type": "move-node",
            "time": "2016-03-18T12:09:01.834Z",
            "trp": {
                "width": 151,
                "height": 145.0625,
                "x": 18,
                "y": 366.4375
            }
        },
        {
            "id": 1458302607228,
            "type": "move-node",
            "time": "2016-03-18T12:09:05.583Z",
            "trp": {
                "width": 151,
                "height": 145.0625,
                "x": 0,
                "y": 350.4375
            }
        },
        {
            "id": 1458302607228,
            "type": "move-node",
            "time": "2016-03-18T12:09:11.107Z",
            "trp": {
                "width": 151,
                "height": 145.0625,
                "x": 26,
                "y": 287.4375
            }
        },
        {
            "id": 1458301814410,
            "type": "move-node",
            "time": "2016-03-18T12:09:17.189Z",
            "trp": {
                "width": 151,
                "height": 111.3125,
                "x": 248,
                "y": 173.125
            }
        },
        {
            "id": 1458302958447,
            "text": "New Trackers Claim to Measure Your Stress, But Do They Work?",
            "url": "http://www.livescience.com/49452-trackers-measure-stress-heart-rate-variability.html",
            "type": "link",
            "time": "2016-03-18T12:09:18.447Z",
            "endTime": "2016-03-18T12:09:31.941Z",
            "seen": true
        },
        {
            "id": 1458302607228,
            "type": "move-node",
            "time": "2016-03-18T12:09:21.357Z",
            "trp": {
                "width": 151,
                "height": 145.0625,
                "x": 15,
                "y": 397.4375
            }
        },
        {
            "id": 1458302607228,
            "type": "move-node",
            "time": "2016-03-18T12:09:23.734Z",
            "trp": {
                "width": 151,
                "height": 145.0625,
                "x": 27,
                "y": 299.4375
            }
        },
        {
            "id": 1458302975508,
            "text": "wearable to measure stress are they accurate",
            "url": "https://www.google.co.uk/webhp?sourceid=chrome-instant&ion=1&espv=2&ie=UTF-8#q=wearable%20to%20measure%20stress%20are%20they%20accurate",
            "type": "revisit",
            "time": "2016-03-18T12:09:35.508Z",
            "endTime": "2016-03-18T12:09:42.938Z",
            "favIconUrl": "https://www.google.co.uk/images/branding/product/ico/googleg_lodp.ico"
        },
        {
            "id": 1458302985011,
            "text": "The real world wrist-based heart rate monitor test: Are they accurate enough?",
            "url": "http://www.wareable.com/fitness-trackers/heart-rate-monitor-accurate-comparison-wrist",
            "type": "link",
            "time": "2016-03-18T12:09:45.011Z",
            "endTime": "2016-03-18T12:10:14.991Z",
            "favIconUrl": "http://www.wareable.com/favicon.ico",
            "image": "1458302985011.png",
            "from": 1458302958447,
            "seen": true
        },
        {
            "id": 1458302989917,
            "text": "WT | Wearable Technologies Show 2015 MEDICA Exhibitor Overview | Wearable Technologies",
            "url": "https://www.wearable-technologies.com/2015/10/exhibitors-wt-wearable-technologies-show-2015-medica-part-2-medical-wearable-devices-blending-perfectly-into-your-everyday-life/",
            "type": "link",
            "time": "2016-03-18T12:09:49.917Z",
            "endTime": "2016-03-18T12:12:27.934Z",
            "favIconUrl": "https://www.wearable-technologies.com/favicon.ico",
            "from": 1458302985011,
            "seen": true
        },
        {
            "id": 1458302985011,
            "type": "curate-node",
            "time": "2016-03-18T12:09:55.266Z",
            "trp": {
                "width": 151,
                "height": 111.3125,
                "x": 0,
                "y": 452.5
            }
        },
        {
            "id": 1458302985011,
            "type": "move-node",
            "time": "2016-03-18T12:10:00.437Z",
            "trp": {
                "width": 151,
                "height": 111.3125,
                "x": 206,
                "y": 407.5
            }
        },
        {
            "id": 1458301814410,
            "type": "move-node",
            "time": "2016-03-18T12:10:02.145Z",
            "trp": {
                "width": 151,
                "height": 111.3125,
                "x": 250,
                "y": 187.125
            }
        },
        {
            "id": 1458302985011,
            "type": "move-node",
            "time": "2016-03-18T12:10:03.895Z",
            "trp": {
                "width": 151,
                "height": 111.3125,
                "x": 312,
                "y": 359.5
            }
        },
        {
            "id": 1458302985011,
            "type": "move-node",
            "time": "2016-03-18T12:10:06.469Z",
            "trp": {
                "width": 151,
                "height": 111.3125,
                "x": 257,
                "y": 371.5
            }
        },
        {
            "id": 1458302985011,
            "type": "move-node",
            "time": "2016-03-18T12:10:12.888Z",
            "trp": {
                "width": 151,
                "height": 111.3125,
                "x": 444,
                "y": 357.8125
            }
        },
        {
            "id": 1458302607228,
            "type": "move-node",
            "time": "2016-03-18T12:10:14.239Z",
            "trp": {
                "width": 151,
                "height": 145.0625,
                "x": 27,
                "y": 299.4375
            }
        },
        {
            "id": 1458301814410,
            "type": "click-node",
            "time": "2016-03-18T12:10:15.730Z"
        },
        {
            "id": 1458303015912,
            "text": "kungfu.psy.cmu.edu/~scohen/Cohen, S et al (1995).pdf",
            "url": "http://kungfu.psy.cmu.edu/~scohen/Cohen,%20S%20et%20al%20(1995).pdf",
            "type": "revisit",
            "time": "2016-03-18T12:10:15.912Z",
            "endTime": "2016-03-18T12:12:30.852Z",
            "from": 1458301798791
        },
        {
            "id": 1458302985011,
            "type": "move-node",
            "time": "2016-03-18T12:10:19.328Z",
            "trp": {
                "width": 151,
                "height": 111.3125,
                "x": 363,
                "y": 390.5
            }
        },
        {
            "id": 1458302985011,
            "type": "move-node",
            "time": "2016-03-18T12:10:20.682Z",
            "trp": {
                "width": 151,
                "height": 111.3125,
                "x": 335,
                "y": 362.5
            }
        },
        {
            "id": 1458302985011,
            "type": "move-node",
            "time": "2016-03-18T12:10:22.789Z",
            "trp": {
                "width": 151,
                "height": 111.3125,
                "x": 335,
                "y": 362.5
            }
        },
        {
            "id": 1458302985011,
            "type": "remove-curation-node",
            "time": "2016-03-18T12:10:22.813Z"
        },
        {
            "id": 1458302985011,
            "type": "curate-node",
            "time": "2016-03-18T12:10:32.465Z",
            "trp": {
                "width": 151,
                "height": 111.3125,
                "x": 0,
                "y": 493.8125
            }
        },
        {
            "id": 1458302985011,
            "type": "move-node",
            "time": "2016-03-18T12:10:34.661Z",
            "trp": {
                "width": 151,
                "height": 111.3125,
                "x": 239,
                "y": 397.8125
            }
        },
        {
            "id": 1458302985011,
            "type": "move-node",
            "time": "2016-03-18T12:10:36.012Z",
            "trp": {
                "width": 151,
                "height": 111.3125,
                "x": 197,
                "y": 400.8125
            }
        },
        {
            "id": 1458301814410,
            "type": "move-node",
            "time": "2016-03-18T12:10:38.859Z",
            "trp": {
                "width": 151,
                "height": 111.3125,
                "x": 250,
                "y": 187.125
            }
        },
        {
            "id": 1458302985011,
            "type": "move-node",
            "time": "2016-03-18T12:10:40.424Z",
            "trp": {
                "width": 151,
                "height": 111.3125,
                "x": 200,
                "y": 393.8125
            }
        },
        {
            "id": 1458302985011,
            "type": "move-node",
            "time": "2016-03-18T12:10:42.758Z",
            "trp": {
                "width": 151,
                "height": 111.3125,
                "x": 247,
                "y": 373.8125
            }
        },
        {
            "id": 1458302985011,
            "type": "move-node",
            "time": "2016-03-18T12:10:44.270Z",
            "trp": {
                "width": 151,
                "height": 111.3125,
                "x": 265,
                "y": 363.8125
            }
        },
        {
            "id": 1458302985011,
            "type": "move-node",
            "time": "2016-03-18T12:10:45.718Z",
            "trp": {
                "width": 151,
                "height": 111.3125,
                "x": 304,
                "y": 362.8125
            }
        },
        {
            "id": 1458302985011,
            "type": "move-node",
            "time": "2016-03-18T12:10:46.846Z",
            "trp": {
                "width": 151,
                "height": 111.3125,
                "x": 505,
                "y": 338.8125
            }
        },
        {
            "id": 1458302985011,
            "type": "move-node",
            "time": "2016-03-18T12:10:48.254Z",
            "trp": {
                "width": 151,
                "height": 111.3125,
                "x": 512,
                "y": 361.8125
            }
        },
        {
            "id": 1458302989917,
            "type": "curate-node",
            "time": "2016-03-18T12:11:11.449Z",
            "trp": {
                "width": 151,
                "height": 28,
                "x": 54,
                "y": 523.125
            }
        },
        {
            "id": 1458302985011,
            "type": "move-node",
            "time": "2016-03-18T12:11:15.976Z",
            "trp": {
                "width": 151,
                "height": 111.3125,
                "x": 457,
                "y": 358.8125
            }
        },
        {
            "id": 1458302985011,
            "type": "move-node",
            "time": "2016-03-18T12:11:40.115Z",
            "trp": {
                "width": 151,
                "height": 111.3125,
                "x": 349,
                "y": 405.8125
            }
        },
        {
            "id": 1458302985011,
            "type": "click-node",
            "time": "2016-03-18T12:11:43.826Z"
        },
        {
            "id": 1458303104067,
            "text": "The real world wrist-based heart rate monitor test: Are they accurate enough?",
            "url": "http://www.wareable.com/fitness-trackers/heart-rate-monitor-accurate-comparison-wrist",
            "type": "revisit",
            "time": "2016-03-18T12:11:44.067Z",
            "endTime": "2016-03-18T12:12:04.943Z",
            "favIconUrl": "http://www.wareable.com/favicon.ico",
            "from": 1458302958447
        },
        {
            "type": "add-link",
            "time": "2016-03-18T12:11:50.528Z",
            "sourceId": 1458302985011,
            "targetId": 1458301814410
        },
        {
            "id": 1458302989917,
            "type": "move-node",
            "time": "2016-03-18T12:11:53.245Z",
            "trp": {
                "width": 151,
                "height": 28,
                "x": 83,
                "y": 495.125
            }
        },
        {
            "id": 1458302985011,
            "type": "move-node",
            "time": "2016-03-18T12:11:55.361Z",
            "trp": {
                "width": 151,
                "height": 111.3125,
                "x": 388,
                "y": 332.8125
            }
        },
        {
            "id": 1458302989917,
            "type": "move-node",
            "time": "2016-03-18T12:11:57.037Z",
            "trp": {
                "width": 151,
                "height": 28,
                "x": 95,
                "y": 529.125
            }
        },
        {
            "id": 1458302989917,
            "type": "move-node",
            "time": "2016-03-18T12:12:00.242Z",
            "trp": {
                "width": 151,
                "height": 26,
                "x": 54,
                "y": 523.125
            }
        },
        {
            "id": 1458302985011,
            "type": "move-node",
            "time": "2016-03-18T12:12:03.794Z",
            "trp": {
                "width": 151,
                "height": 111.3125,
                "x": 349,
                "y": 405.8125
            }
        },
        {
            "id": 1458302989917,
            "type": "click-node",
            "time": "2016-03-18T12:12:05.832Z"
        },
        {
            "id": 1458302800535,
            "type": "move-node",
            "time": "2016-03-18T12:12:11.379Z",
            "trp": {
                "width": 151,
                "height": 145.0625,
                "x": 481,
                "y": 97.4375
            }
        },
        {
            "id": 1458303148206,
            "text": "The real world wrist-based heart rate monitor test: Are they accurate enough?",
            "url": "http://www.wareable.com/fitness-trackers/heart-rate-monitor-accurate-comparison-wrist",
            "type": "revisit",
            "time": "2016-03-18T12:12:28.206Z",
            "endTime": 1458303148207,
            "favIconUrl": "http://www.wareable.com/favicon.ico",
            "from": 1458302958447
        },
        {
            "id": 1458303150398,
            "text": "wearable to measure stress are they accurate",
            "url": "https://www.google.co.uk/webhp?sourceid=chrome-instant&ion=1&espv=2&ie=UTF-8#q=wearable%20to%20measure%20stress%20are%20they%20accurate",
            "type": "revisit",
            "time": "2016-03-18T12:12:30.398Z",
            "endTime": 1458303150399,
            "favIconUrl": "https://www.google.co.uk/images/branding/product/ico/googleg_lodp.ico"
        },
        {
            "id": 1458303151067,
            "text": "kungfu.psy.cmu.edu/~scohen/Cohen, S et al (1995).pdf",
            "url": "http://kungfu.psy.cmu.edu/~scohen/Cohen,%20S%20et%20al%20(1995).pdf",
            "type": "revisit",
            "time": "2016-03-18T12:12:31.067Z",
            "endTime": "2016-03-18T12:12:50.933Z",
            "from": 1458301798791
        },
        {
            "id": 1458303176336,
            "text": "stress pdf documents",
            "url": "https://www.google.co.uk/webhp?sourceid=chrome-instant&ion=1&espv=2&ie=UTF-8#q=stress%20pdf%20documents",
            "type": "search",
            "time": "2016-03-18T12:12:56.336Z",
            "endTime": "2016-03-18T12:13:34.935Z",
            "favIconUrl": "https://www.google.co.uk/images/branding/product/ico/googleg_lodp.ico",
            "image": "1458303176336.png",
            "seen": true
        },
        {
            "id": 1458303180905,
            "text": "www.hse.gov.uk/pubns/indg430.pdf",
            "url": "http://www.hse.gov.uk/pubns/indg430.pdf",
            "type": "link",
            "time": "2016-03-18T12:13:00.905Z",
            "endTime": "2016-03-18T12:13:29.941Z",
            "favIconUrl": "http://www.hse.gov.uk/favicon.ico",
            "image": "1458303180905.png",
            "from": 1458303176336,
            "seen": true
        },
        {
            "id": 1458303218327,
            "text": "www.hsa.ie/eng/Publications_and_Forms/Publications/Occupational_Health/Work_Related_Stress_A_Guide_for_Employers.pdf",
            "url": "http://www.hsa.ie/eng/Publications_and_Forms/Publications/Occupational_Health/Work_Related_Stress_A_Guide_for_Employers.pdf",
            "type": "link",
            "time": "2016-03-18T12:13:38.327Z",
            "endTime": "2016-03-18T12:14:34.954Z",
            "image": "1458303218327.png",
            "from": 1458303176336,
            "seen": true
        },
        {
            "id": 1458302586425,
            "type": "click-node",
            "time": "2016-03-18T12:14:12.556Z"
        },
        {
            "id": 1458303270939,
            "text": "Olive : A Wearable to Manage Stress | Indiegogo",
            "url": "https://www.indiegogo.com/projects/olive-a-wearable-to-manage-stress#/",
            "type": "revisit",
            "time": "2016-03-18T12:14:30.939Z",
            "endTime": "2016-03-18T12:14:34.955Z",
            "favIconUrl": "https://g1.iggcdn.com/assets/favicon/favicon-32-4dfcba8dfbe628f9065885bcfd163ad0e7ff6629c72ec0efdd839c081bb5608e.png",
            "from": 1458302800535
        }
    ]
}